user_id,imdb_title_id,rating
user_1,tt0003471,6
user_1,tt0008100,6
user_1,tt0010323,8
user_1,tt0012349,8
user_1,tt0012675,7
user_1,tt0013442,7
user_1,tt0014702,7
user_1,tt0015202,6
user_1,tt0015324,7
user_1,tt0015864,7
user_1,tt0016220,9
user_1,tt0016332,8
user_1,tt0017136,8
user_1,tt0017416,7
user_1,tt0018455,7
user_1,tt0020640,5
user_1,tt0020656,8
user_1,tt0021749,10
user_1,tt0021884,6
user_1,tt0022100,8
user_1,tt0022183,8
user_1,tt0022286,8
user_1,tt0022641,6
user_1,tt0022698,6
user_1,tt0022755,6
user_1,tt0022775,7
user_1,tt0022913,8
user_1,tt0023049,9
user_1,tt0023427,8
user_1,tt0023622,6
user_1,tt0023969,9
user_1,tt0024184,7
user_1,tt0024216,9
user_1,tt0025316,8
user_1,tt0025907,7
user_1,tt0026029,7
user_1,tt0026138,7
user_1,tt0026174,9
user_1,tt0026246,7
user_1,tt0026249,7
user_1,tt0026723,6
user_1,tt0027336,8
user_1,tt0027438,7
user_1,tt0027977,8
user_1,tt0028772,6
user_1,tt0028852,7
user_1,tt0029583,8
user_1,tt0029843,7
user_1,tt0029947,7
user_1,tt0030993,9
user_1,tt0031377,6
user_1,tt0031381,8
user_1,tt0031385,8
user_1,tt0031647,10
user_1,tt0031679,8
user_1,tt0032010,7
user_1,tt0032138,8
user_1,tt0032455,6
user_1,tt0032551,7
user_1,tt0032553,7
user_1,tt0032599,9
user_1,tt0032850,7
user_1,tt0032904,10
user_1,tt0032910,7
user_1,tt0032976,7
user_1,tt0033045,9
user_1,tt0033253,8
user_1,tt0033467,9
user_1,tt0033563,7
user_1,tt0033654,8
user_1,tt0033717,8
user_1,tt0033804,10
user_1,tt0033870,8
user_1,tt0034240,7
user_1,tt0034248,7
user_1,tt0034492,7
user_1,tt0034583,8
user_1,tt0035019,8
user_1,tt0035082,6
user_1,tt0035140,9
user_1,tt0035423,8
user_1,tt0036027,8
user_1,tt0036342,8
user_1,tt0036613,9
user_1,tt0036731,5
user_1,tt0036775,10
user_1,tt0036868,9
user_1,tt0037008,9
user_1,tt0037017,8
user_1,tt0037055,7
user_1,tt0037461,7
user_1,tt0037466,8
user_1,tt0037558,9
user_1,tt0037884,8
user_1,tt0038008,8
user_1,tt0038577,6
user_1,tt0038650,8
user_1,tt0038787,10
user_1,tt0038991,7
user_1,tt0039216,8
user_1,tt0039431,8
user_1,tt0039589,7
user_1,tt0039628,8
user_1,tt0039686,7
user_1,tt0039689,6
user_1,tt0039694,8
user_1,tt0039881,9
user_1,tt0039973,5
user_1,tt0040071,8
user_1,tt0040369,8
user_1,tt0040506,8
user_1,tt0040522,8
user_1,tt0040613,6
user_1,tt0040746,8
user_1,tt0040806,7
user_1,tt0040868,6
user_1,tt0040897,9
user_1,tt0041094,7
user_1,tt0041431,6
user_1,tt0041452,9
user_1,tt0041959,9
user_1,tt0041968,8
user_1,tt0042041,6
user_1,tt0042192,9
user_1,tt0042332,8
user_1,tt0042531,8
user_1,tt0042619,9
user_1,tt0042804,8
user_1,tt0042876,9
user_1,tt0042998,9
user_1,tt0043012,6
user_1,tt0043014,10
user_1,tt0043137,7
user_1,tt0043265,8
user_1,tt0043274,7
user_1,tt0043278,6
user_1,tt0043456,7
user_1,tt0043532,6
user_1,tt0043809,7
user_1,tt0043915,9
user_1,tt0043924,9
user_1,tt0044079,8
user_1,tt0044081,9
user_1,tt0044121,7
user_1,tt0044333,6
user_1,tt0044706,7
user_1,tt0044741,7
user_1,tt0045152,10
user_1,tt0045339,10
user_1,tt0045758,5
user_1,tt0045793,7
user_1,tt0046022,9
user_1,tt0046183,8
user_1,tt0046250,9
user_1,tt0046268,8
user_1,tt0046269,7
user_1,tt0046303,6
user_1,tt0046816,9
user_1,tt0046912,7
user_1,tt0047034,7
user_1,tt0047296,7
user_1,tt0047396,8
user_1,tt0047437,9
user_1,tt0047472,9
user_1,tt0047478,8
user_1,tt0047528,9
user_1,tt0048028,8
user_1,tt0048280,9
user_1,tt0048281,7
user_1,tt0048347,9
user_1,tt0048499,10
user_1,tt0048545,9
user_1,tt0048728,8
user_1,tt0048750,8
user_1,tt0048820,7
user_1,tt0049223,8
user_1,tt0049366,9
user_1,tt0049406,8
user_1,tt0049408,7
user_1,tt0049710,8
user_1,tt0049730,8
user_1,tt0049830,7
user_1,tt0049833,6
user_1,tt0049966,8
user_1,tt0050083,8
user_1,tt0050212,8
user_1,tt0050379,7
user_1,tt0050419,9
user_1,tt0050480,4
user_1,tt0050613,9
user_1,tt0050658,7
user_1,tt0050815,8
user_1,tt0050825,9
user_1,tt0050976,7
user_1,tt0050986,8
user_1,tt0051066,7
user_1,tt0051201,7
user_1,tt0051207,7
user_1,tt0051429,6
user_1,tt0051459,10
user_1,tt0051588,8
user_1,tt0051629,8
user_1,tt0051658,7
user_1,tt0051744,6
user_1,tt0051983,7
user_1,tt0052311,7
user_1,tt0052325,6
user_1,tt0052357,8
user_1,tt0052365,6
user_1,tt0052561,9
user_1,tt0052600,8
user_1,tt0052618,8
user_1,tt0052738,7
user_1,tt0052893,8
user_1,tt0053125,8
user_1,tt0053183,8
user_1,tt0053198,10
user_1,tt0053221,8
user_1,tt0053285,8
user_1,tt0053291,7
user_1,tt0053455,7
user_1,tt0053459,7
user_1,tt0053604,8
user_1,tt0053947,6
user_1,tt0054047,10
user_1,tt0054215,7
user_1,tt0054269,7
user_1,tt0054303,6
user_1,tt0054331,7
user_1,tt0054416,9
user_1,tt0054632,6
user_1,tt0054652,8
user_1,tt0054687,9
user_1,tt0054698,7
user_1,tt0054890,7
user_1,tt0054953,7
user_1,tt0054997,8
user_1,tt0055031,8
user_1,tt0055032,7
user_1,tt0055100,7
user_1,tt0055184,7
user_1,tt0055207,6
user_1,tt0055254,7
user_1,tt0055304,7
user_1,tt0055597,10
user_1,tt0055614,9
user_1,tt0055630,10
user_1,tt0055824,8
user_1,tt0055895,7
user_1,tt0055928,7
user_1,tt0056058,8
user_1,tt0056059,8
user_1,tt0056172,8
user_1,tt0056193,8
user_1,tt0056197,9
user_1,tt0056217,9
user_1,tt0056265,5
user_1,tt0056443,9
user_1,tt0056576,6
user_1,tt0056592,8
user_1,tt0056732,7
user_1,tt0056801,8
user_1,tt0056869,10
user_1,tt0056923,7
user_1,tt0057012,10
user_1,tt0057076,7
user_1,tt0057091,7
user_1,tt0057115,9
user_1,tt0057122,4
user_1,tt0057128,5
user_1,tt0057129,9
user_1,tt0057193,8
user_1,tt0057197,9
user_1,tt0057372,8
user_1,tt0057427,9
user_1,tt0057546,8
user_1,tt0057591,7
user_1,tt0057869,8
user_1,tt0058150,9
user_1,tt0058329,7
user_1,tt0058331,8
user_1,tt0058385,7
user_1,tt0058404,9
user_1,tt0058430,6
user_1,tt0058461,7
user_1,tt0058586,7
user_1,tt0058898,9
user_1,tt0058946,8
user_1,tt0058947,5
user_1,tt0059113,10
user_1,tt0059183,10
user_1,tt0059245,4
user_1,tt0059287,4
user_1,tt0059440,7
user_1,tt0059550,9
user_1,tt0059578,9
user_1,tt0059646,8
user_1,tt0059711,8
user_1,tt0059742,6
user_1,tt0059798,9
user_1,tt0059800,8
user_1,tt0059868,6
user_1,tt0060086,8
user_1,tt0060176,8
user_1,tt0060196,7
user_1,tt0060232,7
user_1,tt0060302,4
user_1,tt0060390,7
user_1,tt0060450,7
user_1,tt0060600,6
user_1,tt0060782,6
user_1,tt0060827,7
user_1,tt0061138,7
user_1,tt0061177,7
user_1,tt0061391,7
user_1,tt0061418,7
user_1,tt0061512,7
user_1,tt0061619,7
user_1,tt0061722,8
user_1,tt0061852,7
user_1,tt0062136,8
user_1,tt0062185,9
user_1,tt0062229,9
user_1,tt0062376,8
user_1,tt0062467,9
user_1,tt0062512,8
user_1,tt0062622,7
user_1,tt0062711,5
user_1,tt0062765,6
user_1,tt0062974,8
user_1,tt0063350,8
user_1,tt0063385,8
user_1,tt0063442,7
user_1,tt0063458,9
user_1,tt0063462,8
user_1,tt0063522,6
user_1,tt0063612,6
user_1,tt0063674,7
user_1,tt0063688,8
user_1,tt0063845,7
user_1,tt0064072,4
user_1,tt0064088,4
user_1,tt0064100,6
user_1,tt0064110,6
user_1,tt0064115,7
user_1,tt0064116,8
user_1,tt0064541,8
user_1,tt0064665,6
user_1,tt0064757,8
user_1,tt0064785,8
user_1,tt0064840,7
user_1,tt0065214,9
user_1,tt0065421,9
user_1,tt0065462,6
user_1,tt0065465,6
user_1,tt0065528,7
user_1,tt0065531,7
user_1,tt0065670,7
user_1,tt0065724,8
user_1,tt0065851,6
user_1,tt0066011,7
user_1,tt0066026,9
user_1,tt0066050,4
user_1,tt0066206,9
user_1,tt0066344,8
user_1,tt0066434,7
user_1,tt0066534,9
user_1,tt0066728,7
user_1,tt0066832,6
user_1,tt0066895,7
user_1,tt0066921,9
user_1,tt0066968,8
user_1,tt0066995,6
user_1,tt0066999,7
user_1,tt0067009,6
user_1,tt0067065,7
user_1,tt0067116,9
user_1,tt0067176,5
user_1,tt0067185,7
user_1,tt0067314,6
user_1,tt0067328,8
user_1,tt0067482,9
user_1,tt0067741,7
user_1,tt0067800,6
user_1,tt0067900,7
user_1,tt0067927,8
user_1,tt0067959,9
user_1,tt0067992,10
user_1,tt0068361,8
user_1,tt0068421,9
user_1,tt0068473,9
user_1,tt0068555,7
user_1,tt0068646,8
user_1,tt0068817,8
user_1,tt0068833,6
user_1,tt0069031,7
user_1,tt0069095,8
user_1,tt0069281,9
user_1,tt0069282,7
user_1,tt0069293,9
user_1,tt0069452,9
user_1,tt0069704,8
user_1,tt0069762,9
user_1,tt0069897,7
user_1,tt0069947,8
user_1,tt0070016,7
user_1,tt0070034,7
user_1,tt0070047,9
user_1,tt0070077,8
user_1,tt0070085,7
user_1,tt0070233,8
user_1,tt0070239,10
user_1,tt0070294,9
user_1,tt0070328,6
user_1,tt0070355,7
user_1,tt0070379,7
user_1,tt0070468,8
user_1,tt0070511,8
user_1,tt0070605,7
user_1,tt0070608,8
user_1,tt0070666,9
user_1,tt0070698,8
user_1,tt0070723,7
user_1,tt0070735,8
user_1,tt0070825,7
user_1,tt0070847,6
user_1,tt0070909,7
user_1,tt0070917,7
user_1,tt0071110,6
user_1,tt0071111,7
user_1,tt0071129,9
user_1,tt0071230,6
user_1,tt0071275,7
user_1,tt0071315,8
user_1,tt0071360,7
user_1,tt0071487,6
user_1,tt0071562,10
user_1,tt0071722,4
user_1,tt0071807,7
user_1,tt0071853,7
user_1,tt0071877,7
user_1,tt0071970,8
user_1,tt0072263,6
user_1,tt0072271,7
user_1,tt0072431,8
user_1,tt0072684,9
user_1,tt0072732,8
user_1,tt0072890,7
user_1,tt0072926,7
user_1,tt0073092,6
user_1,tt0073195,9
user_1,tt0073453,7
user_1,tt0073486,8
user_1,tt0073629,9
user_1,tt0073631,6
user_1,tt0073707,8
user_1,tt0073802,6
user_1,tt0074119,9
user_1,tt0074121,7
user_1,tt0074252,9
user_1,tt0074285,8
user_1,tt0074486,8
user_1,tt0074559,6
user_1,tt0074686,7
user_1,tt0074798,7
user_1,tt0074811,10
user_1,tt0074812,8
user_1,tt0074860,9
user_1,tt0074896,9
user_1,tt0074899,7
user_1,tt0074958,8
user_1,tt0074991,7
user_1,tt0075005,7
user_1,tt0075024,8
user_1,tt0075029,8
user_1,tt0075066,8
user_1,tt0075148,7
user_1,tt0075265,8
user_1,tt0075276,9
user_1,tt0075314,8
user_1,tt0075467,10
user_1,tt0075686,9
user_1,tt0075802,7
user_1,tt0075860,10
user_1,tt0075909,4
user_1,tt0076009,4
user_1,tt0076141,7
user_1,tt0076162,8
user_1,tt0076176,6
user_1,tt0076216,8
user_1,tt0076517,8
user_1,tt0076590,8
user_1,tt0076636,6
user_1,tt0076666,7
user_1,tt0076723,8
user_1,tt0076752,8
user_1,tt0076759,8
user_1,tt0076786,6
user_1,tt0077276,7
user_1,tt0077288,9
user_1,tt0077294,7
user_1,tt0077381,7
user_1,tt0077383,8
user_1,tt0077402,8
user_1,tt0077405,6
user_1,tt0077413,8
user_1,tt0077416,7
user_1,tt0077523,6
user_1,tt0077631,7
user_1,tt0077651,7
user_1,tt0077766,6
user_1,tt0077834,4
user_1,tt0077975,8
user_1,tt0078346,7
user_1,tt0078748,6
user_1,tt0078767,6
user_1,tt0078788,8
user_1,tt0078841,7
user_1,tt0078857,7
user_1,tt0078935,6
user_1,tt0078978,5
user_1,tt0079098,8
user_1,tt0079116,7
user_1,tt0079367,7
user_1,tt0079417,7
user_1,tt0079470,7
user_1,tt0079501,6
user_1,tt0079522,8
user_1,tt0079540,6
user_1,tt0079574,8
user_1,tt0079588,7
user_1,tt0079615,8
user_1,tt0079672,7
user_1,tt0079766,10
user_1,tt0079813,7
user_1,tt0079817,6
user_1,tt0079944,7
user_1,tt0079945,6
user_1,tt0080057,9
user_1,tt0080120,8
user_1,tt0080149,7
user_1,tt0080339,8
user_1,tt0080421,4
user_1,tt0080455,8
user_1,tt0080487,7
user_1,tt0080678,8
user_1,tt0080684,8
user_1,tt0080736,7
user_1,tt0080745,8
user_1,tt0080749,6
user_1,tt0080761,6
user_1,tt0081070,7
user_1,tt0081383,6
user_1,tt0081398,10
user_1,tt0081505,8
user_1,tt0081546,7
user_1,tt0081554,9
user_1,tt0081573,8
user_1,tt0081633,6
user_1,tt0081672,8
user_1,tt0082010,9
user_1,tt0082096,9
user_1,tt0082158,7
user_1,tt0082176,6
user_1,tt0082198,7
user_1,tt0082242,7
user_1,tt0082340,7
user_1,tt0082348,7
user_1,tt0082398,6
user_1,tt0082406,8
user_1,tt0082432,7
user_1,tt0082495,6
user_1,tt0082533,7
user_1,tt0082694,7
user_1,tt0082782,6
user_1,tt0082817,6
user_1,tt0082846,8
user_1,tt0082869,8
user_1,tt0082971,7
user_1,tt0082979,9
user_1,tt0083284,5
user_1,tt0083511,7
user_1,tt0083564,7
user_1,tt0083658,8
user_1,tt0083767,7
user_1,tt0083791,6
user_1,tt0083866,8
user_1,tt0083907,6
user_1,tt0083908,7
user_1,tt0083922,9
user_1,tt0083929,9
user_1,tt0083944,6
user_1,tt0083946,7
user_1,tt0083972,6
user_1,tt0083987,9
user_1,tt0084028,4
user_1,tt0084210,7
user_1,tt0084293,9
user_1,tt0084434,7
user_1,tt0084503,8
user_1,tt0084504,7
user_1,tt0084516,7
user_1,tt0084602,7
user_1,tt0084694,5
user_1,tt0084726,8
user_1,tt0084787,8
user_1,tt0084805,9
user_1,tt0084827,7
user_1,tt0084843,7
user_1,tt0084865,8
user_1,tt0084934,9
user_1,tt0085253,5
user_1,tt0085255,7
user_1,tt0085327,6
user_1,tt0085334,9
user_1,tt0085407,8
user_1,tt0085542,6
user_1,tt0085701,7
user_1,tt0085811,6
user_1,tt0085913,9
user_1,tt0085959,8
user_1,tt0085970,7
user_1,tt0085995,7
user_1,tt0086006,6
user_1,tt0086022,9
user_1,tt0086034,7
user_1,tt0086066,7
user_1,tt0086190,9
user_1,tt0086200,7
user_1,tt0086205,5
user_1,tt0086250,6
user_1,tt0086312,7
user_1,tt0086393,6
user_1,tt0086423,9
user_1,tt0086425,7
user_1,tt0086443,7
user_1,tt0086465,8
user_1,tt0086491,5
user_1,tt0086541,8
user_1,tt0086567,8
user_1,tt0086646,7
user_1,tt0086837,7
user_1,tt0086856,7
user_1,tt0086879,9
user_1,tt0086960,9
user_1,tt0086979,9
user_1,tt0087003,7
user_1,tt0087050,4
user_1,tt0087078,6
user_1,tt0087175,6
user_1,tt0087182,8
user_1,tt0087197,5
user_1,tt0087229,6
user_1,tt0087277,5
user_1,tt0087332,7
user_1,tt0087363,7
user_1,tt0087469,6
user_1,tt0087538,6
user_1,tt0087544,8
user_1,tt0087597,5
user_1,tt0087720,7
user_1,tt0087795,4
user_1,tt0087799,6
user_1,tt0087800,7
user_1,tt0087803,7
user_1,tt0087843,9
user_1,tt0087884,8
user_1,tt0087892,7
user_1,tt0087909,8
user_1,tt0087910,6
user_1,tt0087928,5
user_1,tt0087995,8
user_1,tt0088011,7
user_1,tt0088128,9
user_1,tt0088170,7
user_1,tt0088247,9
user_1,tt0088258,9
user_1,tt0088272,5
user_1,tt0088323,7
user_1,tt0088338,8
user_1,tt0088680,8
user_1,tt0088763,9
user_1,tt0088772,2
user_1,tt0088846,9
user_1,tt0088847,8
user_1,tt0088889,7
user_1,tt0088930,6
user_1,tt0088939,9
user_1,tt0088944,6
user_1,tt0088967,5
user_1,tt0088987,7
user_1,tt0088993,7
user_1,tt0089155,5
user_1,tt0089175,8
user_1,tt0089218,7
user_1,tt0089338,5
user_1,tt0089393,6
user_1,tt0089457,8
user_1,tt0089530,8
user_1,tt0089555,7
user_1,tt0089652,5
user_1,tt0089670,7
user_1,tt0089755,7
user_1,tt0089822,5
user_1,tt0089880,8
user_1,tt0089881,8
user_1,tt0089885,5
user_1,tt0089893,6
user_1,tt0089907,8
user_1,tt0089927,6
user_1,tt0090094,5
user_1,tt0090103,8
user_1,tt0090110,7
user_1,tt0090142,5
user_1,tt0090329,9
user_1,tt0090555,8
user_1,tt0090568,5
user_1,tt0090605,9
user_1,tt0090728,8
user_1,tt0090756,7
user_1,tt0090763,4
user_1,tt0090859,7
user_1,tt0090863,7
user_1,tt0090887,6
user_1,tt0090967,8
user_1,tt0091042,8
user_1,tt0091059,7
user_1,tt0091064,7
user_1,tt0091149,7
user_1,tt0091159,7
user_1,tt0091167,7
user_1,tt0091187,6
user_1,tt0091203,7
user_1,tt0091209,8
user_1,tt0091225,5
user_1,tt0091251,8
user_1,tt0091306,8
user_1,tt0091369,9
user_1,tt0091419,8
user_1,tt0091474,8
user_1,tt0091530,6
user_1,tt0091541,7
user_1,tt0091605,8
user_1,tt0091651,7
user_1,tt0091671,6
user_1,tt0091763,7
user_1,tt0091790,7
user_1,tt0091860,8
user_1,tt0091949,6
user_1,tt0091954,6
user_1,tt0092005,7
user_1,tt0092007,7
user_1,tt0092067,9
user_1,tt0092086,7
user_1,tt0092099,7
user_1,tt0092199,4
user_1,tt0092214,6
user_1,tt0092494,8
user_1,tt0092563,7
user_1,tt0092636,7
user_1,tt0092644,6
user_1,tt0092666,5
user_1,tt0092675,7
user_1,tt0092795,5
user_1,tt0092855,8
user_1,tt0092890,6
user_1,tt0092965,8
user_1,tt0092983,5
user_1,tt0092991,7
user_1,tt0093010,6
user_1,tt0093044,5
user_1,tt0093058,10
user_1,tt0093091,4
user_1,tt0093105,7
user_1,tt0093137,8
user_1,tt0093177,8
user_1,tt0093191,8
user_1,tt0093300,4
user_1,tt0093409,10
user_1,tt0093415,6
user_1,tt0093416,7
user_1,tt0093428,6
user_1,tt0093437,6
user_1,tt0093505,6
user_1,tt0093565,6
user_1,tt0093603,8
user_1,tt0093605,7
user_1,tt0093629,8
user_1,tt0093664,6
user_1,tt0093748,10
user_1,tt0093756,5
user_1,tt0093773,7
user_1,tt0093777,6
user_1,tt0093779,9
user_1,tt0093822,8
user_1,tt0093870,8
user_1,tt0093894,8
user_1,tt0094012,9
user_1,tt0094025,7
user_1,tt0094027,8
user_1,tt0094035,7
user_1,tt0094138,8
user_1,tt0094226,8
user_1,tt0094291,7
user_1,tt0094321,5
user_1,tt0094332,7
user_1,tt0094602,4
user_1,tt0094608,7
user_1,tt0094625,6
user_1,tt0094715,7
user_1,tt0094716,7
user_1,tt0094721,10
user_1,tt0094737,6
user_1,tt0094739,6
user_1,tt0094793,7
user_1,tt0094812,7
user_1,tt0094862,8
user_1,tt0094889,5
user_1,tt0094894,9
user_1,tt0094898,7
user_1,tt0094910,4
user_1,tt0094947,8
user_1,tt0094963,6
user_1,tt0095016,10
user_1,tt0095094,6
user_1,tt0095107,5
user_1,tt0095159,8
user_1,tt0095188,5
user_1,tt0095253,8
user_1,tt0095271,7
user_1,tt0095327,7
user_1,tt0095467,9
user_1,tt0095489,9
user_1,tt0095497,8
user_1,tt0095519,5
user_1,tt0095525,6
user_1,tt0095593,7
user_1,tt0095631,8
user_1,tt0095647,10
user_1,tt0095675,8
user_1,tt0095684,7
user_1,tt0095687,5
user_1,tt0095705,8
user_1,tt0095765,8
user_1,tt0095936,8
user_1,tt0095953,8
user_1,tt0095956,6
user_1,tt0096018,8
user_1,tt0096022,6
user_1,tt0096037,6
user_1,tt0096046,5
user_1,tt0096061,7
user_1,tt0096071,5
user_1,tt0096101,5
user_1,tt0096209,7
user_1,tt0096256,6
user_1,tt0096283,9
user_1,tt0096288,7
user_1,tt0096320,6
user_1,tt0096438,8
user_1,tt0096446,7
user_1,tt0096734,7
user_1,tt0096754,8
user_1,tt0096787,8
user_1,tt0096874,9
user_1,tt0096895,9
user_1,tt0096928,7
user_1,tt0096933,6
user_1,tt0096969,8
user_1,tt0097027,6
user_1,tt0097108,7
user_1,tt0097162,6
user_1,tt0097165,8
user_1,tt0097216,9
user_1,tt0097236,8
user_1,tt0097239,9
user_1,tt0097351,8
user_1,tt0097353,7
user_1,tt0097366,6
user_1,tt0097428,5
user_1,tt0097441,10
user_1,tt0097474,5
user_1,tt0097481,7
user_1,tt0097493,7
user_1,tt0097523,6
user_1,tt0097576,8
user_1,tt0097637,6
user_1,tt0097659,9
user_1,tt0097676,6
user_1,tt0097728,7
user_1,tt0097733,7
user_1,tt0097742,7
user_1,tt0097757,9
user_1,tt0097758,7
user_1,tt0097775,5
user_1,tt0097814,8
user_1,tt0097815,7
user_1,tt0097937,7
user_1,tt0097958,8
user_1,tt0098068,7
user_1,tt0098073,6
user_1,tt0098084,7
user_1,tt0098115,8
user_1,tt0098180,7
user_1,tt0098253,7
user_1,tt0098258,6
user_1,tt0098343,5
user_1,tt0098356,5
user_1,tt0098382,5
user_1,tt0098384,6
user_1,tt0098536,7
user_1,tt0098554,9
user_1,tt0098627,6
user_1,tt0098635,7
user_1,tt0098660,4
user_1,tt0098966,7
user_1,tt0099077,7
user_1,tt0099088,8
user_1,tt0099253,6
user_1,tt0099329,5
user_1,tt0099348,8
user_1,tt0099349,6
user_1,tt0099365,6
user_1,tt0099371,6
user_1,tt0099392,7
user_1,tt0099422,6
user_1,tt0099423,7
user_1,tt0099472,6
user_1,tt0099487,8
user_1,tt0099582,6
user_1,tt0099653,6
user_1,tt0099674,9
user_1,tt0099685,9
user_1,tt0099699,7
user_1,tt0099700,8
user_1,tt0099726,6
user_1,tt0099785,10
user_1,tt0099810,7
user_1,tt0099850,7
user_1,tt0099871,6
user_1,tt0099938,8
user_1,tt0099975,7
user_1,tt0100024,7
user_1,tt0100029,8
user_1,tt0100150,9
user_1,tt0100157,7
user_1,tt0100240,3
user_1,tt0100258,8
user_1,tt0100260,6
user_1,tt0100263,4
user_1,tt0100303,6
user_1,tt0100339,9
user_1,tt0100403,9
user_1,tt0100404,9
user_1,tt0100405,9
user_1,tt0100436,9
user_1,tt0100449,8
user_1,tt0100485,6
user_1,tt0100486,6
user_1,tt0100502,7
user_1,tt0100507,5
user_1,tt0100514,6
user_1,tt0100740,7
user_1,tt0100758,6
user_1,tt0100802,7
user_1,tt0100814,6
user_1,tt0100816,7
user_1,tt0100935,8
user_1,tt0100944,8
user_1,tt0100994,8
user_1,tt0101258,9
user_1,tt0101272,8
user_1,tt0101318,8
user_1,tt0101329,5
user_1,tt0101393,4
user_1,tt0101410,7
user_1,tt0101414,9
user_1,tt0101452,7
user_1,tt0101507,8
user_1,tt0101540,6
user_1,tt0101587,6
user_1,tt0101700,7
user_1,tt0101733,7
user_1,tt0101738,4
user_1,tt0101745,6
user_1,tt0101757,8
user_1,tt0101761,8
user_1,tt0101765,8
user_1,tt0101862,8
user_1,tt0101889,7
user_1,tt0101902,7
user_1,tt0101921,6
user_1,tt0101969,8
user_1,tt0102048,7
user_1,tt0102057,7
user_1,tt0102059,7
user_1,tt0102138,7
user_1,tt0102250,7
user_1,tt0102266,8
user_1,tt0102303,5
user_1,tt0102432,5
user_1,tt0102492,7
user_1,tt0102510,7
user_1,tt0102587,7
user_1,tt0102603,6
user_1,tt0102609,7
user_1,tt0102629,9
user_1,tt0102685,8
user_1,tt0102789,6
user_1,tt0102798,7
user_1,tt0102803,5
user_1,tt0102820,9
user_1,tt0102926,8
user_1,tt0102975,7
user_1,tt0103064,8
user_1,tt0103074,6
user_1,tt0103112,6
user_1,tt0103239,5
user_1,tt0103241,6
user_1,tt0103295,8
user_1,tt0103639,9
user_1,tt0103644,7
user_1,tt0103681,7
user_1,tt0103772,9
user_1,tt0103776,7
user_1,tt0103786,5
user_1,tt0103793,9
user_1,tt0103855,6
user_1,tt0103873,7
user_1,tt0103874,8
user_1,tt0103919,6
user_1,tt0103994,8
user_1,tt0104036,9
user_1,tt0104070,6
user_1,tt0104187,6
user_1,tt0104231,7
user_1,tt0104257,9
user_1,tt0104265,6
user_1,tt0104291,6
user_1,tt0104299,5
user_1,tt0104316,6
user_1,tt0104348,8
user_1,tt0104431,8
user_1,tt0104437,5
user_1,tt0104454,7
user_1,tt0104522,5
user_1,tt0104558,6
user_1,tt0104561,8
user_1,tt0104573,8
user_1,tt0104652,6
user_1,tt0104662,9
user_1,tt0104663,8
user_1,tt0104691,10
user_1,tt0104694,7
user_1,tt0104695,5
user_1,tt0104714,8
user_1,tt0104779,9
user_1,tt0104797,9
user_1,tt0104815,7
user_1,tt0104868,6
user_1,tt0104952,6
user_1,tt0105104,6
user_1,tt0105112,6
user_1,tt0105121,7
user_1,tt0105128,4
user_1,tt0105226,7
user_1,tt0105236,10
user_1,tt0105249,6
user_1,tt0105265,7
user_1,tt0105323,8
user_1,tt0105327,7
user_1,tt0105417,6
user_1,tt0105435,8
user_1,tt0105654,8
user_1,tt0105665,7
user_1,tt0105690,5
user_1,tt0105695,9
user_1,tt0105698,7
user_1,tt0105750,6
user_1,tt0105793,7
user_1,tt0105839,5
user_1,tt0106226,6
user_1,tt0106308,9
user_1,tt0106332,9
user_1,tt0106333,9
user_1,tt0106375,6
user_1,tt0106387,7
user_1,tt0106489,7
user_1,tt0106519,8
user_1,tt0106538,7
user_1,tt0106579,8
user_1,tt0106582,7
user_1,tt0106611,8
user_1,tt0106673,8
user_1,tt0106677,9
user_1,tt0106697,5
user_1,tt0106701,6
user_1,tt0106856,7
user_1,tt0106912,7
user_1,tt0106918,7
user_1,tt0106965,6
user_1,tt0106977,8
user_1,tt0107034,7
user_1,tt0107048,9
user_1,tt0107120,8
user_1,tt0107131,9
user_1,tt0107144,6
user_1,tt0107206,7
user_1,tt0107207,10
user_1,tt0107211,5
user_1,tt0107289,6
user_1,tt0107290,8
user_1,tt0107362,6
user_1,tt0107426,7
user_1,tt0107438,5
user_1,tt0107468,7
user_1,tt0107501,8
user_1,tt0107507,8
user_1,tt0107614,7
user_1,tt0107617,8
user_1,tt0107659,8
user_1,tt0107688,7
user_1,tt0107719,6
user_1,tt0107808,9
user_1,tt0107818,8
user_1,tt0107822,7
user_1,tt0107943,7
user_1,tt0107953,5
user_1,tt0107977,7
user_1,tt0108052,9
user_1,tt0108053,5
user_1,tt0108065,8
user_1,tt0108122,7
user_1,tt0108160,7
user_1,tt0108162,5
user_1,tt0108174,7
user_1,tt0108186,7
user_1,tt0108211,6
user_1,tt0108255,5
user_1,tt0108308,5
user_1,tt0108358,9
user_1,tt0108394,8
user_1,tt0108399,7
user_1,tt0108429,10
user_1,tt0108473,7
user_1,tt0108550,10
user_1,tt0108560,5
user_1,tt0108569,8
user_1,tt0109015,5
user_1,tt0109040,6
user_1,tt0109093,7
user_1,tt0109219,8
user_1,tt0109303,6
user_1,tt0109327,7
user_1,tt0109402,7
user_1,tt0109444,5
user_1,tt0109445,7
user_1,tt0109446,7
user_1,tt0109456,5
user_1,tt0109506,7
user_1,tt0109520,6
user_1,tt0109683,6
user_1,tt0109686,8
user_1,tt0109707,9
user_1,tt0109731,7
user_1,tt0109813,7
user_1,tt0109830,10
user_1,tt0109831,6
user_1,tt0109836,7
user_1,tt0109858,4
user_1,tt0110005,9
user_1,tt0110054,6
user_1,tt0110099,7
user_1,tt0110148,8
user_1,tt0110167,5
user_1,tt0110169,2
user_1,tt0110216,6
user_1,tt0110222,8
user_1,tt0110322,8
user_1,tt0110329,4
user_1,tt0110357,6
user_1,tt0110361,8
user_1,tt0110366,6
user_1,tt0110413,9
user_1,tt0110475,7
user_1,tt0110478,8
user_1,tt0110598,8
user_1,tt0110622,6
user_1,tt0110632,6
user_1,tt0110638,5
user_1,tt0110657,5
user_1,tt0110725,5
user_1,tt0110771,7
user_1,tt0110912,10
user_1,tt0110950,6
user_1,tt0110989,6
user_1,tt0111003,5
user_1,tt0111161,10
user_1,tt0111257,9
user_1,tt0111282,6
user_1,tt0111301,6
user_1,tt0111418,6
user_1,tt0111438,6
user_1,tt0111495,8
user_1,tt0111503,8
user_1,tt0111507,7
user_1,tt0111543,4
user_1,tt0111693,8
user_1,tt0111742,5
user_1,tt0112281,7
user_1,tt0112379,5
user_1,tt0112384,9
user_1,tt0112401,6
user_1,tt0112431,7
user_1,tt0112442,7
user_1,tt0112461,7
user_1,tt0112462,4
user_1,tt0112471,8
user_1,tt0112508,5
user_1,tt0112572,5
user_1,tt0112573,9
user_1,tt0112579,10
user_1,tt0112641,8
user_1,tt0112642,5
user_1,tt0112682,6
user_1,tt0112697,8
user_1,tt0112722,6
user_1,tt0112740,8
user_1,tt0112792,6
user_1,tt0112817,8
user_1,tt0112818,8
user_1,tt0112851,7
user_1,tt0112864,8
user_1,tt0112870,9
user_1,tt0112896,5
user_1,tt0112913,8
user_1,tt0112966,8
user_1,tt0113089,8
user_1,tt0113101,6
user_1,tt0113161,7
user_1,tt0113189,8
user_1,tt0113228,7
user_1,tt0113243,5
user_1,tt0113247,7
user_1,tt0113253,5
user_1,tt0113269,7
user_1,tt0113277,7
user_1,tt0113305,6
user_1,tt0113321,8
user_1,tt0113326,7
user_1,tt0113409,8
user_1,tt0113419,6
user_1,tt0113492,6
user_1,tt0113497,7
user_1,tt0113540,7
user_1,tt0113568,10
user_1,tt0113627,8
user_1,tt0113677,8
user_1,tt0113749,7
user_1,tt0113819,8
user_1,tt0113855,5
user_1,tt0113870,7
user_1,tt0113947,7
user_1,tt0113986,3
user_1,tt0114069,6
user_1,tt0114148,8
user_1,tt0114214,7
user_1,tt0114345,5
user_1,tt0114369,9
user_1,tt0114388,8
user_1,tt0114436,4
user_1,tt0114508,7
user_1,tt0114558,7
user_1,tt0114608,7
user_1,tt0114694,8
user_1,tt0114709,9
user_1,tt0114746,10
user_1,tt0114753,6
user_1,tt0114781,5
user_1,tt0114814,9
user_1,tt0114825,5
user_1,tt0114857,6
user_1,tt0114887,8
user_1,tt0114898,6
user_1,tt0114916,8
user_1,tt0114924,7
user_1,tt0115433,7
user_1,tt0115571,8
user_1,tt0115639,6
user_1,tt0115641,7
user_1,tt0115685,8
user_1,tt0115697,7
user_1,tt0115734,7
user_1,tt0115759,6
user_1,tt0115798,8
user_1,tt0115857,5
user_1,tt0115956,8
user_1,tt0115963,8
user_1,tt0115964,8
user_1,tt0115988,7
user_1,tt0116040,6
user_1,tt0116136,5
user_1,tt0116191,8
user_1,tt0116209,7
user_1,tt0116213,7
user_1,tt0116250,6
user_1,tt0116253,8
user_1,tt0116277,8
user_1,tt0116282,8
user_1,tt0116313,7
user_1,tt0116334,9
user_1,tt0116365,7
user_1,tt0116367,10
user_1,tt0116409,8
user_1,tt0116483,6
user_1,tt0116493,5
user_1,tt0116557,4
user_1,tt0116583,6
user_1,tt0116629,5
user_1,tt0116669,5
user_1,tt0116695,7
user_1,tt0116705,4
user_1,tt0116778,6
user_1,tt0116830,7
user_1,tt0116905,7
user_1,tt0116908,8
user_1,tt0116922,7
user_1,tt0116996,6
user_1,tt0117008,6
user_1,tt0117039,6
user_1,tt0117060,6
user_1,tt0117091,7
user_1,tt0117119,6
user_1,tt0117218,6
user_1,tt0117247,6
user_1,tt0117318,8
user_1,tt0117331,6
user_1,tt0117333,7
user_1,tt0117381,10
user_1,tt0117407,8
user_1,tt0117420,4
user_1,tt0117438,5
user_1,tt0117500,7
user_1,tt0117509,7
user_1,tt0117550,2
user_1,tt0117571,9
user_1,tt0117581,3
user_1,tt0117665,7
user_1,tt0117705,5
user_1,tt0117710,4
user_1,tt0117731,8
user_1,tt0117781,7
user_1,tt0117784,6
user_1,tt0117802,7
user_1,tt0117883,7
user_1,tt0117887,6
user_1,tt0117913,8
user_1,tt0117951,10
user_1,tt0117998,7
user_1,tt0118011,9
user_1,tt0118556,5
user_1,tt0118571,7
user_1,tt0118583,6
user_1,tt0118615,4
user_1,tt0118617,9
user_1,tt0118632,7
user_1,tt0118647,8
user_1,tt0118655,7
user_1,tt0118665,3
user_1,tt0118680,6
user_1,tt0118688,4
user_1,tt0118689,5
user_1,tt0118694,9
user_1,tt0118708,4
user_1,tt0118715,8
user_1,tt0118749,8
user_1,tt0118751,7
user_1,tt0118768,6
user_1,tt0118799,7
user_1,tt0118819,8
user_1,tt0118828,6
user_1,tt0118842,8
user_1,tt0118843,8
user_1,tt0118845,8
user_1,tt0118849,10
user_1,tt0118880,7
user_1,tt0118883,6
user_1,tt0118884,8
user_1,tt0118887,8
user_1,tt0118928,6
user_1,tt0118929,7
user_1,tt0118954,8
user_1,tt0118956,7
user_1,tt0118971,8
user_1,tt0118972,6
user_1,tt0118996,6
user_1,tt0118998,7
user_1,tt0119008,9
user_1,tt0119038,7
user_1,tt0119056,9
user_1,tt0119081,9
user_1,tt0119088,4
user_1,tt0119094,8
user_1,tt0119115,5
user_1,tt0119116,7
user_1,tt0119137,5
user_1,tt0119164,8
user_1,tt0119167,7
user_1,tt0119174,7
user_1,tt0119177,8
user_1,tt0119190,6
user_1,tt0119215,5
user_1,tt0119217,9
user_1,tt0119223,8
user_1,tt0119225,7
user_1,tt0119282,7
user_1,tt0119303,6
user_1,tt0119311,9
user_1,tt0119314,7
user_1,tt0119326,6
user_1,tt0119345,6
user_1,tt0119349,8
user_1,tt0119360,7
user_1,tt0119381,7
user_1,tt0119395,6
user_1,tt0119396,8
user_1,tt0119432,7
user_1,tt0119468,6
user_1,tt0119484,6
user_1,tt0119488,9
user_1,tt0119528,7
user_1,tt0119567,7
user_1,tt0119642,6
user_1,tt0119643,9
user_1,tt0119654,9
user_1,tt0119670,8
user_1,tt0119683,9
user_1,tt0119695,6
user_1,tt0119698,8
user_1,tt0119707,5
user_1,tt0119715,6
user_1,tt0119738,8
user_1,tt0119807,8
user_1,tt0119822,8
user_1,tt0119874,5
user_1,tt0119901,5
user_1,tt0119905,4
user_1,tt0119951,8
user_1,tt0119978,6
user_1,tt0120001,7
user_1,tt0120053,9
user_1,tt0120082,6
user_1,tt0120102,6
user_1,tt0120148,7
user_1,tt0120157,6
user_1,tt0120179,3
user_1,tt0120184,6
user_1,tt0120188,6
user_1,tt0120201,7
user_1,tt0120263,7
user_1,tt0120324,8
user_1,tt0120338,9
user_1,tt0120347,4
user_1,tt0120363,9
user_1,tt0120373,9
user_1,tt0120382,9
user_1,tt0120399,6
user_1,tt0120434,6
user_1,tt0120461,5
user_1,tt0120484,6
user_1,tt0120533,7
user_1,tt0120543,6
user_1,tt0120586,6
user_1,tt0120587,6
user_1,tt0120591,8
user_1,tt0120601,7
user_1,tt0120609,6
user_1,tt0120611,7
user_1,tt0120616,7
user_1,tt0120623,6
user_1,tt0120630,6
user_1,tt0120631,7
user_1,tt0120632,8
user_1,tt0120633,6
user_1,tt0120645,5
user_1,tt0120647,7
user_1,tt0120655,6
user_1,tt0120657,5
user_1,tt0120660,7
user_1,tt0120663,8
user_1,tt0120667,7
user_1,tt0120669,7
user_1,tt0120681,7
user_1,tt0120685,4
user_1,tt0120686,9
user_1,tt0120689,7
user_1,tt0120693,8
user_1,tt0120731,9
user_1,tt0120735,9
user_1,tt0120737,8
user_1,tt0120744,6
user_1,tt0120746,7
user_1,tt0120755,5
user_1,tt0120762,8
user_1,tt0120768,6
user_1,tt0120770,7
user_1,tt0120780,7
user_1,tt0120783,8
user_1,tt0120784,8
user_1,tt0120787,6
user_1,tt0120789,8
user_1,tt0120791,5
user_1,tt0120794,8
user_1,tt0120797,4
user_1,tt0120804,6
user_1,tt0120812,6
user_1,tt0120815,9
user_1,tt0120828,5
user_1,tt0120844,6
user_1,tt0120855,7
user_1,tt0120863,9
user_1,tt0120873,4
user_1,tt0120877,5
user_1,tt0120879,8
user_1,tt0120885,9
user_1,tt0120888,6
user_1,tt0120889,9
user_1,tt0120890,6
user_1,tt0120891,6
user_1,tt0120902,7
user_1,tt0120903,7
user_1,tt0120906,7
user_1,tt0120907,6
user_1,tt0120910,7
user_1,tt0120912,6
user_1,tt0120915,8
user_1,tt0120917,8
user_1,tt0121164,7
user_1,tt0121765,6
user_1,tt0121766,6
user_1,tt0122151,8
user_1,tt0122690,7
user_1,tt0122718,8
user_1,tt0122933,7
user_1,tt0123755,7
user_1,tt0123948,8
user_1,tt0123964,8
user_1,tt0124315,7
user_1,tt0124879,7
user_1,tt0125439,8
user_1,tt0125664,8
user_1,tt0126029,7
user_1,tt0126388,6
user_1,tt0126604,7
user_1,tt0126765,6
user_1,tt0127536,7
user_1,tt0127722,7
user_1,tt0128137,7
user_1,tt0128442,7
user_1,tt0128445,6
user_1,tt0128853,7
user_1,tt0129167,9
user_1,tt0129290,8
user_1,tt0129387,6
user_1,tt0130018,5
user_1,tt0130623,3
user_1,tt0130827,8
user_1,tt0131325,9
user_1,tt0132184,5
user_1,tt0132245,4
user_1,tt0132477,8
user_1,tt0133093,9
user_1,tt0133152,4
user_1,tt0133240,7
user_1,tt0133363,8
user_1,tt0133751,5
user_1,tt0133952,7
user_1,tt0133985,8
user_1,tt0134084,5
user_1,tt0134119,8
user_1,tt0134154,9
user_1,tt0134273,7
user_1,tt0134847,7
user_1,tt0135790,8
user_1,tt0137338,6
user_1,tt0137363,8
user_1,tt0137494,8
user_1,tt0137523,9
user_1,tt0138097,7
user_1,tt0138304,7
user_1,tt0138510,7
user_1,tt0138524,6
user_1,tt0138704,8
user_1,tt0138749,7
user_1,tt0139134,6
user_1,tt0139239,7
user_1,tt0139414,5
user_1,tt0139654,6
user_1,tt0139668,7
user_1,tt0139699,7
user_1,tt0139809,9
user_1,tt0140090,8
user_1,tt0140352,10
user_1,tt0141369,7
user_1,tt0141926,9
user_1,tt0142192,5
user_1,tt0142198,4
user_1,tt0142342,6
user_1,tt0142688,6
user_1,tt0143145,6
user_1,tt0144084,8
user_1,tt0144117,8
user_1,tt0145487,7
user_1,tt0145531,6
user_1,tt0145660,8
user_1,tt0145681,7
user_1,tt0146309,7
user_1,tt0146316,8
user_1,tt0146336,6
user_1,tt0146675,4
user_1,tt0146838,7
user_1,tt0146882,7
user_1,tt0147612,9
user_1,tt0147800,9
user_1,tt0149261,5
user_1,tt0149624,7
user_1,tt0150216,6
user_1,tt0151137,7
user_1,tt0151582,7
user_1,tt0151691,8
user_1,tt0151738,8
user_1,tt0151804,9
user_1,tt0152930,5
user_1,tt0153489,8
user_1,tt0154420,6
user_1,tt0154421,7
user_1,tt0155267,7
user_1,tt0155975,3
user_1,tt0156588,6
user_1,tt0156887,9
user_1,tt0157075,3
user_1,tt0157503,8
user_1,tt0158983,8
user_1,tt0159097,7
user_1,tt0159273,8
user_1,tt0159365,7
user_1,tt0159784,6
user_1,tt0159995,7
user_1,tt0160127,6
user_1,tt0160184,5
user_1,tt0160399,4
user_1,tt0160797,6
user_1,tt0160862,5
user_1,tt0161081,6
user_1,tt0162222,9
user_1,tt0162346,7
user_1,tt0162650,5
user_1,tt0162661,7
user_1,tt0163025,6
user_1,tt0163651,6
user_1,tt0163978,8
user_1,tt0163988,5
user_1,tt0164052,6
user_1,tt0164184,6
user_1,tt0164334,9
user_1,tt0164538,7
user_1,tt0164912,6
user_1,tt0165710,7
user_1,tt0165798,8
user_1,tt0165921,7
user_1,tt0166110,4
user_1,tt0166175,7
user_1,tt0166813,7
user_1,tt0166896,7
user_1,tt0166924,8
user_1,tt0167190,7
user_1,tt0167260,10
user_1,tt0167261,8
user_1,tt0167404,9
user_1,tt0168629,7
user_1,tt0169102,8
user_1,tt0169547,9
user_1,tt0169858,8
user_1,tt0169880,6
user_1,tt0169929,8
user_1,tt0170016,7
user_1,tt0170407,8
user_1,tt0171356,6
user_1,tt0171433,6
user_1,tt0171580,7
user_1,tt0172156,7
user_1,tt0172464,4
user_1,tt0172493,9
user_1,tt0172495,8
user_1,tt0173840,9
user_1,tt0174480,4
user_1,tt0174856,8
user_1,tt0175142,6
user_1,tt0175880,10
user_1,tt0176269,5
user_1,tt0177789,7
user_1,tt0177971,7
user_1,tt0178868,8
user_1,tt0179626,5
user_1,tt0180073,7
user_1,tt0180093,9
user_1,tt0181689,6
user_1,tt0181739,6
user_1,tt0181836,6
user_1,tt0181852,7
user_1,tt0181865,8
user_1,tt0181875,10
user_1,tt0181984,8
user_1,tt0182789,6
user_1,tt0183505,5
user_1,tt0183523,6
user_1,tt0183649,8
user_1,tt0183790,7
user_1,tt0184894,9
user_1,tt0185014,9
user_1,tt0185183,5
user_1,tt0185371,5
user_1,tt0185431,5
user_1,tt0185937,6
user_1,tt0186151,6
user_1,tt0186566,7
user_1,tt0187078,7
user_1,tt0187393,7
user_1,tt0187738,5
user_1,tt0190138,6
user_1,tt0190332,8
user_1,tt0190524,2
user_1,tt0190590,10
user_1,tt0191043,9
user_1,tt0191754,4
user_1,tt0193560,6
user_1,tt0195234,6
user_1,tt0195685,9
user_1,tt0195714,7
user_1,tt0195960,5
user_1,tt0196216,7
user_1,tt0196229,7
user_1,tt0198021,8
user_1,tt0198781,8
user_1,tt0199000,6
user_1,tt0199481,2
user_1,tt0199626,7
user_1,tt0199753,5
user_1,tt0200071,8
user_1,tt0200465,7
user_1,tt0200550,4
user_1,tt0201719,5
user_1,tt0202055,7
user_1,tt0202677,7
user_1,tt0203009,10
user_1,tt0203019,10
user_1,tt0203119,6
user_1,tt0203632,8
user_1,tt0204175,6
user_1,tt0204946,7
user_1,tt0205190,5
user_1,tt0206275,6
user_1,tt0206314,8
user_1,tt0206634,8
user_1,tt0207061,1
user_1,tt0207201,6
user_1,tt0208003,6
user_1,tt0208092,8
user_1,tt0208196,8
user_1,tt0209144,6
user_1,tt0209163,7
user_1,tt0209368,6
user_1,tt0209463,7
user_1,tt0209475,8
user_1,tt0209958,6
user_1,tt0210065,7
user_1,tt0210070,7
user_1,tt0210149,6
user_1,tt0210945,8
user_1,tt0211915,9
user_1,tt0211933,6
user_1,tt0211934,9
user_1,tt0212338,6
user_1,tt0212346,5
user_1,tt0212522,6
user_1,tt0212712,8
user_1,tt0212720,6
user_1,tt0212985,7
user_1,tt0213149,7
user_1,tt0213203,6
user_1,tt0213847,5
user_1,tt0215129,8
user_1,tt0215750,5
user_1,tt0216216,6
user_1,tt0216651,7
user_1,tt0216986,6
user_1,tt0217505,8
user_1,tt0217630,6
user_1,tt0217869,6
user_1,tt0218581,5
user_1,tt0218839,6
user_1,tt0218922,5
user_1,tt0218967,8
user_1,tt0219699,7
user_1,tt0219965,7
user_1,tt0221027,8
user_1,tt0221218,5
user_1,tt0221803,7
user_1,tt0223856,5
user_1,tt0223897,9
user_1,tt0224578,5
user_1,tt0227005,7
user_1,tt0227445,7
user_1,tt0227538,4
user_1,tt0228333,5
user_1,tt0229260,5
user_1,tt0230011,8
user_1,tt0230030,6
user_1,tt0230600,8
user_1,tt0231448,5
user_1,tt0232500,7
user_1,tt0234215,7
user_1,tt0234571,8
user_1,tt0235198,7
user_1,tt0235679,7
user_1,tt0235737,8
user_1,tt0236348,5
user_1,tt0236493,5
user_1,tt0238380,7
user_1,tt0238883,9
user_1,tt0238936,8
user_1,tt0239395,6
user_1,tt0240468,8
user_1,tt0240772,7
user_1,tt0240890,6
user_1,tt0241303,8
user_1,tt0241527,8
user_1,tt0242423,6
user_1,tt0242445,6
user_1,tt0242509,8
user_1,tt0242653,7
user_1,tt0242994,7
user_1,tt0243133,7
user_1,tt0243155,8
user_1,tt0243255,6
user_1,tt0243736,7
user_1,tt0244000,5
user_1,tt0244244,8
user_1,tt0244970,7
user_1,tt0245238,8
user_1,tt0245429,9
user_1,tt0245562,5
user_1,tt0245574,10
user_1,tt0245674,5
user_1,tt0245712,10
user_1,tt0245844,8
user_1,tt0246460,6
user_1,tt0246578,9
user_1,tt0247638,7
user_1,tt0247745,7
user_1,tt0248667,7
user_1,tt0248845,7
user_1,tt0249371,9
user_1,tt0249462,7
user_1,tt0250081,7
user_1,tt0250258,8
user_1,tt0250494,6
user_1,tt0250687,7
user_1,tt0250797,7
user_1,tt0251075,6
user_1,tt0251091,6
user_1,tt0251114,8
user_1,tt0251127,5
user_1,tt0251160,8
user_1,tt0251736,8
user_1,tt0251777,8
user_1,tt0252076,6
user_1,tt0252487,10
user_1,tt0252866,7
user_1,tt0253474,7
user_1,tt0253556,7
user_1,tt0253754,7
user_1,tt0253860,8
user_1,tt0253867,6
user_1,tt0253884,8
user_1,tt0256009,8
user_1,tt0256380,6
user_1,tt0256415,7
user_1,tt0256524,8
user_1,tt0257044,8
user_1,tt0257076,5
user_1,tt0257106,6
user_1,tt0257290,6
user_1,tt0257360,6
user_1,tt0257568,3
user_1,tt0257756,4
user_1,tt0258000,6
user_1,tt0258463,7
user_1,tt0258470,8
user_1,tt0259288,6
user_1,tt0259324,7
user_1,tt0259393,8
user_1,tt0259446,9
user_1,tt0259711,5
user_1,tt0259822,5
user_1,tt0261392,7
user_1,tt0263208,8
user_1,tt0263438,8
user_1,tt0263488,7
user_1,tt0264395,7
user_1,tt0264464,9
user_1,tt0264796,9
user_1,tt0265086,9
user_1,tt0265087,6
user_1,tt0265208,6
user_1,tt0265298,7
user_1,tt0265459,7
user_1,tt0265632,6
user_1,tt0265666,7
user_1,tt0265825,6
user_1,tt0266308,7
user_1,tt0266452,6
user_1,tt0266465,7
user_1,tt0266489,6
user_1,tt0266543,9
user_1,tt0266697,8
user_1,tt0266915,7
user_1,tt0266987,7
user_1,tt0267626,6
user_1,tt0267804,8
user_1,tt0267891,8
user_1,tt0267913,5
user_1,tt0268126,8
user_1,tt0268380,9
user_1,tt0268695,6
user_1,tt0268978,9
user_1,tt0268995,6
user_1,tt0269389,8
user_1,tt0270053,7
user_1,tt0270288,5
user_1,tt0270846,4
user_1,tt0271027,6
user_1,tt0271668,5
user_1,tt0272152,7
user_1,tt0272338,9
user_1,tt0273517,7
user_1,tt0273923,6
user_1,tt0274166,6
user_1,tt0274558,8
user_1,tt0274812,7
user_1,tt0275022,3
user_1,tt0275277,8
user_1,tt0275491,8
user_1,tt0275847,8
user_1,tt0276751,8
user_1,tt0276816,8
user_1,tt0276919,8
user_1,tt0277027,9
user_1,tt0277296,6
user_1,tt0277434,9
user_1,tt0278295,6
user_1,tt0278351,8
user_1,tt0278488,6
user_1,tt0278500,6
user_1,tt0278504,7
user_1,tt0279113,6
user_1,tt0280486,6
user_1,tt0280491,8
user_1,tt0280590,5
user_1,tt0280609,9
user_1,tt0280671,7
user_1,tt0280707,7
user_1,tt0281358,10
user_1,tt0282552,6
user_1,tt0282599,7
user_1,tt0283003,6
user_1,tt0283111,6
user_1,tt0283960,5
user_1,tt0284137,7
user_1,tt0284490,6
user_1,tt0285531,7
user_1,tt0285728,8
user_1,tt0285742,6
user_1,tt0285823,6
user_1,tt0286106,7
user_1,tt0286499,8
user_1,tt0286716,5
user_1,tt0286788,7
user_1,tt0287467,8
user_1,tt0287645,7
user_1,tt0287717,5
user_1,tt0287978,6
user_1,tt0288477,7
user_1,tt0289043,8
user_1,tt0289765,8
user_1,tt0289848,5
user_1,tt0289879,8
user_1,tt0289992,6
user_1,tt0290002,7
user_1,tt0290183,7
user_1,tt0290334,8
user_1,tt0290673,7
user_1,tt0291172,8
user_1,tt0291341,6
user_1,tt0291350,7
user_1,tt0291502,4
user_1,tt0292490,8
user_1,tt0292506,7
user_1,tt0292644,7
user_1,tt0293007,7
user_1,tt0293508,7
user_1,tt0293564,8
user_1,tt0293662,8
user_1,tt0293815,8
user_1,tt0294264,8
user_1,tt0294357,6
user_1,tt0294870,7
user_1,tt0294929,6
user_1,tt0295178,7
user_1,tt0295289,4
user_1,tt0295297,8
user_1,tt0295700,7
user_1,tt0295701,7
user_1,tt0296210,7
user_1,tt0296572,5
user_1,tt0297037,6
user_1,tt0298130,8
user_1,tt0298148,7
user_1,tt0298203,9
user_1,tt0298780,7
user_1,tt0298814,4
user_1,tt0298856,7
user_1,tt0299117,7
user_1,tt0299658,6
user_1,tt0299930,3
user_1,tt0299977,7
user_1,tt0300015,6
user_1,tt0300471,6
user_1,tt0300556,6
user_1,tt0300657,3
user_1,tt0301357,8
user_1,tt0301479,8
user_1,tt0302640,7
user_1,tt0302886,8
user_1,tt0303816,8
user_1,tt0303933,6
user_1,tt0304141,8
user_1,tt0304262,7
user_1,tt0304415,6
user_1,tt0304669,5
user_1,tt0305224,4
user_1,tt0305229,8
user_1,tt0305357,4
user_1,tt0305396,4
user_1,tt0305973,7
user_1,tt0306011,6
user_1,tt0306047,5
user_1,tt0306685,8
user_1,tt0306774,4
user_1,tt0306841,7
user_1,tt0307453,5
user_1,tt0307479,7
user_1,tt0307901,7
user_1,tt0307987,6
user_1,tt0308055,8
user_1,tt0308383,7
user_1,tt0308644,7
user_1,tt0308878,6
user_1,tt0309593,6
user_1,tt0309698,8
user_1,tt0309820,7
user_1,tt0309987,8
user_1,tt0310281,7
user_1,tt0310775,6
user_1,tt0311110,8
user_1,tt0311113,8
user_1,tt0311429,6
user_1,tt0312004,8
user_1,tt0312528,5
user_1,tt0312609,3
user_1,tt0313443,6
user_1,tt0313542,10
user_1,tt0313737,5
user_1,tt0313911,5
user_1,tt0314331,10
user_1,tt0314353,8
user_1,tt0314412,8
user_1,tt0314498,7
user_1,tt0315327,8
user_1,tt0315733,9
user_1,tt0316356,7
user_1,tt0316396,8
user_1,tt0316654,6
user_1,tt0317198,6
user_1,tt0317219,7
user_1,tt0317248,8
user_1,tt0317303,5
user_1,tt0317648,8
user_1,tt0317676,1
user_1,tt0317705,8
user_1,tt0317740,6
user_1,tt0317919,7
user_1,tt0318081,6
user_1,tt0318155,7
user_1,tt0318411,7
user_1,tt0318462,8
user_1,tt0318627,6
user_1,tt0318773,6
user_1,tt0318974,7
user_1,tt0319061,7
user_1,tt0319262,7
user_1,tt0319343,7
user_1,tt0320661,8
user_1,tt0320691,8
user_1,tt0322259,5
user_1,tt0322330,7
user_1,tt0322674,8
user_1,tt0323033,7
user_1,tt0323872,9
user_1,tt0323939,5
user_1,tt0323998,7
user_1,tt0324133,5
user_1,tt0324216,7
user_1,tt0324554,8
user_1,tt0325703,5
user_1,tt0325710,7
user_1,tt0325805,8
user_1,tt0325980,9
user_1,tt0327056,6
user_1,tt0327084,5
user_1,tt0327162,4
user_1,tt0327247,4
user_1,tt0327437,6
user_1,tt0327554,1
user_1,tt0327597,9
user_1,tt0327679,5
user_1,tt0327850,9
user_1,tt0328031,6
user_1,tt0328107,8
user_1,tt0328538,8
user_1,tt0328589,7
user_1,tt0328828,4
user_1,tt0328880,7
user_1,tt0329028,3
user_1,tt0329101,4
user_1,tt0329330,8
user_1,tt0329575,7
user_1,tt0329774,4
user_1,tt0330373,8
user_1,tt0330793,7
user_1,tt0331525,8
user_1,tt0331811,7
user_1,tt0331953,6
user_1,tt0332047,8
user_1,tt0332280,7
user_1,tt0332379,8
user_1,tt0332452,7
user_1,tt0332658,7
user_1,tt0333766,10
user_1,tt0333780,6
user_1,tt0335119,7
user_1,tt0335126,6
user_1,tt0335245,6
user_1,tt0335266,8
user_1,tt0335345,8
user_1,tt0335438,7
user_1,tt0337103,7
user_1,tt0337563,6
user_1,tt0337692,7
user_1,tt0337741,8
user_1,tt0337909,7
user_1,tt0337921,8
user_1,tt0337978,8
user_1,tt0338013,9
user_1,tt0338188,7
user_1,tt0338337,7
user_1,tt0338348,6
user_1,tt0338459,4
user_1,tt0338526,8
user_1,tt0338564,7
user_1,tt0338751,7
user_1,tt0338763,5
user_1,tt0339034,3
user_1,tt0339135,6
user_1,tt0339291,7
user_1,tt0340163,7
user_1,tt0340377,7
user_1,tt0340855,6
user_1,tt0341578,5
user_1,tt0342258,7
user_1,tt0343135,6
user_1,tt0343660,6
user_1,tt0343737,7
user_1,tt0343818,6
user_1,tt0344510,8
user_1,tt0345032,8
user_1,tt0345061,8
user_1,tt0346094,9
user_1,tt0346156,8
user_1,tt0346491,6
user_1,tt0347048,7
user_1,tt0347149,8
user_1,tt0347618,6
user_1,tt0348150,9
user_1,tt0348333,8
user_1,tt0348836,5
user_1,tt0349205,4
user_1,tt0349467,7
user_1,tt0349683,6
user_1,tt0349825,8
user_1,tt0349903,6
user_1,tt0350028,8
user_1,tt0350258,8
user_1,tt0351283,7
user_1,tt0351977,4
user_1,tt0352248,9
user_1,tt0353014,7
user_1,tt0353324,3
user_1,tt0353969,9
user_1,tt0354899,7
user_1,tt0355295,6
user_1,tt0355585,8
user_1,tt0356150,7
user_1,tt0356470,8
user_1,tt0356614,7
user_1,tt0356634,4
user_1,tt0356680,5
user_1,tt0356910,7
user_1,tt0357277,3
user_1,tt0357413,6
user_1,tt0357507,4
user_1,tt0358082,8
user_1,tt0358135,8
user_1,tt0358148,6
user_1,tt0358273,6
user_1,tt0359013,5
user_1,tt0359774,7
user_1,tt0359950,7
user_1,tt0360201,7
user_1,tt0360486,7
user_1,tt0360717,7
user_1,tt0361748,9
user_1,tt0361841,5
user_1,tt0361862,9
user_1,tt0362120,4
user_1,tt0362165,3
user_1,tt0362225,8
user_1,tt0362227,9
user_1,tt0362269,5
user_1,tt0362270,7
user_1,tt0362478,6
user_1,tt0363143,4
user_1,tt0363163,9
user_1,tt0363473,6
user_1,tt0363547,9
user_1,tt0363589,7
user_1,tt0363771,7
user_1,tt0363988,8
user_1,tt0364045,6
user_1,tt0364120,6
user_1,tt0364517,9
user_1,tt0364569,7
user_1,tt0364725,6
user_1,tt0364751,7
user_1,tt0364970,5
user_1,tt0365376,8
user_1,tt0365686,7
user_1,tt0365737,6
user_1,tt0365748,8
user_1,tt0365830,7
user_1,tt0365907,8
user_1,tt0366292,5
user_1,tt0366526,8
user_1,tt0366548,6
user_1,tt0366551,8
user_1,tt0366627,10
user_1,tt0366780,5
user_1,tt0366894,4
user_1,tt0367089,8
user_1,tt0367110,8
user_1,tt0367594,6
user_1,tt0367882,6
user_1,tt0367959,7
user_1,tt0368008,5
user_1,tt0368226,6
user_1,tt0368447,6
user_1,tt0368619,9
user_1,tt0368709,7
user_1,tt0368794,8
user_1,tt0368855,6
user_1,tt0368891,4
user_1,tt0369258,8
user_1,tt0369339,8
user_1,tt0369441,5
user_1,tt0369610,9
user_1,tt0369702,8
user_1,tt0370082,5
user_1,tt0370263,5
user_1,tt0370986,8
user_1,tt0371724,8
user_1,tt0371746,8
user_1,tt0372183,7
user_1,tt0372588,6
user_1,tt0372784,9
user_1,tt0372824,8
user_1,tt0373051,5
user_1,tt0373074,9
user_1,tt0373283,6
user_1,tt0373469,7
user_1,tt0373883,7
user_1,tt0373889,7
user_1,tt0373926,5
user_1,tt0374102,6
user_1,tt0374345,8
user_1,tt0374536,5
user_1,tt0374569,7
user_1,tt0374853,6
user_1,tt0374887,9
user_1,tt0374900,7
user_1,tt0375063,9
user_1,tt0375154,7
user_1,tt0375173,7
user_1,tt0375210,7
user_1,tt0375611,9
user_1,tt0375679,6
user_1,tt0375878,10
user_1,tt0375912,8
user_1,tt0375920,8
user_1,tt0376136,5
user_1,tt0376541,9
user_1,tt0376649,5
user_1,tt0376968,8
user_1,tt0376994,6
user_1,tt0377062,6
user_1,tt0377092,9
user_1,tt0377107,7
user_1,tt0377109,6
user_1,tt0377320,8
user_1,tt0377749,7
user_1,tt0377981,5
user_1,tt0378109,5
user_1,tt0378194,9
user_1,tt0378793,8
user_1,tt0378906,9
user_1,tt0378947,7
user_1,tt0379217,6
user_1,tt0379270,6
user_1,tt0379725,5
user_1,tt0379786,8
user_1,tt0379865,7
user_1,tt0379976,7
user_1,tt0380510,8
user_1,tt0380609,7
user_1,tt0381061,8
user_1,tt0381348,8
user_1,tt0381681,10
user_1,tt0381707,8
user_1,tt0381849,7
user_1,tt0381940,6
user_1,tt0381966,5
user_1,tt0382625,7
user_1,tt0382628,4
user_1,tt0382932,8
user_1,tt0383028,7
user_1,tt0383216,5
user_1,tt0383574,9
user_1,tt0383717,6
user_1,tt0384116,8
user_1,tt0384537,6
user_1,tt0384642,7
user_1,tt0384680,6
user_1,tt0384793,7
user_1,tt0384806,5
user_1,tt0384810,7
user_1,tt0384929,6
user_1,tt0385002,8
user_1,tt0385004,7
user_1,tt0385307,6
user_1,tt0385700,9
user_1,tt0385705,6
user_1,tt0385726,8
user_1,tt0385752,5
user_1,tt0385880,6
user_1,tt0386064,8
user_1,tt0386117,7
user_1,tt0386140,6
user_1,tt0386504,7
user_1,tt0386588,8
user_1,tt0387055,5
user_1,tt0387131,7
user_1,tt0387514,5
user_1,tt0387564,7
user_1,tt0387808,7
user_1,tt0387877,5
user_1,tt0387898,6
user_1,tt0388139,8
user_1,tt0388288,7
user_1,tt0388419,5
user_1,tt0388482,8
user_1,tt0388505,8
user_1,tt0388795,9
user_1,tt0389557,8
user_1,tt0389722,6
user_1,tt0389790,6
user_1,tt0389860,5
user_1,tt0389957,6
user_1,tt0390384,8
user_1,tt0391198,6
user_1,tt0391304,6
user_1,tt0393109,8
user_1,tt0393162,7
user_1,tt0395140,8
user_1,tt0395169,7
user_1,tt0395584,8
user_1,tt0395699,5
user_1,tt0395972,7
user_1,tt0396171,7
user_1,tt0396269,7
user_1,tt0396555,6
user_1,tt0396587,7
user_1,tt0396752,6
user_1,tt0397065,5
user_1,tt0397078,7
user_1,tt0397101,6
user_1,tt0397535,7
user_1,tt0397619,6
user_1,tt0397892,8
user_1,tt0398017,8
user_1,tt0398027,7
user_1,tt0398165,7
user_1,tt0398286,8
user_1,tt0398375,5
user_1,tt0398712,6
user_1,tt0398808,7
user_1,tt0399146,10
user_1,tt0399201,7
user_1,tt0399295,8
user_1,tt0400199,6
user_1,tt0400497,7
user_1,tt0400525,7
user_1,tt0400717,5
user_1,tt0401085,6
user_1,tt0401383,7
user_1,tt0401445,5
user_1,tt0401711,7
user_1,tt0401729,6
user_1,tt0401792,7
user_1,tt0401855,7
user_1,tt0402022,7
user_1,tt0402399,8
user_1,tt0402901,5
user_1,tt0402910,7
user_1,tt0403508,7
user_1,tt0403702,6
user_1,tt0404032,6
user_1,tt0404203,7
user_1,tt0404390,8
user_1,tt0404777,7
user_1,tt0404978,6
user_1,tt0405094,9
user_1,tt0405159,8
user_1,tt0405296,6
user_1,tt0405325,7
user_1,tt0405422,8
user_1,tt0405508,8
user_1,tt0406816,7
user_1,tt0407265,9
user_1,tt0407304,9
user_1,tt0407887,9
user_1,tt0408236,7
user_1,tt0408306,8
user_1,tt0408345,6
user_1,tt0408790,8
user_1,tt0408839,6
user_1,tt0409182,4
user_1,tt0409184,6
user_1,tt0409459,8
user_1,tt0409847,6
user_1,tt0409904,8
user_1,tt0410297,6
user_1,tt0410377,7
user_1,tt0410639,7
user_1,tt0410666,7
user_1,tt0410764,8
user_1,tt0411195,8
user_1,tt0411267,5
user_1,tt0411477,7
user_1,tt0412019,8
user_1,tt0412080,7
user_1,tt0413099,5
user_1,tt0413267,6
user_1,tt0413300,7
user_1,tt0413893,8
user_1,tt0414055,6
user_1,tt0414387,9
user_1,tt0414982,6
user_1,tt0414993,7
user_1,tt0415306,7
user_1,tt0415856,6
user_1,tt0416044,6
user_1,tt0416236,6
user_1,tt0416315,7
user_1,tt0416316,4
user_1,tt0416320,8
user_1,tt0416449,8
user_1,tt0416508,9
user_1,tt0417148,5
user_1,tt0417658,7
user_1,tt0417741,5
user_1,tt0417944,6
user_1,tt0418115,8
user_1,tt0418279,8
user_1,tt0418455,9
user_1,tt0418627,3
user_1,tt0418689,7
user_1,tt0418763,9
user_1,tt0418819,7
user_1,tt0418879,4
user_1,tt0419706,5
user_1,tt0419946,6
user_1,tt0420206,7
user_1,tt0420223,10
user_1,tt0420238,7
user_1,tt0420294,6
user_1,tt0420332,8
user_1,tt0421054,5
user_1,tt0421073,6
user_1,tt0421206,8
user_1,tt0421238,8
user_1,tt0421239,7
user_1,tt0421715,8
user_1,tt0422265,4
user_1,tt0422401,5
user_1,tt0422720,6
user_1,tt0422774,3
user_1,tt0423294,6
user_1,tt0423409,6
user_1,tt0423866,8
user_1,tt0423977,7
user_1,tt0424095,7
user_1,tt0424136,6
user_1,tt0424227,8
user_1,tt0424287,5
user_1,tt0424345,8
user_1,tt0424880,7
user_1,tt0424993,5
user_1,tt0425061,6
user_1,tt0425112,7
user_1,tt0425123,9
user_1,tt0425210,7
user_1,tt0425637,6
user_1,tt0426396,3
user_1,tt0426459,7
user_1,tt0426592,6
user_1,tt0426883,6
user_1,tt0426931,10
user_1,tt0427089,5
user_1,tt0427152,6
user_1,tt0427229,5
user_1,tt0427327,8
user_1,tt0427392,7
user_1,tt0427470,9
user_1,tt0427944,8
user_1,tt0427954,7
user_1,tt0428870,8
user_1,tt0429078,6
user_1,tt0429493,6
user_1,tt0429591,4
user_1,tt0430105,6
user_1,tt0430304,5
user_1,tt0430357,7
user_1,tt0430431,6
user_1,tt0430922,7
user_1,tt0431197,5
user_1,tt0431308,8
user_1,tt0432021,7
user_1,tt0432283,8
user_1,tt0432348,6
user_1,tt0432637,10
user_1,tt0433035,7
user_1,tt0433362,6
user_1,tt0433383,6
user_1,tt0433386,7
user_1,tt0433400,8
user_1,tt0433412,5
user_1,tt0434139,6
user_1,tt0434409,9
user_1,tt0435625,7
user_1,tt0435651,8
user_1,tt0435670,7
user_1,tt0435705,8
user_1,tt0435761,9
user_1,tt0436331,6
user_1,tt0436697,8
user_1,tt0437086,7
user_1,tt0437232,6
user_1,tt0437407,7
user_1,tt0437777,8
user_1,tt0438097,8
user_1,tt0438488,8
user_1,tt0439815,8
user_1,tt0440803,7
user_1,tt0440963,8
user_1,tt0441048,6
user_1,tt0441773,8
user_1,tt0441782,8
user_1,tt0441796,4
user_1,tt0442933,6
user_1,tt0443272,6
user_1,tt0443274,4
user_1,tt0443295,6
user_1,tt0443453,7
user_1,tt0443473,5
user_1,tt0443536,7
user_1,tt0443543,6
user_1,tt0443632,6
user_1,tt0443649,7
user_1,tt0443680,9
user_1,tt0443701,6
user_1,tt0443706,8
user_1,tt0444505,6
user_1,tt0444781,6
user_1,tt0445922,8
user_1,tt0445934,6
user_1,tt0446029,8
user_1,tt0446059,8
user_1,tt0446755,8
user_1,tt0448011,7
user_1,tt0448075,7
user_1,tt0448115,8
user_1,tt0448134,9
user_1,tt0448157,6
user_1,tt0448694,6
user_1,tt0449010,7
user_1,tt0449059,9
user_1,tt0449088,8
user_1,tt0449089,8
user_1,tt0449303,6
user_1,tt0449467,8
user_1,tt0450188,7
user_1,tt0450232,5
user_1,tt0450259,7
user_1,tt0450278,6
user_1,tt0450385,7
user_1,tt0450405,6
user_1,tt0451079,8
user_1,tt0451094,8
user_1,tt0451279,9
user_1,tt0451787,5
user_1,tt0452594,7
user_1,tt0452598,5
user_1,tt0452608,8
user_1,tt0452623,8
user_1,tt0452625,5
user_1,tt0452637,4
user_1,tt0452694,9
user_1,tt0453451,6
user_1,tt0453467,8
user_1,tt0453556,6
user_1,tt0453562,8
user_1,tt0454776,6
user_1,tt0454841,7
user_1,tt0454848,6
user_1,tt0454876,10
user_1,tt0454921,8
user_1,tt0454945,9
user_1,tt0454970,4
user_1,tt0455407,7
user_1,tt0455590,8
user_1,tt0455760,6
user_1,tt0455782,6
user_1,tt0455824,5
user_1,tt0455944,8
user_1,tt0455960,5
user_1,tt0455967,8
user_1,tt0456396,6
user_1,tt0457275,8
user_1,tt0457400,3
user_1,tt0457419,6
user_1,tt0457430,8
user_1,tt0457510,7
user_1,tt0457513,5
user_1,tt0457572,5
user_1,tt0457939,8
user_1,tt0458339,7
user_1,tt0458352,7
user_1,tt0458364,5
user_1,tt0458481,6
user_1,tt0458525,7
user_1,tt0460452,7
user_1,tt0460791,7
user_1,tt0460792,5
user_1,tt0460829,8
user_1,tt0460989,8
user_1,tt0461770,7
user_1,tt0462200,7
user_1,tt0462322,7
user_1,tt0462465,6
user_1,tt0462499,7
user_1,tt0462504,6
user_1,tt0462519,6
user_1,tt0462538,8
user_1,tt0462570,7
user_1,tt0462590,8
user_1,tt0463034,6
user_1,tt0463854,7
user_1,tt0463872,5
user_1,tt0463985,8
user_1,tt0464141,9
user_1,tt0464154,5
user_1,tt0464196,7
user_1,tt0465142,5
user_1,tt0465234,7
user_1,tt0465430,6
user_1,tt0465494,5
user_1,tt0465538,6
user_1,tt0465551,6
user_1,tt0465580,6
user_1,tt0465602,8
user_1,tt0466460,8
user_1,tt0466766,5
user_1,tt0467197,4
user_1,tt0467200,8
user_1,tt0467406,7
user_1,tt0468489,6
user_1,tt0468492,8
user_1,tt0468526,6
user_1,tt0468565,7
user_1,tt0468569,10
user_1,tt0469263,6
user_1,tt0469494,9
user_1,tt0469641,7
user_1,tt0469903,8
user_1,tt0470752,8
user_1,tt0471041,6
user_1,tt0471042,7
user_1,tt0472033,7
user_1,tt0472043,8
user_1,tt0472062,8
user_1,tt0472160,7
user_1,tt0472181,5
user_1,tt0472259,7
user_1,tt0472399,8
user_1,tt0473075,8
user_1,tt0473356,6
user_1,tt0473705,7
user_1,tt0473753,5
user_1,tt0473829,6
user_1,tt0475169,6
user_1,tt0475276,8
user_1,tt0475290,5
user_1,tt0475394,6
user_1,tt0475944,5
user_1,tt0476735,10
user_1,tt0476958,5
user_1,tt0476964,6
user_1,tt0477051,3
user_1,tt0477071,7
user_1,tt0477080,8
user_1,tt0477095,8
user_1,tt0477139,6
user_1,tt0477302,9
user_1,tt0477347,5
user_1,tt0477348,8
user_1,tt0478087,6
user_1,tt0478135,5
user_1,tt0478304,5
user_1,tt0478311,7
user_1,tt0478970,8
user_1,tt0479143,8
user_1,tt0479537,6
user_1,tt0479884,8
user_1,tt0479952,8
user_1,tt0480011,5
user_1,tt0480025,9
user_1,tt0480239,6
user_1,tt0480242,6
user_1,tt0480249,7
user_1,tt0480255,9
user_1,tt0480669,7
user_1,tt0480687,6
user_1,tt0480919,6
user_1,tt0481141,7
user_1,tt0481369,6
user_1,tt0481390,6
user_1,tt0481499,4
user_1,tt0481536,5
user_1,tt0482088,7
user_1,tt0482527,7
user_1,tt0482571,10
user_1,tt0482572,6
user_1,tt0482606,7
user_1,tt0483586,7
user_1,tt0483607,5
user_1,tt0483999,10
user_1,tt0485272,4
user_1,tt0485851,8
user_1,tt0485947,8
user_1,tt0486551,6
user_1,tt0486572,6
user_1,tt0486576,5
user_1,tt0486583,5
user_1,tt0486655,10
user_1,tt0486822,7
user_1,tt0486946,7
user_1,tt0488120,7
user_1,tt0488604,7
user_1,tt0488870,7
user_1,tt0488988,4
user_1,tt0489099,5
user_1,tt0489270,6
user_1,tt0490204,8
user_1,tt0490215,7
user_1,tt0491162,8
user_1,tt0492044,8
user_1,tt0493264,6
user_1,tt0493464,6
user_1,tt0494238,7
user_1,tt0496806,7
user_1,tt0497465,7
user_1,tt0498353,5
user_1,tt0498380,9
user_1,tt0498381,3
user_1,tt0498399,7
user_1,tt0499448,7
user_1,tt0499549,7
user_1,tt0499554,4
user_1,tt0499556,5
user_1,tt0756683,7
user_1,tt0757361,7
user_1,tt0758730,5
user_1,tt0758746,7
user_1,tt0758752,6
user_1,tt0758758,7
user_1,tt0758766,7
user_1,tt0758774,7
user_1,tt0762107,5
user_1,tt0763831,8
user_1,tt0765010,8
user_1,tt0765120,6
user_1,tt0765429,8
user_1,tt0765443,9
user_1,tt0765476,5
user_1,tt0770752,5
user_1,tt0770828,7
user_1,tt0772193,4
user_1,tt0775489,8
user_1,tt0778784,7
user_1,tt0780035,7
user_1,tt0780504,8
user_1,tt0780516,6
user_1,tt0780521,8
user_1,tt0780536,10
user_1,tt0780571,8
user_1,tt0780653,8
user_1,tt0781332,5
user_1,tt0783233,8
user_1,tt0785006,5
user_1,tt0785035,6
user_1,tt0787475,9
user_1,tt0787524,8
user_1,tt0790604,4
user_1,tt0790628,8
user_1,tt0790636,8
user_1,tt0790686,7
user_1,tt0790724,7
user_1,tt0790736,5
user_1,tt0792966,8
user_1,tt0795368,7
user_1,tt0795421,6
user_1,tt0795461,2
user_1,tt0796366,5
user_1,tt0796368,8
user_1,tt0796375,6
user_1,tt0799938,7
user_1,tt0799949,3
user_1,tt0800039,8
user_1,tt0800080,6
user_1,tt0800308,6
user_1,tt0800320,7
user_1,tt0800369,8
user_1,tt0802948,8
user_1,tt0803096,5
user_1,tt0804461,7
user_1,tt0804497,7
user_1,tt0804522,8
user_1,tt0804540,8
user_1,tt0805564,6
user_1,tt0806165,6
user_1,tt0808151,8
user_1,tt0808279,4
user_1,tt0808357,10
user_1,tt0808399,5
user_1,tt0808417,9
user_1,tt0808506,7
user_1,tt0808510,6
user_1,tt0810784,7
user_1,tt0810819,8
user_1,tt0810913,4
user_1,tt0810988,7
user_1,tt0814255,8
user_1,tt0814314,7
user_1,tt0815236,7
user_1,tt0815245,7
user_1,tt0816442,8
user_1,tt0816462,6
user_1,tt0816692,9
user_1,tt0816711,7
user_1,tt0817177,7
user_1,tt0817230,5
user_1,tt0817538,6
user_1,tt0820111,7
user_1,tt0821640,4
user_1,tt0821642,7
user_1,tt0822832,9
user_1,tt0822847,8
user_1,tt0822854,7
user_1,tt0824747,8
user_1,tt0825232,9
user_1,tt0827713,9
user_1,tt0829150,6
user_1,tt0829482,7
user_1,tt0830515,7
user_1,tt0831387,7
user_1,tt0831887,4
user_1,tt0832266,9
user_1,tt0833476,4
user_1,tt0834001,6
user_1,tt0837562,7
user_1,tt0837563,5
user_1,tt0838221,8
user_1,tt0838283,9
user_1,tt0839980,6
user_1,tt0840322,9
user_1,tt0840361,7
user_1,tt0841046,5
user_1,tt0842926,7
user_1,tt0843335,8
user_1,tt0844471,6
user_1,tt0844708,6
user_1,tt0847167,7
user_1,tt0847183,6
user_1,tt0848228,8
user_1,tt0848537,7
user_1,tt0848557,6
user_1,tt0851578,8
user_1,tt0852713,4
user_1,tt0856288,7
user_1,tt0856778,6
user_1,tt0858486,5
user_1,tt0859163,6
user_1,tt0860906,8
user_1,tt0861689,6
user_1,tt0861739,7
user_1,tt0862467,6
user_1,tt0862748,7
user_1,tt0862856,5
user_1,tt0864761,6
user_1,tt0864835,7
user_1,tt0865556,7
user_1,tt0866439,7
user_1,tt0869977,7
user_1,tt0869994,5
user_1,tt0870111,8
user_1,tt0870984,7
user_1,tt0871510,10
user_1,tt0873886,5
user_1,tt0875034,7
user_1,tt0876291,6
user_1,tt0876563,6
user_1,tt0878674,7
user_1,tt0878804,6
user_1,tt0878835,4
user_1,tt0879870,6
user_1,tt0880502,9
user_1,tt0880578,5
user_1,tt0881320,6
user_1,tt0881891,2
user_1,tt0882967,5
user_1,tt0882977,6
user_1,tt0884328,6
user_1,tt0884732,8
user_1,tt0887883,7
user_1,tt0887912,9
user_1,tt0889573,5
user_1,tt0889583,5
user_1,tt0890870,6
user_1,tt0892255,7
user_1,tt0892318,6
user_1,tt0892767,6
user_1,tt0892769,9
user_1,tt0892782,5
user_1,tt0892791,6
user_1,tt0893402,7
user_1,tt0896798,5
user_1,tt0896872,5
user_1,tt0898367,8
user_1,tt0901476,5
user_1,tt0901487,8
user_1,tt0903624,9
user_1,tt0903657,8
user_1,tt0905372,7
user_1,tt0907657,9
user_1,tt0910905,7
user_1,tt0910936,7
user_1,tt0910970,8
user_1,tt0913968,5
user_1,tt0914798,8
user_1,tt0914863,6
user_1,tt0918927,8
user_1,tt0918940,6
user_1,tt0926084,9
user_1,tt0926380,7
user_1,tt0926762,7
user_1,tt0929425,7
user_1,tt0929632,8
user_1,tt0935075,6
user_1,tt0936501,9
user_1,tt0938283,3
user_1,tt0942385,6
user_1,tt0944835,6
user_1,tt0945513,8
user_1,tt0947798,9
user_1,tt0947810,8
user_1,tt0948470,8
user_1,tt0949489,8
user_1,tt0949731,5
user_1,tt0952640,6
user_1,tt0954981,7
user_1,tt0955306,7
user_1,tt0955308,8
user_1,tt0959337,7
user_1,tt0960144,6
user_1,tt0960731,6
user_1,tt0960890,3
user_1,tt0962736,8
user_1,tt0963178,7
user_1,tt0963966,6
user_1,tt0964517,7
user_1,tt0970179,5
user_1,tt0970416,6
user_1,tt0970452,6
user_1,tt0970462,3
user_1,tt0970866,6
user_1,tt0971209,7
user_1,tt0974015,5
user_1,tt0974554,7
user_1,tt0974661,8
user_1,tt0975645,6
user_1,tt0976026,8
user_1,tt0976051,7
user_1,tt0978762,6
user_1,tt0978764,8
user_1,tt0980970,5
user_1,tt0981227,8
user_1,tt0983193,7
user_1,tt0983946,6
user_1,tt0985694,7
user_1,tt0985699,9
user_1,tt0986263,5
user_1,tt0986264,7
user_1,tt0988045,9
user_1,tt0988595,6
user_1,tt0989000,8
user_1,tt0989757,6
user_1,tt0990407,6
user_1,tt0993841,5
user_1,tt0993842,7
user_1,tt0993846,8
user_1,tt0995035,8
user_1,tt0995039,7
user_1,tt0996435,5
user_1,tt0996934,5
user_1,tt1000774,7
user_1,tt1001508,6
user_1,tt1001526,7
user_1,tt1007028,8
user_1,tt1007029,6
user_1,tt1010048,8
user_1,tt1013743,7
user_1,tt1013752,7
user_1,tt1013753,8
user_1,tt1014759,7
user_1,tt1017460,6
user_1,tt1019452,8
user_1,tt10199590,7
user_1,tt1020072,6
user_1,tt1020530,6
user_1,tt1020558,7
user_1,tt1020937,7
user_1,tt1022603,8
user_1,tt10228204,7
user_1,tt1023111,7
user_1,tt1023114,7
user_1,tt1023481,6
user_1,tt1024255,7
user_1,tt1024648,8
user_1,tt1024744,7
user_1,tt1027718,8
user_1,tt1028528,6
user_1,tt1028532,9
user_1,tt1029120,7
user_1,tt10324144,7
user_1,tt1032755,8
user_1,tt1032846,7
user_1,tt1033575,5
user_1,tt1033643,7
user_1,tt1034032,6
user_1,tt1034303,8
user_1,tt1034314,8
user_1,tt1034331,7
user_1,tt1034389,7
user_1,tt1037705,5
user_1,tt1038686,5
user_1,tt1038693,9
user_1,tt1038919,6
user_1,tt1038988,6
user_1,tt1041829,7
user_1,tt1042877,9
user_1,tt10431500,8
user_1,tt1043726,6
user_1,tt1045658,9
user_1,tt1045670,7
user_1,tt1045772,9
user_1,tt1045778,5
user_1,tt1046163,6
user_1,tt1046173,6
user_1,tt1049413,10
user_1,tt10508838,7
user_1,tt10518924,7
user_1,tt1051906,8
user_1,tt1053424,8
user_1,tt1054606,6
user_1,tt1055292,6
user_1,tt1055369,7
user_1,tt1057500,9
user_1,tt1058017,5
user_1,tt1059786,6
user_1,tt1060277,8
user_1,tt10627720,7
user_1,tt1063056,5
user_1,tt1063669,7
user_1,tt1064931,6
user_1,tt1064932,7
user_1,tt1065073,9
user_1,tt1067583,9
user_1,tt1068242,7
user_1,tt1068641,5
user_1,tt1068649,8
user_1,tt1068680,7
user_1,tt1069246,8
user_1,tt1071875,5
user_1,tt1072748,5
user_1,tt1073498,2
user_1,tt1074638,7
user_1,tt1075110,7
user_1,tt1075747,5
user_1,tt1077258,8
user_1,tt10773090,7
user_1,tt1077368,7
user_1,tt1078588,6
user_1,tt1078912,6
user_1,tt1078940,5
user_1,tt1079372,5
user_1,tt1080016,7
user_1,tt10816484,6
user_1,tt1082601,6
user_1,tt1082807,5
user_1,tt1082868,5
user_1,tt1082881,5
user_1,tt1083456,5
user_1,tt1084950,5
user_1,tt1086772,8
user_1,tt1087842,6
user_1,tt1091172,6
user_1,tt1091191,7
user_1,tt1091722,8
user_1,tt1092026,6
user_1,tt1092633,7
user_1,tt1093370,8
user_1,tt1093908,5
user_1,tt1095217,7
user_1,tt1098327,2
user_1,tt1099212,5
user_1,tt1100089,8
user_1,tt1101026,9
user_1,tt1103153,4
user_1,tt1104001,9
user_1,tt1105733,5
user_1,tt1109624,8
user_1,tt1111422,6
user_1,tt1111876,7
user_1,tt1112782,7
user_1,tt1114677,6
user_1,tt1114740,6
user_1,tt11161374,5
user_1,tt1117385,10
user_1,tt1119646,8
user_1,tt11207902,10
user_1,tt1120985,8
user_1,tt1121096,6
user_1,tt1121794,6
user_1,tt1121931,7
user_1,tt1124035,8
user_1,tt1125849,8
user_1,tt1126590,8
user_1,tt1126591,5
user_1,tt1126618,7
user_1,tt1127180,7
user_1,tt1128075,8
user_1,tt1129442,6
user_1,tt1130080,5
user_1,tt1130884,9
user_1,tt1131729,8
user_1,tt1131734,5
user_1,tt1132135,9
user_1,tt1132620,8
user_1,tt1132626,5
user_1,tt1133985,6
user_1,tt1133989,8
user_1,tt1133991,6
user_1,tt1135487,7
user_1,tt1135503,8
user_1,tt1135985,8
user_1,tt1136608,8
user_1,tt1139328,8
user_1,tt1139797,9
user_1,tt1142977,8
user_1,tt1142988,5
user_1,tt1144884,5
user_1,tt1148204,7
user_1,tt1149361,6
user_1,tt1152836,7
user_1,tt1152850,7
user_1,tt1155056,8
user_1,tt1155076,5
user_1,tt1156173,6
user_1,tt1156398,8
user_1,tt1160368,5
user_1,tt1160996,5
user_1,tt11614912,5
user_1,tt1161864,4
user_1,tt1164999,9
user_1,tt1166100,9
user_1,tt1170358,6
user_1,tt1171701,10
user_1,tt1172049,7
user_1,tt1172570,8
user_1,tt11727052,5
user_1,tt1172991,6
user_1,tt1174732,8
user_1,tt1174954,7
user_1,tt1178663,7
user_1,tt1179031,8
user_1,tt1179034,7
user_1,tt1179056,4
user_1,tt1179794,5
user_1,tt1179904,10
user_1,tt1179933,10
user_1,tt1181791,6
user_1,tt1182345,10
user_1,tt1182350,6
user_1,tt1182937,7
user_1,tt1183276,7
user_1,tt1183374,4
user_1,tt1185416,5
user_1,tt1185834,7
user_1,tt1186367,7
user_1,tt1186830,8
user_1,tt1187043,9
user_1,tt1187064,6
user_1,tt1188729,6
user_1,tt1188990,7
user_1,tt1188996,8
user_1,tt1189073,7
user_1,tt1189076,5
user_1,tt1189340,8
user_1,tt1190080,7
user_1,tt1190536,8
user_1,tt1190539,6
user_1,tt1190919,7
user_1,tt1191111,10
user_1,tt1192628,6
user_1,tt1193138,9
user_1,tt1193516,6
user_1,tt1193631,7
user_1,tt1194173,8
user_1,tt1194263,7
user_1,tt1195478,4
user_1,tt1197624,9
user_1,tt1201167,6
user_1,tt1201607,9
user_1,tt1203517,2
user_1,tt1204340,6
user_1,tt1204342,5
user_1,tt1204975,6
user_1,tt1205489,8
user_1,tt1205535,8
user_1,tt1205537,6
user_1,tt1206543,6
user_1,tt1210042,5
user_1,tt1210166,9
user_1,tt1210819,7
user_1,tt1211837,8
user_1,tt1211956,7
user_1,tt1212419,7
user_1,tt1212428,5
user_1,tt1212436,2
user_1,tt1212450,7
user_1,tt1213641,7
user_1,tt1213644,2
user_1,tt1213663,6
user_1,tt1214962,7
user_1,tt1216475,8
user_1,tt1216487,8
user_1,tt1216492,6
user_1,tt1216496,8
user_1,tt1217209,8
user_1,tt1217613,7
user_1,tt1219289,7
user_1,tt1219342,8
user_1,tt1219827,7
user_1,tt1220198,6
user_1,tt1220634,5
user_1,tt1220719,7
user_1,tt1221139,7
user_1,tt1222817,4
user_1,tt1225822,6
user_1,tt1226229,7
user_1,tt1226240,7
user_1,tt1226273,8
user_1,tt1226753,6
user_1,tt1226774,9
user_1,tt1228705,6
user_1,tt1228987,8
user_1,tt1229238,9
user_1,tt1229340,6
user_1,tt1229822,6
user_1,tt1230414,7
user_1,tt1231580,5
user_1,tt1231583,6
user_1,tt1231587,5
user_1,tt1232200,5
user_1,tt1232829,6
user_1,tt1233227,5
user_1,tt1234548,6
user_1,tt1234654,6
user_1,tt1234719,7
user_1,tt1234721,6
user_1,tt1235124,6
user_1,tt1235166,8
user_1,tt1235522,7
user_1,tt1236397,6
user_1,tt1240982,4
user_1,tt1241317,5
user_1,tt1242422,9
user_1,tt1242460,8
user_1,tt1243957,8
user_1,tt1243974,7
user_1,tt1244659,7
user_1,tt1244754,9
user_1,tt1245112,7
user_1,tt1245492,7
user_1,tt1245526,6
user_1,tt1247640,8
user_1,tt1250777,8
user_1,tt1251757,6
user_1,tt1253863,5
user_1,tt1253864,7
user_1,tt1255953,7
user_1,tt1258197,7
user_1,tt1258972,5
user_1,tt1259521,8
user_1,tt1259528,6
user_1,tt1259570,6
user_1,tt1259571,4
user_1,tt1261945,5
user_1,tt1262416,4
user_1,tt1262990,3
user_1,tt1263670,9
user_1,tt1263750,6
user_1,tt1267297,6
user_1,tt1270761,5
user_1,tt1270797,7
user_1,tt1270798,9
user_1,tt1272878,7
user_1,tt1273235,7
user_1,tt1273241,8
user_1,tt1276104,7
user_1,tt1276105,3
user_1,tt1277953,7
user_1,tt1278340,5
user_1,tt1279935,4
user_1,tt1280558,8
user_1,tt1282036,3
user_1,tt1282140,8
user_1,tt1284575,4
user_1,tt1285009,5
user_1,tt1285016,8
user_1,tt1285309,8
user_1,tt1286126,9
user_1,tt1288558,5
user_1,tt1289401,6
user_1,tt1289406,9
user_1,tt1290419,5
user_1,tt1291150,7
user_1,tt1291570,5
user_1,tt1291580,7
user_1,tt1291584,8
user_1,tt1292566,5
user_1,tt1293847,6
user_1,tt1294226,5
user_1,tt1296869,5
user_1,tt1296899,5
user_1,tt1297919,6
user_1,tt1298554,7
user_1,tt1298644,4
user_1,tt1298649,6
user_1,tt1298650,6
user_1,tt1300854,8
user_1,tt1302006,8
user_1,tt1302011,7
user_1,tt1305806,7
user_1,tt1306980,8
user_1,tt1307068,7
user_1,tt1308729,6
user_1,tt1309561,4
user_1,tt1313092,6
user_1,tt1313113,5
user_1,tt1314228,5
user_1,tt1314655,7
user_1,tt1315981,9
user_1,tt1316540,8
user_1,tt1316616,7
user_1,tt1318514,10
user_1,tt1320082,7
user_1,tt1320239,8
user_1,tt1320244,7
user_1,tt1320253,7
user_1,tt1320261,5
user_1,tt1321509,6
user_1,tt1321870,6
user_1,tt1323045,6
user_1,tt1323594,8
user_1,tt1324999,6
user_1,tt1325004,5
user_1,tt1327194,7
user_1,tt1327773,8
user_1,tt1329454,7
user_1,tt1333125,6
user_1,tt1334260,8
user_1,tt1335975,7
user_1,tt1337057,6
user_1,tt1340107,9
user_1,tt1340138,7
user_1,tt1340800,5
user_1,tt1341167,7
user_1,tt1342403,4
user_1,tt1343092,7
user_1,tt1343097,9
user_1,tt1343703,7
user_1,tt1343727,7
user_1,tt1345836,10
user_1,tt1351177,6
user_1,tt1351685,6
user_1,tt1355630,6
user_1,tt1355644,9
user_1,tt1355683,5
user_1,tt1356864,7
user_1,tt1360860,8
user_1,tt1362058,6
user_1,tt1365050,8
user_1,tt1365519,7
user_1,tt1366344,7
user_1,tt1371111,7
user_1,tt1373156,7
user_1,tt1374992,6
user_1,tt1375666,7
user_1,tt1375670,5
user_1,tt1379182,7
user_1,tt1381404,6
user_1,tt1385826,7
user_1,tt1385867,6
user_1,tt1386588,6
user_1,tt1386697,6
user_1,tt1386703,4
user_1,tt1386932,6
user_1,tt1388912,7
user_1,tt1389072,5
user_1,tt1389096,7
user_1,tt1389137,8
user_1,tt1390411,7
user_1,tt1392170,8
user_1,tt1392190,8
user_1,tt1392214,8
user_1,tt1393020,6
user_1,tt1395054,9
user_1,tt1396218,7
user_1,tt1396484,8
user_1,tt1397280,7
user_1,tt1397514,7
user_1,tt1398426,8
user_1,tt1399103,7
user_1,tt1399683,6
user_1,tt1401152,6
user_1,tt1401607,4
user_1,tt1402488,9
user_1,tt1403865,7
user_1,tt1403981,8
user_1,tt1405365,8
user_1,tt1407065,6
user_1,tt1408101,8
user_1,tt1408253,5
user_1,tt1409024,8
user_1,tt1410063,6
user_1,tt1411238,6
user_1,tt1411250,7
user_1,tt1411697,6
user_1,tt1412386,7
user_1,tt1413492,7
user_1,tt1414449,5
user_1,tt1416801,7
user_1,tt1418205,8
user_1,tt1418377,6
user_1,tt1421051,6
user_1,tt1422136,7
user_1,tt1423894,8
user_1,tt1424381,7
user_1,tt1424797,7
user_1,tt1428538,7
user_1,tt1430132,6
user_1,tt1430626,4
user_1,tt1431045,10
user_1,tt1431122,6
user_1,tt1431181,7
user_1,tt1433108,5
user_1,tt1433811,9
user_1,tt1433905,4
user_1,tt1436045,6
user_1,tt1436562,6
user_1,tt1436571,5
user_1,tt1437358,8
user_1,tt1438176,6
user_1,tt1438254,5
user_1,tt1439572,8
user_1,tt1440129,6
user_1,tt1440292,7
user_1,tt1440728,5
user_1,tt1441326,8
user_1,tt1441395,7
user_1,tt1441912,8
user_1,tt1441940,8
user_1,tt1441952,7
user_1,tt1446192,7
user_1,tt1446714,5
user_1,tt1447791,7
user_1,tt1448755,5
user_1,tt1450321,8
user_1,tt1452628,6
user_1,tt1453405,8
user_1,tt1454029,8
user_1,tt1454468,8
user_1,tt1456635,5
user_1,tt1456661,7
user_1,tt1456941,5
user_1,tt1457767,8
user_1,tt1458175,6
user_1,tt1462758,6
user_1,tt1462900,6
user_1,tt1464540,7
user_1,tt1464580,6
user_1,tt1465522,8
user_1,tt1467304,4
user_1,tt1469304,7
user_1,tt1470024,6
user_1,tt1470827,8
user_1,tt1472584,4
user_1,tt1473832,7
user_1,tt1477076,6
user_1,tt1477834,7
user_1,tt1477837,5
user_1,tt1478338,7
user_1,tt1478839,8
user_1,tt1478964,7
user_1,tt1480296,6
user_1,tt1481572,6
user_1,tt1482459,7
user_1,tt1483013,8
user_1,tt1483386,8
user_1,tt1485796,7
user_1,tt1486185,5
user_1,tt1486192,8
user_1,tt1486834,5
user_1,tt1488555,6
user_1,tt1488606,8
user_1,tt1489887,7
user_1,tt1489889,5
user_1,tt1490017,10
user_1,tt1491044,7
user_1,tt1496025,7
user_1,tt1496422,7
user_1,tt1499658,8
user_1,tt1499666,8
user_1,tt1502397,7
user_1,tt1502404,4
user_1,tt1502407,7
user_1,tt1502712,4
user_1,tt1504320,7
user_1,tt1506999,5
user_1,tt1509767,5
user_1,tt1512685,7
user_1,tt1512894,6
user_1,tt1515091,9
user_1,tt1517260,8
user_1,tt1517451,7
user_1,tt1517489,5
user_1,tt1518812,6
user_1,tt1523486,8
user_1,tt1524083,8
user_1,tt1524137,7
user_1,tt1524930,6
user_1,tt1526741,6
user_1,tt1527119,4
user_1,tt1527186,6
user_1,tt1527788,9
user_1,tt1528071,7
user_1,tt1528100,5
user_1,tt1528313,7
user_1,tt1528854,7
user_1,tt1531901,8
user_1,tt1532503,9
user_1,tt1533084,3
user_1,tt1535108,5
user_1,tt1535109,9
user_1,tt1535438,7
user_1,tt1536044,5
user_1,tt1536537,7
user_1,tt1538403,7
user_1,tt1540011,4
user_1,tt1540133,7
user_1,tt1541874,6
user_1,tt1542344,9
user_1,tt1542768,5
user_1,tt1547234,8
user_1,tt1549572,6
user_1,tt1549920,6
user_1,tt1552224,4
user_1,tt1555149,8
user_1,tt1560220,7
user_1,tt1560747,9
user_1,tt1560970,8
user_1,tt1562872,8
user_1,tt1563719,7
user_1,tt1563738,8
user_1,tt1564349,7
user_1,tt1564367,8
user_1,tt1564368,6
user_1,tt1564585,3
user_1,tt1565069,7
user_1,tt1567437,7
user_1,tt1567448,9
user_1,tt1567609,7
user_1,tt1568337,6
user_1,tt1568338,6
user_1,tt1568346,10
user_1,tt1568911,6
user_1,tt1570619,3
user_1,tt1570728,8
user_1,tt1571222,8
user_1,tt1571234,6
user_1,tt1572311,3
user_1,tt1572315,5
user_1,tt1572491,6
user_1,tt1577061,5
user_1,tt1578275,7
user_1,tt1582507,7
user_1,tt1583420,7
user_1,tt1583421,4
user_1,tt1586265,6
user_1,tt1587310,6
user_1,tt1588170,7
user_1,tt1588173,7
user_1,tt1588358,8
user_1,tt1588878,4
user_1,tt1590089,6
user_1,tt1590193,7
user_1,tt1591095,8
user_1,tt1592292,8
user_1,tt1592525,8
user_1,tt1592873,7
user_1,tt1594917,5
user_1,tt1595656,6
user_1,tt1596343,7
user_1,tt1596345,7
user_1,tt1596350,8
user_1,tt1596363,8
user_1,tt1596365,6
user_1,tt1598778,7
user_1,tt1598822,7
user_1,tt1599348,7
user_1,tt1600195,6
user_1,tt1600196,5
user_1,tt1601913,5
user_1,tt1602613,7
user_1,tt1602620,8
user_1,tt1603257,7
user_1,tt1605630,7
user_1,tt1605783,7
user_1,tt1606378,5
user_1,tt1606389,7
user_1,tt1608290,5
user_1,tt1611224,6
user_1,tt1612774,7
user_1,tt1614989,7
user_1,tt1615065,6
user_1,tt1615147,7
user_1,tt1615160,7
user_1,tt1616195,6
user_1,tt1617661,6
user_1,tt1618434,6
user_1,tt1620680,3
user_1,tt1622547,7
user_1,tt1622979,6
user_1,tt1623205,6
user_1,tt1623288,7
user_1,tt1628841,6
user_1,tt1630637,8
user_1,tt1631867,8
user_1,tt1632708,7
user_1,tt1634122,6
user_1,tt1634136,5
user_1,tt1636826,6
user_1,tt1637688,8
user_1,tt1637706,5
user_1,tt1637725,6
user_1,tt1638002,7
user_1,tt1638355,8
user_1,tt1640459,6
user_1,tt1641638,10
user_1,tt1641975,4
user_1,tt1645080,8
user_1,tt1645131,6
user_1,tt1645170,8
user_1,tt1646959,6
user_1,tt1646971,6
user_1,tt1646975,6
user_1,tt1646980,6
user_1,tt1646987,6
user_1,tt1648112,7
user_1,tt1648179,6
user_1,tt1648190,6
user_1,tt1649419,8
user_1,tt1649780,6
user_1,tt1650062,6
user_1,tt1650536,5
user_1,tt1650554,9
user_1,tt1655441,7
user_1,tt1655442,5
user_1,tt1655460,6
user_1,tt1655461,5
user_1,tt1656190,7
user_1,tt1657507,8
user_1,tt1658837,6
user_1,tt1659337,8
user_1,tt1659338,5
user_1,tt1659343,7
user_1,tt1659619,7
user_1,tt1661199,9
user_1,tt1661275,8
user_1,tt1663143,5
user_1,tt1663202,7
user_1,tt1663321,7
user_1,tt1663662,8
user_1,tt1666186,5
user_1,tt1666801,7
user_1,tt1667353,7
user_1,tt1667355,6
user_1,tt1667889,7
user_1,tt1668191,8
user_1,tt1670345,9
user_1,tt1672214,8
user_1,tt1673434,5
user_1,tt1674773,7
user_1,tt1675192,6
user_1,tt1675434,10
user_1,tt1677082,7
user_1,tt1677720,7
user_1,tt1678051,4
user_1,tt1679335,7
user_1,tt1680058,7
user_1,tt1680089,5
user_1,tt1682180,7
user_1,tt1683526,6
user_1,tt1686784,7
user_1,tt1687901,7
user_1,tt1690953,8
user_1,tt1690967,7
user_1,tt1691916,7
user_1,tt1691917,6
user_1,tt1691920,6
user_1,tt1692486,9
user_1,tt1694021,5
user_1,tt1698641,6
user_1,tt1700841,6
user_1,tt1702014,7
user_1,tt1702439,7
user_1,tt1703048,8
user_1,tt1704573,6
user_1,tt1706593,8
user_1,tt1706598,5
user_1,tt1706620,9
user_1,tt1707386,8
user_1,tt1708526,4
user_1,tt1708532,5
user_1,tt1709143,6
user_1,tt1711425,7
user_1,tt1712261,5
user_1,tt1714203,3
user_1,tt1714206,7
user_1,tt1714208,6
user_1,tt1714210,8
user_1,tt1714915,8
user_1,tt1715873,5
user_1,tt1716772,6
user_1,tt1722450,7
user_1,tt1723121,7
user_1,tt1723811,7
user_1,tt1726669,6
user_1,tt1727388,7
user_1,tt1727816,6
user_1,tt1727824,8
user_1,tt1731141,7
user_1,tt1734493,6
user_1,tt1735898,5
user_1,tt1740707,6
user_1,tt1741273,7
user_1,tt1742334,6
user_1,tt1748122,6
user_1,tt1748179,5
user_1,tt1748197,5
user_1,tt1748227,6
user_1,tt1754656,9
user_1,tt1756750,8
user_1,tt1758692,6
user_1,tt1758810,6
user_1,tt1758830,6
user_1,tt1764234,5
user_1,tt1764651,6
user_1,tt1767354,7
user_1,tt1772240,4
user_1,tt1772264,8
user_1,tt1772288,8
user_1,tt1772341,6
user_1,tt1778304,6
user_1,tt1781769,5
user_1,tt1781922,6
user_1,tt1783232,9
user_1,tt1783732,6
user_1,tt1785669,5
user_1,tt1787988,7
user_1,tt1790809,6
user_1,tt1790834,8
user_1,tt1790864,7
user_1,tt1790885,5
user_1,tt1790886,6
user_1,tt1791528,8
user_1,tt1791682,4
user_1,tt1792799,5
user_1,tt1795369,9
user_1,tt1798188,7
user_1,tt1798684,7
user_1,tt1798709,8
user_1,tt1800241,7
user_1,tt1800246,8
user_1,tt1800741,7
user_1,tt1801071,7
user_1,tt1808208,3
user_1,tt1808454,5
user_1,tt1809398,7
user_1,tt1814621,5
user_1,tt1815862,6
user_1,tt1817081,6
user_1,tt1817273,8
user_1,tt1821480,8
user_1,tt1821549,7
user_1,tt1821593,8
user_1,tt1821658,5
user_1,tt1821694,6
user_1,tt1823672,7
user_1,tt1825683,7
user_1,tt1826590,6
user_1,tt1832382,8
user_1,tt1833844,6
user_1,tt1837636,5
user_1,tt1837703,6
user_1,tt1838544,6
user_1,tt1838603,7
user_1,tt1839492,8
user_1,tt1840309,6
user_1,tt1840417,7
user_1,tt1843866,7
user_1,tt1846589,7
user_1,tt1850457,5
user_1,tt1853728,9
user_1,tt1854564,5
user_1,tt1854568,6
user_1,tt1855199,6
user_1,tt1855325,7
user_1,tt1856101,7
user_1,tt1859438,7
user_1,tt1859446,6
user_1,tt1859650,7
user_1,tt1860213,5
user_1,tt1860353,8
user_1,tt1860357,7
user_1,tt1862079,9
user_1,tt1866249,9
user_1,tt1869716,6
user_1,tt1872181,7
user_1,tt1872194,7
user_1,tt1877832,10
user_1,tt1878870,8
user_1,tt1881002,7
user_1,tt1893256,7
user_1,tt1894476,8
user_1,tt1895315,6
user_1,tt1895587,8
user_1,tt1899353,7
user_1,tt1901024,7
user_1,tt1904996,6
user_1,tt1905040,6
user_1,tt1905041,8
user_1,tt1907668,8
user_1,tt1911644,6
user_1,tt1911658,6
user_1,tt1912398,8
user_1,tt1915533,5
user_1,tt1915581,6
user_1,tt1918969,8
user_1,tt1920849,5
user_1,tt1921064,5
user_1,tt1921149,7
user_1,tt1922685,6
user_1,tt1922721,6
user_1,tt1922777,8
user_1,tt1924396,7
user_1,tt1924429,8
user_1,tt1924435,7
user_1,tt1930294,4
user_1,tt1930546,6
user_1,tt1931533,8
user_1,tt1932718,6
user_1,tt1934231,7
user_1,tt1935179,6
user_1,tt1935859,6
user_1,tt1937118,9
user_1,tt1937390,8
user_1,tt1939659,7
user_1,tt1948119,4
user_1,tt1950186,8
user_1,tt1951164,5
user_1,tt1951181,7
user_1,tt1951261,5
user_1,tt1951264,8
user_1,tt1951265,7
user_1,tt1951266,7
user_1,tt1954470,8
user_1,tt1954598,7
user_1,tt1956620,6
user_1,tt1959332,8
user_1,tt1959490,5
user_1,tt1959563,6
user_1,tt1961175,7
user_1,tt1964418,6
user_1,tt1964624,6
user_1,tt1965065,7
user_1,tt1972571,7
user_1,tt1972591,8
user_1,tt1972779,7
user_1,tt1974419,6
user_1,tt1975159,6
user_1,tt1979320,7
user_1,tt1979376,10
user_1,tt1979388,6
user_1,tt1980209,7
user_1,tt1980929,8
user_1,tt1981107,7
user_1,tt1981115,6
user_1,tt1981128,5
user_1,tt1981677,8
user_1,tt1985019,5
user_1,tt1985949,5
user_1,tt1985966,6
user_1,tt1985981,6
user_1,tt1989485,5
user_1,tt1990181,7
user_1,tt1990314,7
user_1,tt1991031,5
user_1,tt1992138,7
user_1,tt1996264,7
user_1,tt1999987,7
user_1,tt1999995,5
user_1,tt2002718,6
user_1,tt2004420,7
user_1,tt2005151,6
user_1,tt2005374,6
user_1,tt2006295,8
user_1,tt2011953,8
user_1,tt2013293,7
user_1,tt2015381,9
user_1,tt2017020,6
user_1,tt2017038,7
user_1,tt2023587,7
user_1,tt2024432,5
user_1,tt2024469,7
user_1,tt2024519,10
user_1,tt2024544,7
user_1,tt2034139,4
user_1,tt2034800,7
user_1,tt2035630,6
user_1,tt2040560,6
user_1,tt2042568,9
user_1,tt2051879,6
user_1,tt2053463,6
user_1,tt2057392,8
user_1,tt2058673,6
user_1,tt2059255,7
user_1,tt2062700,4
user_1,tt2062990,7
user_1,tt2066051,7
user_1,tt2072233,6
user_1,tt2076298,8
user_1,tt2077833,4
user_1,tt2080374,7
user_1,tt2083383,5
user_1,tt2084970,7
user_1,tt2084989,7
user_1,tt2091235,6
user_1,tt2091473,6
user_1,tt2093270,6
user_1,tt2094018,8
user_1,tt2094064,7
user_1,tt2094766,4
user_1,tt2096672,7
user_1,tt2096673,10
user_1,tt2101341,8
user_1,tt2101383,7
user_1,tt2101441,6
user_1,tt2103217,7
user_1,tt2103267,7
user_1,tt2103281,9
user_1,tt2105044,8
user_1,tt2106476,8
user_1,tt2106529,5
user_1,tt2109184,4
user_1,tt2109248,7
user_1,tt2112210,8
user_1,tt2113681,6
user_1,tt2113820,6
user_1,tt2118624,6
user_1,tt2119404,5
user_1,tt2119532,7
user_1,tt2120120,5
user_1,tt2123129,9
user_1,tt2125435,10
user_1,tt2126355,8
user_1,tt2132285,6
user_1,tt2139881,6
user_1,tt2140373,8
user_1,tt2140379,6
user_1,tt2140479,9
user_1,tt2140619,6
user_1,tt2141751,7
user_1,tt2165859,5
user_1,tt2167202,5
user_1,tt2170299,7
user_1,tt2170439,6
user_1,tt2170593,6
user_1,tt2172071,6
user_1,tt2172934,7
user_1,tt2177771,7
user_1,tt2179136,9
user_1,tt2180411,6
user_1,tt2180994,5
user_1,tt2181931,9
user_1,tt2183034,5
user_1,tt2184339,7
user_1,tt2188741,4
user_1,tt2191701,4
user_1,tt2193215,5
user_1,tt2194499,9
user_1,tt2199571,5
user_1,tt2203308,7
user_1,tt2203939,7
user_1,tt2205697,8
user_1,tt2209418,9
user_1,tt2209764,7
user_1,tt2210463,5
user_1,tt2224026,6
user_1,tt2226417,7
user_1,tt2229499,6
user_1,tt2229842,9
user_1,tt2230358,8
user_1,tt2231253,5
user_1,tt2231461,6
user_1,tt2234155,6
user_1,tt2234261,5
user_1,tt2239822,7
user_1,tt2241351,7
user_1,tt2241403,5
user_1,tt2243537,5
user_1,tt2243621,7
user_1,tt2245084,9
user_1,tt2250912,6
user_1,tt2258345,7
user_1,tt2261287,7
user_1,tt2261331,5
user_1,tt2261749,7
user_1,tt2262227,7
user_1,tt2263944,6
user_1,tt2265171,7
user_1,tt2265398,5
user_1,tt2267968,8
user_1,tt2267998,8
user_1,tt2268016,4
user_1,tt2274648,4
user_1,tt2277860,9
user_1,tt2278388,9
user_1,tt2278871,8
user_1,tt2279373,8
user_1,tt2283336,5
user_1,tt2283362,8
user_1,tt2293640,8
user_1,tt2294449,6
user_1,tt2294629,7
user_1,tt2302755,7
user_1,tt2303110,3
user_1,tt2304933,5
user_1,tt2305051,7
user_1,tt2309600,9
user_1,tt2310332,8
user_1,tt2312718,7
user_1,tt2312890,6
user_1,tt2316204,7
user_1,tt2316411,6
user_1,tt2320968,7
user_1,tt2321421,10
user_1,tt2321549,7
user_1,tt2322441,5
user_1,tt2325741,8
user_1,tt2328900,8
user_1,tt2331047,5
user_1,tt2333784,5
user_1,tt2334649,8
user_1,tt2334871,5
user_1,tt2334873,9
user_1,tt2334879,7
user_1,tt2338151,8
user_1,tt2345737,6
user_1,tt2345759,6
user_1,tt2347569,8
user_1,tt2351310,5
user_1,tt2356180,9
user_1,tt2357129,6
user_1,tt2357291,8
user_1,tt2358891,8
user_1,tt2359024,6
user_1,tt2361509,6
user_1,tt2369135,8
user_1,tt2369543,8
user_1,tt2377938,7
user_1,tt2378281,7
user_1,tt2378507,8
user_1,tt2379713,8
user_1,tt2380307,7
user_1,tt2381111,7
user_1,tt2381249,6
user_1,tt2381941,6
user_1,tt2382009,6
user_1,tt2385104,8
user_1,tt2386404,8
user_1,tt2386490,6
user_1,tt2387433,5
user_1,tt2387499,6
user_1,tt2387559,6
user_1,tt2388715,6
user_1,tt2388771,6
user_1,tt2390361,7
user_1,tt2393845,5
user_1,tt2395427,7
user_1,tt2395469,7
user_1,tt2397535,7
user_1,tt2398241,7
user_1,tt2400463,6
user_1,tt2401878,8
user_1,tt2402101,6
user_1,tt2402157,6
user_1,tt2402927,6
user_1,tt2403021,6
user_1,tt2404233,7
user_1,tt2404311,7
user_1,tt2404435,7
user_1,tt2404461,10
user_1,tt2404463,7
user_1,tt2406566,7
user_1,tt2428170,4
user_1,tt2431286,8
user_1,tt2436386,7
user_1,tt2438644,8
user_1,tt2446042,7
user_1,tt2446980,8
user_1,tt2452042,9
user_1,tt2452254,7
user_1,tt2452386,7
user_1,tt2461150,7
user_1,tt2463288,6
user_1,tt2467046,3
user_1,tt2471640,8
user_1,tt2473682,6
user_1,tt2476154,4
user_1,tt2488496,8
user_1,tt2493486,8
user_1,tt2499856,8
user_1,tt2503944,6
user_1,tt2504404,6
user_1,tt2510894,8
user_1,tt2515030,6
user_1,tt2527336,5
user_1,tt2527338,6
user_1,tt2528814,6
user_1,tt2543164,9
user_1,tt2543472,7
user_1,tt2544766,8
user_1,tt2547584,6
user_1,tt2548396,6
user_1,tt2554274,7
user_1,tt2555962,6
user_1,tt2557478,7
user_1,tt2557490,4
user_1,tt2561572,7
user_1,tt2562232,6
user_1,tt2564706,7
user_1,tt2566016,6
user_1,tt2567026,7
user_1,tt2567712,8
user_1,tt2568862,7
user_1,tt2582496,8
user_1,tt2582782,9
user_1,tt2582802,9
user_1,tt2582846,9
user_1,tt2584384,9
user_1,tt2592614,7
user_1,tt2597760,6
user_1,tt2601260,5
user_1,tt2609218,5
user_1,tt2610798,5
user_1,tt2630742,7
user_1,tt2631186,9
user_1,tt2637276,5
user_1,tt2639336,6
user_1,tt2649554,6
user_1,tt2652092,7
user_1,tt2654572,7
user_1,tt2659414,8
user_1,tt2660888,8
user_1,tt2669336,7
user_1,tt2671706,8
user_1,tt2672180,4
user_1,tt2674426,7
user_1,tt2679042,5
user_1,tt2692250,8
user_1,tt2692904,7
user_1,tt2704998,7
user_1,tt2707858,6
user_1,tt2709692,6
user_1,tt2709768,7
user_1,tt2713180,7
user_1,tt2716554,6
user_1,tt2717860,8
user_1,tt2718440,6
user_1,tt2719848,7
user_1,tt2720680,6
user_1,tt2737304,6
user_1,tt2758880,9
user_1,tt2763304,8
user_1,tt2769828,6
user_1,tt2771200,6
user_1,tt2771372,5
user_1,tt2788710,5
user_1,tt2788716,8
user_1,tt2798920,7
user_1,tt2799166,3
user_1,tt2800240,7
user_1,tt2802144,8
user_1,tt2820852,6
user_1,tt2823054,6
user_1,tt2837574,5
user_1,tt2844798,6
user_1,tt2848292,8
user_1,tt2854926,8
user_1,tt2855648,6
user_1,tt2861320,6
user_1,tt2866360,7
user_1,tt2869728,7
user_1,tt2870612,9
user_1,tt2870756,5
user_1,tt2872462,7
user_1,tt2872718,7
user_1,tt2872732,7
user_1,tt2872750,8
user_1,tt2873282,6
user_1,tt2877108,9
user_1,tt2883512,8
user_1,tt2884206,8
user_1,tt2888046,8
user_1,tt2891174,8
user_1,tt2908446,6
user_1,tt2910904,7
user_1,tt2911666,8
user_1,tt2917388,10
user_1,tt2932536,6
user_1,tt2935510,7
user_1,tt2937696,6
user_1,tt2948356,8
user_1,tt2952602,6
user_1,tt2969656,6
user_1,tt2974918,6
user_1,tt2975578,5
user_1,tt2975590,6
user_1,tt2980516,7
user_1,tt2980592,6
user_1,tt2980648,9
user_1,tt2980708,6
user_1,tt2991224,9
user_1,tt3007512,8
user_1,tt3011894,6
user_1,tt3011960,6
user_1,tt3014866,7
user_1,tt3021360,6
user_1,tt3040964,7
user_1,tt3042408,7
user_1,tt3045616,5
user_1,tt3062096,5
user_1,tt3063516,7
user_1,tt3064298,8
user_1,tt3065204,8
user_1,tt3072482,8
user_1,tt3076658,9
user_1,tt3079380,6
user_1,tt3086442,7
user_1,tt3089630,3
user_1,tt3097204,7
user_1,tt3099498,4
user_1,tt3100274,7
user_1,tt3104988,6
user_1,tt3110958,5
user_1,tt3113696,7
user_1,tt3118452,5
user_1,tt3120054,5
user_1,tt3133722,5
user_1,tt3137630,5
user_1,tt3140100,8
user_1,tt3142366,5
user_1,tt3142872,7
user_1,tt3147312,7
user_1,tt3149038,7
user_1,tt3152624,5
user_1,tt3155734,4
user_1,tt3159984,5
user_1,tt3168230,8
user_1,tt3170832,8
user_1,tt3170902,7
user_1,tt3172532,7
user_1,tt3174376,5
user_1,tt3175038,6
user_1,tt3183660,7
user_1,tt3195644,7
user_1,tt3203606,8
user_1,tt3203616,6
user_1,tt3205376,7
user_1,tt3224288,7
user_1,tt3235888,7
user_1,tt3247714,8
user_1,tt3253930,9
user_1,tt3256226,6
user_1,tt3262342,9
user_1,tt3263904,8
user_1,tt3280262,6
user_1,tt3280916,4
user_1,tt3281548,8
user_1,tt3286560,4
user_1,tt3289728,4
user_1,tt3289956,6
user_1,tt3300542,6
user_1,tt3312830,6
user_1,tt3315342,8
user_1,tt3316948,6
user_1,tt3316960,8
user_1,tt3317874,5
user_1,tt3322364,5
user_1,tt3322420,9
user_1,tt3322940,4
user_1,tt3328442,6
user_1,tt3348730,7
user_1,tt3352390,6
user_1,tt3368222,8
user_1,tt3371366,6
user_1,tt3381008,7
user_1,tt3385516,7
user_1,tt3385524,7
user_1,tt3390572,9
user_1,tt3393786,6
user_1,tt3395184,6
user_1,tt3397884,8
user_1,tt3402236,7
user_1,tt3410834,7
user_1,tt3411420,4
user_1,tt3416532,9
user_1,tt3416536,6
user_1,tt3416742,8
user_1,tt3416744,7
user_1,tt3450650,4
user_1,tt3450958,8
user_1,tt3460252,6
user_1,tt3464902,7
user_1,tt3469046,6
user_1,tt3470600,9
user_1,tt3480796,4
user_1,tt3488328,7
user_1,tt3488710,10
user_1,tt3495026,8
user_1,tt3498820,10
user_1,tt3501632,9
user_1,tt3502488,7
user_1,tt3503406,6
user_1,tt3506302,6
user_1,tt3513498,8
user_1,tt3513548,6
user_1,tt3520418,7
user_1,tt3521126,7
user_1,tt3521164,8
user_1,tt3522806,6
user_1,tt3530002,8
user_1,tt3531824,5
user_1,tt3532216,7
user_1,tt3544112,7
user_1,tt3553976,9
user_1,tt3564472,6
user_1,tt3565264,7
user_1,tt3567288,7
user_1,tt3569230,7
user_1,tt3598222,5
user_1,tt3600950,5
user_1,tt3605418,4
user_1,tt3606752,7
user_1,tt3606756,5
user_1,tt3606888,7
user_1,tt3610746,5
user_1,tt3618822,6
user_1,tt3622592,7
user_1,tt3631112,9
user_1,tt3640424,6
user_1,tt3654796,8
user_1,tt3659388,8
user_1,tt3666024,7
user_1,tt3668162,9
user_1,tt3682448,9
user_1,tt3687398,2
user_1,tt3691740,7
user_1,tt3700392,8
user_1,tt3702652,6
user_1,tt3715320,7
user_1,tt3716530,7
user_1,tt3717252,6
user_1,tt3717490,6
user_1,tt3721936,8
user_1,tt3721954,8
user_1,tt3726704,6
user_1,tt3731562,6
user_1,tt3734354,5
user_1,tt3741700,8
user_1,tt3741834,8
user_1,tt3748172,7
user_1,tt3748528,8
user_1,tt3766354,7
user_1,tt3774114,5
user_1,tt3774466,7
user_1,tt3778644,8
user_1,tt3783958,9
user_1,tt3787590,7
user_1,tt3788098,3
user_1,tt3794354,7
user_1,tt3799372,6
user_1,tt3799694,6
user_1,tt3808342,7
user_1,tt3810602,7
user_1,tt3819668,7
user_1,tt3829266,6
user_1,tt3829920,8
user_1,tt3832914,4
user_1,tt3846674,9
user_1,tt3850214,7
user_1,tt3850590,6
user_1,tt3859304,5
user_1,tt3859980,9
user_1,tt3863552,9
user_1,tt3874544,5
user_1,tt3877674,6
user_1,tt3882082,6
user_1,tt3890160,7
user_1,tt3892172,7
user_1,tt3894190,6
user_1,tt3896198,8
user_1,tt3907584,8
user_1,tt3913206,6
user_1,tt3922818,6
user_1,tt3954660,7
user_1,tt3960412,6
user_1,tt3967856,7
user_1,tt3982254,9
user_1,tt3986820,7
user_1,tt3991412,8
user_1,tt4003440,6
user_1,tt4005402,6
user_1,tt4010848,6
user_1,tt4016934,7
user_1,tt4034228,9
user_1,tt4034354,7
user_1,tt4040072,8
user_1,tt4046784,6
user_1,tt4048272,7
user_1,tt4052882,6
user_1,tt4062536,8
user_1,tt4080728,8
user_1,tt4084744,7
user_1,tt4085084,7
user_1,tt4094724,6
user_1,tt4116284,9
user_1,tt4123430,8
user_1,tt4136084,6
user_1,tt4139124,7
user_1,tt4139588,7
user_1,tt4154664,6
user_1,tt4154756,9
user_1,tt4154796,9
user_1,tt4156972,6
user_1,tt4160708,6
user_1,tt4163224,4
user_1,tt4172430,7
user_1,tt4176826,7
user_1,tt4178092,8
user_1,tt4191580,7
user_1,tt4192740,7
user_1,tt4196776,8
user_1,tt4197642,7
user_1,tt4209788,8
user_1,tt4218572,7
user_1,tt4244162,6
user_1,tt4255304,6
user_1,tt4263482,6
user_1,tt4264426,5
user_1,tt4272866,9
user_1,tt4273170,6
user_1,tt4276820,8
user_1,tt4287320,4
user_1,tt4291014,7
user_1,tt4302938,7
user_1,tt4328584,4
user_1,tt4334266,4
user_1,tt4360924,5
user_1,tt4373886,6
user_1,tt4383594,4
user_1,tt4387040,7
user_1,tt4416518,4
user_1,tt4425200,6
user_1,tt4426656,7
user_1,tt4438848,5
user_1,tt4456982,8
user_1,tt4463816,4
user_1,tt4465564,5
user_1,tt4468740,6
user_1,tt4477536,4
user_1,tt4481414,6
user_1,tt4481514,5
user_1,tt4500734,4
user_1,tt4500922,6
user_1,tt4501244,6
user_1,tt4511566,4
user_1,tt4517624,6
user_1,tt4520364,5
user_1,tt4520988,9
user_1,tt4530422,6
user_1,tt4532826,7
user_1,tt4535650,5
user_1,tt4547056,7
user_1,tt4550098,7
user_1,tt4555426,8
user_1,tt4560008,8
user_1,tt4562518,8
user_1,tt4572514,8
user_1,tt4575576,8
user_1,tt4594286,7
user_1,tt4600952,6
user_1,tt4624424,7
user_1,tt4625536,6
user_1,tt4630562,6
user_1,tt4633690,7
user_1,tt4633694,8
user_1,tt4635372,10
user_1,tt4648786,8
user_1,tt4649466,7
user_1,tt4651520,5
user_1,tt4666726,8
user_1,tt4667084,3
user_1,tt4667094,4
user_1,tt4680182,7
user_1,tt4686844,6
user_1,tt4687108,6
user_1,tt4687848,7
user_1,tt4695012,5
user_1,tt4698684,7
user_1,tt4701182,7
user_1,tt4701908,4
user_1,tt4702826,6
user_1,tt4712818,6
user_1,tt4721404,6
user_1,tt4729430,7
user_1,tt4731136,7
user_1,tt4765240,5
user_1,tt4769836,5
user_1,tt4776998,6
user_1,tt4777008,8
user_1,tt4779682,4
user_1,tt4786282,7
user_1,tt4792524,4
user_1,tt4815122,6
user_1,tt4824302,6
user_1,tt4826674,7
user_1,tt4832640,7
user_1,tt4838248,6
user_1,tt4840206,7
user_1,tt4843012,6
user_1,tt4846232,8
user_1,tt4846340,8
user_1,tt4847454,3
user_1,tt4849438,9
user_1,tt4857264,9
user_1,tt4859168,9
user_1,tt4869678,10
user_1,tt4881806,6
user_1,tt4900716,9
user_1,tt4901306,8
user_1,tt4906984,7
user_1,tt4912910,8
user_1,tt4916630,8
user_1,tt4925292,8
user_1,tt4934950,7
user_1,tt4956378,7
user_1,tt4971344,6
user_1,tt4972582,8
user_1,tt4974778,5
user_1,tt4975722,8
user_1,tt4986098,3
user_1,tt4995790,5
user_1,tt5007434,7
user_1,tt5013056,8
user_1,tt5022702,9
user_1,tt5024728,4
user_1,tt5027774,9
user_1,tt5028340,8
user_1,tt5033998,5
user_1,tt5037912,8
user_1,tt5052448,9
user_1,tt5052474,7
user_1,tt5057140,6
user_1,tt5074352,9
user_1,tt5078204,9
user_1,tt5083738,9
user_1,tt5093026,8
user_1,tt5095030,7
user_1,tt5096470,4
user_1,tt5104604,7
user_1,tt5109784,7
user_1,tt5113040,7
user_1,tt5120640,7
user_1,tt5140878,6
user_1,tt5159414,5
user_1,tt5164214,7
user_1,tt5164432,6
user_1,tt5186714,9
user_1,tt5195412,5
user_1,tt5208216,6
user_1,tt5215952,8
user_1,tt5220122,7
user_1,tt5238904,6
user_1,tt5247022,8
user_1,tt5247704,7
user_1,tt5255710,8
user_1,tt5294550,8
user_1,tt5303106,4
user_1,tt5308322,6
user_1,tt5311514,7
user_1,tt5312232,10
user_1,tt5326230,6
user_1,tt5360952,5
user_1,tt5362988,6
user_1,tt5390504,6
user_1,tt5397194,8
user_1,tt5439796,7
user_1,tt5440700,7
user_1,tt5442430,6
user_1,tt5462602,7
user_1,tt5463162,8
user_1,tt5478478,9
user_1,tt5503686,7
user_1,tt5519340,8
user_1,tt5541240,7
user_1,tt5580036,6
user_1,tt5580390,7
user_1,tt5592248,7
user_1,tt5606664,7
user_1,tt5607028,9
user_1,tt5619332,5
user_1,tt5640450,6
user_1,tt5649108,7
user_1,tt5649144,7
user_1,tt5657856,7
user_1,tt5664636,6
user_1,tt5680626,7
user_1,tt5688932,7
user_1,tt5691670,8
user_1,tt5697870,7
user_1,tt5700672,7
user_1,tt5709188,7
user_1,tt5710514,6
user_1,tt5711148,6
user_1,tt5715874,7
user_1,tt5719748,6
user_1,tt5726616,7
user_1,tt5727208,5
user_1,tt5737536,2
user_1,tt5742374,6
user_1,tt5748380,7
user_1,tt5751998,6
user_1,tt5758778,8
user_1,tt5764096,7
user_1,tt5776858,7
user_1,tt5781458,5
user_1,tt5813916,10
user_1,tt5814060,3
user_1,tt5842802,3
user_1,tt5843780,5
user_1,tt5845758,5
user_1,tt5848272,6
user_1,tt5851904,6
user_1,tt5865326,6
user_1,tt5884052,6
user_1,tt5884784,8
user_1,tt5886046,7
user_1,tt5893332,5
user_1,tt5923962,7
user_1,tt5963218,10
user_1,tt5968394,9
user_1,tt5974030,6
user_1,tt5975354,4
user_1,tt5977276,6
user_1,tt5988370,3
user_1,tt6000478,5
user_1,tt6015328,7
user_1,tt6048922,8
user_1,tt6053438,8
user_1,tt6063090,7
user_1,tt6068960,7
user_1,tt6079516,7
user_1,tt6084202,9
user_1,tt6097798,8
user_1,tt6104206,6
user_1,tt6105098,6
user_1,tt6119856,9
user_1,tt6139732,7
user_1,tt6141246,7
user_1,tt6146586,7
user_1,tt6151714,6
user_1,tt6155172,5
user_1,tt6173990,9
user_1,tt6182908,7
user_1,tt6189022,7
user_1,tt6195094,6
user_1,tt6203302,6
user_1,tt6211976,5
user_1,tt6214928,6
user_1,tt6217608,6
user_1,tt6218358,7
user_1,tt6266538,5
user_1,tt6270596,4
user_1,tt6275840,5
user_1,tt6277440,5
user_1,tt6294822,7
user_1,tt6302160,6
user_1,tt6302164,9
user_1,tt6303866,6
user_1,tt6316138,10
user_1,tt6320628,6
user_1,tt6343314,9
user_1,tt6359956,5
user_1,tt6394270,8
user_1,tt6412452,7
user_1,tt6450804,6
user_1,tt6452574,7
user_1,tt6474040,6
user_1,tt6476140,4
user_1,tt6484982,8
user_1,tt6485928,6
user_1,tt6494418,4
user_1,tt6499752,6
user_1,tt6510634,6
user_1,tt6513120,6
user_1,tt6527426,6
user_1,tt6565702,7
user_1,tt6598626,6
user_1,tt6628102,8
user_1,tt6628394,8
user_1,tt6644200,7
user_1,tt6663582,6
user_1,tt6673612,7
user_1,tt6679794,6
user_1,tt6723592,9
user_1,tt6742252,7
user_1,tt6751668,9
user_1,tt6772950,6
user_1,tt6777338,6
user_1,tt6796742,6
user_1,tt6806448,4
user_1,tt6820256,7
user_1,tt6823368,8
user_1,tt6857112,5
user_1,tt6857166,8
user_1,tt6864046,7
user_1,tt6865690,7
user_1,tt6908274,9
user_1,tt6911608,8
user_1,tt6921996,6
user_1,tt6933454,9
user_1,tt6952960,7
user_1,tt6966692,7
user_1,tt6971752,6
user_1,tt6998518,7
user_1,tt7008872,7
user_1,tt7014006,7
user_1,tt7040874,7
user_1,tt7054410,7
user_1,tt7095482,7
user_1,tt7127700,8
user_1,tt7131622,7
user_1,tt7146812,8
user_1,tt7170950,5
user_1,tt7188978,6
user_1,tt7190460,9
user_1,tt7221896,4
user_1,tt7255568,4
user_1,tt7284204,6
user_1,tt7286456,9
user_1,tt7323600,6
user_1,tt7334342,7
user_1,tt7349662,8
user_1,tt7349950,6
user_1,tt7363104,8
user_1,tt7399470,7
user_1,tt7401588,7
user_1,tt7430722,7
user_1,tt7451284,5
user_1,tt7456310,6
user_1,tt7456312,3
user_1,tt7461200,4
user_1,tt7469726,9
user_1,tt7477310,7
user_1,tt7489816,5
user_1,tt7545524,7
user_1,tt7556122,7
user_1,tt7608028,2
user_1,tt7608418,7
user_1,tt7642818,6
user_1,tt7653254,8
user_1,tt7668842,6
user_1,tt7668870,6
user_1,tt7671064,8
user_1,tt7713068,8
user_1,tt7736144,7
user_1,tt7737394,4
user_1,tt7738450,7
user_1,tt7752126,6
user_1,tt7766166,5
user_1,tt7767874,7
user_1,tt7772580,5
user_1,tt7784604,7
user_1,tt7798634,8
user_1,tt7825208,4
user_1,tt7832124,7
user_1,tt7844166,7
user_1,tt7875604,6
user_1,tt7881524,5
user_1,tt7886848,2
user_1,tt7914416,10
user_1,tt7957314,7
user_1,tt7958736,7
user_1,tt7959026,5
user_1,tt7961060,8
user_1,tt7975244,7
user_1,tt7978672,5
user_1,tt7984734,8
user_1,tt7984766,7
user_1,tt8077180,5
user_1,tt8079248,6
user_1,tt8106534,7
user_1,tt8110330,10
user_1,tt8119752,7
user_1,tt8145202,5
user_1,tt8155288,4
user_1,tt8176578,7
user_1,tt8201170,6
user_1,tt8202612,6
user_1,tt8228288,5
user_1,tt8266310,7
user_1,tt8267604,10
user_1,tt8291224,9
user_1,tt8359848,6
user_1,tt8367814,9
user_1,tt8404614,8
user_1,tt8456098,5
user_1,tt8510488,3
user_1,tt8526872,6
user_1,tt8544498,7
user_1,tt8579674,8
user_1,tt8580274,7
user_1,tt8613070,8
user_1,tt8623904,6
user_1,tt8629748,6
user_1,tt8655470,7
user_1,tt8772262,6
user_1,tt8800384,6
user_1,tt8851668,5
user_1,tt8936646,6
user_1,tt8946378,8
user_1,tt9052870,8
user_1,tt9081512,5
user_1,tt9099938,9
user_1,tt9134216,5
user_1,tt9243946,7
user_1,tt9345754,5
user_1,tt9354842,6
user_1,tt9420648,8
user_1,tt9526826,8
user_1,tt9580138,9
user_1,tt9619798,4
user_1,tt9632590,7
user_1,tt9683478,6
user_1,tt9860728,5
user_2,tt0010323,8
user_2,tt0012349,6
user_2,tt0013450,7
user_2,tt0013688,8
user_2,tt0014538,7
user_2,tt0015324,8
user_2,tt0015864,8
user_2,tt0017136,9
user_2,tt0017825,6
user_2,tt0017925,7
user_2,tt0018528,8
user_2,tt0020446,5
user_2,tt0020629,8
user_2,tt0021749,8
user_2,tt0021884,7
user_2,tt0022100,9
user_2,tt0022183,7
user_2,tt0022835,7
user_2,tt0022913,6
user_2,tt0023249,5
user_2,tt0023427,7
user_2,tt0023563,10
user_2,tt0023622,6
user_2,tt0023649,7
user_2,tt0023775,7
user_2,tt0023969,9
user_2,tt0024184,8
user_2,tt0024188,7
user_2,tt0024216,9
user_2,tt0024264,8
user_2,tt0024762,6
user_2,tt0024989,7
user_2,tt0025316,9
user_2,tt0026071,8
user_2,tt0026174,7
user_2,tt0027669,4
user_2,tt0027977,8
user_2,tt0028231,6
user_2,tt0028345,6
user_2,tt0028661,6
user_2,tt0029146,7
user_2,tt0029583,8
user_2,tt0029870,9
user_2,tt0029923,7
user_2,tt0029947,7
user_2,tt0030192,6
user_2,tt0030241,9
user_2,tt0030287,7
user_2,tt0030341,8
user_2,tt0030993,9
user_2,tt0031270,6
user_2,tt0031381,8
user_2,tt0031398,9
user_2,tt0031442,7
user_2,tt0031516,8
user_2,tt0031679,8
user_2,tt0031725,7
user_2,tt0031885,10
user_2,tt0032138,6
user_2,tt0032145,7
user_2,tt0032338,8
user_2,tt0032353,6
user_2,tt0032455,9
user_2,tt0032551,7
user_2,tt0032553,8
user_2,tt0032840,7
user_2,tt0032910,8
user_2,tt0032976,9
user_2,tt0033238,8
user_2,tt0033457,9
user_2,tt0033467,7
user_2,tt0033563,6
user_2,tt0033740,10
user_2,tt0033870,9
user_2,tt0034248,6
user_2,tt0034249,6
user_2,tt0034297,4
user_2,tt0034492,8
user_2,tt0034583,10
user_2,tt0034622,6
user_2,tt0034828,6
user_2,tt0035034,8
user_2,tt0035160,8
user_2,tt0035279,7
user_2,tt0035308,5
user_2,tt0035423,7
user_2,tt0035433,6
user_2,tt0035446,7
user_2,tt0036112,10
user_2,tt0036342,6
user_2,tt0036348,9
user_2,tt0036391,8
user_2,tt0036428,7
user_2,tt0036515,7
user_2,tt0036613,7
user_2,tt0036775,10
user_2,tt0036914,9
user_2,tt0037522,6
user_2,tt0037538,6
user_2,tt0037547,7
user_2,tt0037558,7
user_2,tt0037674,8
user_2,tt0037884,9
user_2,tt0038116,6
user_2,tt0038165,4
user_2,tt0038355,9
user_2,tt0038453,7
user_2,tt0038650,6
user_2,tt0038669,9
user_2,tt0038721,6
user_2,tt0038777,7
user_2,tt0038787,6
user_2,tt0038854,8
user_2,tt0038890,8
user_2,tt0038988,7
user_2,tt0039037,8
user_2,tt0039040,7
user_2,tt0039190,9
user_2,tt0039204,8
user_2,tt0039404,7
user_2,tt0039509,8
user_2,tt0039628,7
user_2,tt0039725,8
user_2,tt0039808,8
user_2,tt0040068,8
user_2,tt0040522,7
user_2,tt0040525,9
user_2,tt0040746,9
user_2,tt0040897,9
user_2,tt0040934,7
user_2,tt0040979,8
user_2,tt0041088,7
user_2,tt0041473,9
user_2,tt0041507,8
user_2,tt0041859,6
user_2,tt0041865,4
user_2,tt0041923,5
user_2,tt0041959,8
user_2,tt0041996,8
user_2,tt0042192,8
user_2,tt0042296,10
user_2,tt0042332,8
user_2,tt0042369,6
user_2,tt0042412,5
user_2,tt0042876,7
user_2,tt0042915,7
user_2,tt0043014,8
user_2,tt0043117,8
user_2,tt0043265,6
user_2,tt0043274,8
user_2,tt0043286,7
user_2,tt0043338,7
user_2,tt0043386,8
user_2,tt0043456,9
user_2,tt0043511,8
user_2,tt0043686,6
user_2,tt0043924,9
user_2,tt0044079,8
user_2,tt0044081,8
user_2,tt0044121,7
user_2,tt0044419,8
user_2,tt0044626,6
user_2,tt0044706,9
user_2,tt0044741,7
user_2,tt0044931,6
user_2,tt0045094,7
user_2,tt0045109,7
user_2,tt0045152,9
user_2,tt0045192,7
user_2,tt0045274,9
user_2,tt0045468,7
user_2,tt0045487,7
user_2,tt0045891,8
user_2,tt0045911,8
user_2,tt0046126,6
user_2,tt0046183,8
user_2,tt0046250,7
user_2,tt0046268,10
user_2,tt0046359,7
user_2,tt0046438,8
user_2,tt0046534,7
user_2,tt0046672,6
user_2,tt0046719,8
user_2,tt0046911,7
user_2,tt0046912,8
user_2,tt0047094,9
user_2,tt0047296,8
user_2,tt0047396,9
user_2,tt0047445,8
user_2,tt0047478,8
user_2,tt0047577,7
user_2,tt0047677,7
user_2,tt0047811,6
user_2,tt0047840,6
user_2,tt0048021,10
user_2,tt0048140,7
user_2,tt0048233,7
user_2,tt0048280,7
user_2,tt0048424,8
user_2,tt0048491,6
user_2,tt0048605,7
user_2,tt0048728,8
user_2,tt0048790,7
user_2,tt0048918,7
user_2,tt0048992,4
user_2,tt0049012,8
user_2,tt0049170,6
user_2,tt0049240,9
user_2,tt0049261,6
user_2,tt0049302,5
user_2,tt0049366,8
user_2,tt0049414,8
user_2,tt0049513,7
user_2,tt0049730,8
user_2,tt0049833,9
user_2,tt0050083,8
user_2,tt0050212,9
user_2,tt0050468,5
user_2,tt0050613,7
user_2,tt0050763,7
user_2,tt0050783,8
user_2,tt0050825,7
user_2,tt0050933,6
user_2,tt0050976,8
user_2,tt0050986,9
user_2,tt0051036,7
user_2,tt0051201,8
user_2,tt0051378,9
user_2,tt0051411,9
user_2,tt0051430,6
user_2,tt0051516,7
user_2,tt0051525,8
user_2,tt0051636,8
user_2,tt0051658,7
user_2,tt0051808,10
user_2,tt0051994,8
user_2,tt0052077,5
user_2,tt0052311,9
user_2,tt0052357,9
user_2,tt0052365,7
user_2,tt0052561,7
user_2,tt0052618,9
user_2,tt0052655,6
user_2,tt0052708,8
user_2,tt0052724,7
user_2,tt0052786,8
user_2,tt0053084,8
user_2,tt0053125,9
user_2,tt0053198,8
user_2,tt0053221,10
user_2,tt0053285,9
user_2,tt0053291,6
user_2,tt0053472,8
user_2,tt0053604,8
user_2,tt0053779,8
user_2,tt0054047,9
user_2,tt0054116,6
user_2,tt0054215,9
user_2,tt0054331,7
user_2,tt0054698,6
user_2,tt0054743,9
user_2,tt0054821,8
user_2,tt0054997,9
user_2,tt0055031,9
user_2,tt0055254,9
user_2,tt0055277,6
user_2,tt0055471,9
user_2,tt0055572,5
user_2,tt0055614,8
user_2,tt0055630,7
user_2,tt0055798,9
user_2,tt0055928,7
user_2,tt0056085,8
user_2,tt0056172,9
user_2,tt0056183,6
user_2,tt0056193,7
user_2,tt0056217,8
user_2,tt0056218,9
user_2,tt0056346,7
user_2,tt0056412,10
user_2,tt0056443,8
user_2,tt0056552,9
user_2,tt0056575,7
user_2,tt0056592,8
user_2,tt0056636,6
user_2,tt0056687,7
user_2,tt0056714,8
user_2,tt0056801,8
user_2,tt0056869,7
user_2,tt0056923,8
user_2,tt0056931,6
user_2,tt0056937,9
user_2,tt0057012,8
user_2,tt0057058,8
user_2,tt0057076,7
user_2,tt0057091,8
user_2,tt0057115,10
user_2,tt0057163,8
user_2,tt0057261,6
user_2,tt0057514,9
user_2,tt0057546,6
user_2,tt0057608,7
user_2,tt0057811,7
user_2,tt0057877,7
user_2,tt0058150,7
user_2,tt0058208,2
user_2,tt0058262,8
user_2,tt0058324,8
user_2,tt0058331,10
user_2,tt0058385,8
user_2,tt0058450,9
user_2,tt0058461,9
user_2,tt0058529,6
user_2,tt0058544,7
user_2,tt0058564,9
user_2,tt0058567,7
user_2,tt0058700,7
user_2,tt0058708,7
user_2,tt0058888,8
user_2,tt0058947,7
user_2,tt0059080,4
user_2,tt0059113,8
user_2,tt0059243,8
user_2,tt0059260,6
user_2,tt0059578,9
user_2,tt0059740,8
user_2,tt0059742,8
user_2,tt0059800,7
user_2,tt0059821,7
user_2,tt0059915,6
user_2,tt0060107,9
user_2,tt0060176,7
user_2,tt0060196,8
user_2,tt0060584,8
user_2,tt0060588,6
user_2,tt0060827,8
user_2,tt0060891,6
user_2,tt0061184,8
user_2,tt0061204,7
user_2,tt0061418,8
user_2,tt0061452,4
user_2,tt0061512,7
user_2,tt0061568,7
user_2,tt0061576,8
user_2,tt0061578,8
user_2,tt0061655,7
user_2,tt0061669,8
user_2,tt0061719,7
user_2,tt0061722,10
user_2,tt0061809,7
user_2,tt0061852,7
user_2,tt0061882,7
user_2,tt0061996,6
user_2,tt0062229,7
user_2,tt0062262,8
user_2,tt0062376,8
user_2,tt0062512,6
user_2,tt0062622,10
user_2,tt0062711,6
user_2,tt0062767,8
user_2,tt0062803,7
user_2,tt0062980,5
user_2,tt0063101,6
user_2,tt0063350,8
user_2,tt0063442,7
user_2,tt0063501,9
user_2,tt0063522,8
user_2,tt0063555,7
user_2,tt0063688,8
user_2,tt0063803,6
user_2,tt0063818,7
user_2,tt0063850,8
user_2,tt0064029,9
user_2,tt0064110,6
user_2,tt0064115,9
user_2,tt0064116,7
user_2,tt0064276,8
user_2,tt0064603,6
user_2,tt0064665,7
user_2,tt0064886,8
user_2,tt0064916,9
user_2,tt0065088,6
user_2,tt0065126,9
user_2,tt0065150,8
user_2,tt0065214,8
user_2,tt0065421,8
user_2,tt0065528,7
user_2,tt0065547,5
user_2,tt0065571,5
user_2,tt0065832,5
user_2,tt0065938,7
user_2,tt0066026,6
user_2,tt0066206,7
user_2,tt0066301,5
user_2,tt0066318,8
user_2,tt0066448,8
user_2,tt0066491,7
user_2,tt0066549,9
user_2,tt0066740,7
user_2,tt0066765,7
user_2,tt0066832,6
user_2,tt0066921,7
user_2,tt0066993,9
user_2,tt0066995,6
user_2,tt0066999,9
user_2,tt0067065,7
user_2,tt0067093,7
user_2,tt0067116,6
user_2,tt0067185,6
user_2,tt0067328,9
user_2,tt0067372,6
user_2,tt0067525,8
user_2,tt0067541,9
user_2,tt0067713,6
user_2,tt0067756,7
user_2,tt0067800,7
user_2,tt0067824,8
user_2,tt0067992,7
user_2,tt0067995,5
user_2,tt0068000,4
user_2,tt0068327,8
user_2,tt0068408,6
user_2,tt0068473,8
user_2,tt0068611,8
user_2,tt0068646,8
user_2,tt0068699,8
user_2,tt0068762,6
user_2,tt0068768,7
user_2,tt0069113,5
user_2,tt0069293,8
user_2,tt0069467,7
user_2,tt0069495,9
user_2,tt0069753,5
user_2,tt0069762,7
user_2,tt0070022,8
user_2,tt0070047,8
user_2,tt0070215,8
user_2,tt0070233,8
user_2,tt0070280,6
user_2,tt0070328,6
user_2,tt0070355,5
user_2,tt0070379,5
user_2,tt0070446,4
user_2,tt0070511,9
user_2,tt0070608,7
user_2,tt0070634,4
user_2,tt0070643,6
user_2,tt0070666,10
user_2,tt0070694,9
user_2,tt0070735,9
user_2,tt0070903,8
user_2,tt0070917,9
user_2,tt0071093,7
user_2,tt0071230,7
user_2,tt0071315,9
user_2,tt0071360,7
user_2,tt0071402,7
user_2,tt0071562,9
user_2,tt0071615,9
user_2,tt0071654,6
user_2,tt0071824,5
user_2,tt0071853,8
user_2,tt0071877,8
user_2,tt0072081,8
user_2,tt0072157,6
user_2,tt0072271,8
user_2,tt0072431,6
user_2,tt0072684,8
user_2,tt0072747,7
user_2,tt0072752,6
user_2,tt0072856,7
user_2,tt0072890,7
user_2,tt0073026,6
user_2,tt0073043,4
user_2,tt0073115,5
user_2,tt0073172,6
user_2,tt0073195,8
user_2,tt0073312,7
user_2,tt0073486,8
user_2,tt0073535,9
user_2,tt0073600,8
user_2,tt0073629,7
user_2,tt0073636,8
user_2,tt0073650,5
user_2,tt0074103,5
user_2,tt0074119,9
user_2,tt0074156,9
user_2,tt0074285,7
user_2,tt0074390,3
user_2,tt0074483,7
user_2,tt0074486,7
user_2,tt0074512,8
user_2,tt0074715,6
user_2,tt0074751,7
user_2,tt0074777,6
user_2,tt0074811,6
user_2,tt0074958,8
user_2,tt0075005,8
user_2,tt0075029,9
user_2,tt0075148,7
user_2,tt0075294,8
user_2,tt0075314,9
user_2,tt0075686,8
user_2,tt0075860,9
user_2,tt0075987,4
user_2,tt0076141,7
user_2,tt0076299,8
user_2,tt0076666,6
user_2,tt0076740,7
user_2,tt0076752,8
user_2,tt0076759,9
user_2,tt0076761,7
user_2,tt0076786,9
user_2,tt0076804,8
user_2,tt0077262,7
user_2,tt0077270,9
user_2,tt0077394,7
user_2,tt0077402,9
user_2,tt0077413,6
user_2,tt0077416,8
user_2,tt0077631,8
user_2,tt0077651,8
user_2,tt0077663,6
user_2,tt0077745,8
user_2,tt0077869,6
user_2,tt0077928,7
user_2,tt0077975,7
user_2,tt0078346,8
user_2,tt0078480,7
user_2,tt0078504,6
user_2,tt0078718,7
user_2,tt0078723,4
user_2,tt0078748,8
user_2,tt0078754,9
user_2,tt0078763,8
user_2,tt0078767,6
user_2,tt0078788,8
user_2,tt0078790,9
user_2,tt0078841,8
user_2,tt0078869,8
user_2,tt0078913,7
user_2,tt0078966,6
user_2,tt0079116,8
user_2,tt0079118,8
user_2,tt0079271,8
user_2,tt0079367,5
user_2,tt0079417,8
user_2,tt0079470,8
user_2,tt0079501,6
user_2,tt0079522,8
user_2,tt0079574,8
user_2,tt0079588,7
user_2,tt0079641,7
user_2,tt0079817,8
user_2,tt0079832,6
user_2,tt0079871,7
user_2,tt0079873,7
user_2,tt0079944,7
user_2,tt0079945,7
user_2,tt0080120,8
user_2,tt0080339,8
user_2,tt0080365,6
user_2,tt0080377,4
user_2,tt0080388,7
user_2,tt0080453,8
user_2,tt0080455,9
user_2,tt0080472,6
user_2,tt0080487,9
user_2,tt0080491,4
user_2,tt0080516,6
user_2,tt0080661,7
user_2,tt0080678,6
user_2,tt0080684,8
user_2,tt0080711,5
user_2,tt0080745,8
user_2,tt0080752,6
user_2,tt0080761,7
user_2,tt0080798,8
user_2,tt0080923,6
user_2,tt0080979,8
user_2,tt0081059,8
user_2,tt0081163,5
user_2,tt0081207,7
user_2,tt0081283,7
user_2,tt0081323,4
user_2,tt0081398,8
user_2,tt0081455,6
user_2,tt0081505,8
user_2,tt0081573,6
user_2,tt0082010,9
user_2,tt0082048,7
user_2,tt0082085,7
user_2,tt0082096,10
user_2,tt0082136,6
user_2,tt0082186,7
user_2,tt0082198,7
user_2,tt0082206,7
user_2,tt0082340,8
user_2,tt0082348,9
user_2,tt0082398,8
user_2,tt0082406,7
user_2,tt0082432,9
user_2,tt0082495,7
user_2,tt0082517,8
user_2,tt0082533,6
user_2,tt0082694,7
user_2,tt0082934,9
user_2,tt0082964,8
user_2,tt0082966,6
user_2,tt0082971,9
user_2,tt0083131,8
user_2,tt0083511,8
user_2,tt0083564,7
user_2,tt0083578,8
user_2,tt0083642,6
user_2,tt0083658,7
user_2,tt0083798,8
user_2,tt0083833,7
user_2,tt0083866,7
user_2,tt0083907,8
user_2,tt0083908,8
user_2,tt0083922,8
user_2,tt0083929,7
user_2,tt0083943,8
user_2,tt0083944,8
user_2,tt0083972,4
user_2,tt0083987,7
user_2,tt0084021,5
user_2,tt0084237,8
user_2,tt0084315,6
user_2,tt0084481,6
user_2,tt0084503,8
user_2,tt0084516,6
user_2,tt0084522,8
user_2,tt0084556,6
user_2,tt0084565,7
user_2,tt0084602,7
user_2,tt0084649,9
user_2,tt0084667,7
user_2,tt0084725,8
user_2,tt0084726,8
user_2,tt0084787,8
user_2,tt0084805,8
user_2,tt0084827,9
user_2,tt0084861,6
user_2,tt0084934,8
user_2,tt0084945,4
user_2,tt0084953,6
user_2,tt0085255,8
user_2,tt0085320,7
user_2,tt0085333,7
user_2,tt0085334,7
user_2,tt0085549,7
user_2,tt0085794,8
user_2,tt0085862,6
user_2,tt0085959,6
user_2,tt0086006,6
user_2,tt0086034,7
user_2,tt0086066,8
user_2,tt0086129,5
user_2,tt0086190,9
user_2,tt0086192,7
user_2,tt0086197,7
user_2,tt0086200,6
user_2,tt0086250,9
user_2,tt0086320,7
user_2,tt0086393,5
user_2,tt0086425,7
user_2,tt0086465,8
user_2,tt0086541,6
user_2,tt0086566,4
user_2,tt0086567,7
user_2,tt0086619,5
user_2,tt0086637,6
user_2,tt0086873,8
user_2,tt0086879,10
user_2,tt0086927,7
user_2,tt0086960,9
user_2,tt0086979,9
user_2,tt0087015,7
user_2,tt0087078,6
user_2,tt0087089,7
user_2,tt0087182,6
user_2,tt0087233,7
user_2,tt0087277,7
user_2,tt0087298,5
user_2,tt0087332,8
user_2,tt0087363,7
user_2,tt0087469,6
user_2,tt0087538,7
user_2,tt0087544,9
user_2,tt0087553,9
user_2,tt0087597,7
user_2,tt0087781,6
user_2,tt0087800,8
user_2,tt0087843,9
user_2,tt0087884,9
user_2,tt0087892,8
user_2,tt0087927,8
user_2,tt0087928,6
user_2,tt0087985,5
user_2,tt0088000,6
user_2,tt0088024,8
user_2,tt0088128,7
user_2,tt0088161,6
user_2,tt0088170,7
user_2,tt0088172,9
user_2,tt0088206,4
user_2,tt0088247,10
user_2,tt0088258,10
user_2,tt0088272,6
user_2,tt0088286,7
user_2,tt0088323,6
user_2,tt0088710,6
user_2,tt0088763,7
user_2,tt0088846,8
user_2,tt0088847,6
user_2,tt0088889,6
user_2,tt0088930,7
user_2,tt0088933,7
user_2,tt0088944,5
user_2,tt0089015,7
user_2,tt0089118,7
user_2,tt0089175,8
user_2,tt0089218,7
user_2,tt0089469,8
user_2,tt0089530,6
user_2,tt0089560,7
user_2,tt0089646,7
user_2,tt0089686,5
user_2,tt0089755,10
user_2,tt0089791,8
user_2,tt0089816,6
user_2,tt0089822,6
user_2,tt0089880,6
user_2,tt0089881,8
user_2,tt0089886,7
user_2,tt0089907,5
user_2,tt0089927,8
user_2,tt0090021,8
user_2,tt0090022,8
user_2,tt0090056,5
user_2,tt0090094,6
user_2,tt0090190,7
user_2,tt0090264,7
user_2,tt0090305,6
user_2,tt0090329,7
user_2,tt0090357,7
user_2,tt0090555,7
user_2,tt0090605,9
user_2,tt0090633,8
user_2,tt0090667,6
user_2,tt0090725,8
user_2,tt0090728,8
user_2,tt0090756,7
user_2,tt0090859,4
user_2,tt0090888,8
user_2,tt0090927,6
user_2,tt0091042,6
user_2,tt0091064,8
user_2,tt0091080,6
user_2,tt0091083,5
user_2,tt0091149,6
user_2,tt0091167,7
user_2,tt0091178,7
user_2,tt0091203,7
user_2,tt0091209,7
user_2,tt0091217,8
user_2,tt0091325,6
user_2,tt0091326,7
user_2,tt0091364,9
user_2,tt0091369,7
user_2,tt0091419,8
user_2,tt0091541,8
user_2,tt0091605,9
user_2,tt0091630,6
user_2,tt0091763,9
user_2,tt0091777,7
user_2,tt0091786,6
user_2,tt0091790,8
user_2,tt0091877,7
user_2,tt0091886,7
user_2,tt0091949,6
user_2,tt0091969,4
user_2,tt0092005,8
user_2,tt0092048,8
user_2,tt0092067,8
user_2,tt0092086,6
user_2,tt0092090,7
user_2,tt0092099,5
user_2,tt0092263,8
user_2,tt0092297,2
user_2,tt0092493,6
user_2,tt0092494,7
user_2,tt0092563,7
user_2,tt0092610,6
user_2,tt0092644,8
user_2,tt0092666,7
user_2,tt0092675,8
user_2,tt0092752,7
user_2,tt0092884,6
user_2,tt0092890,8
user_2,tt0092925,5
user_2,tt0092965,8
user_2,tt0092991,8
user_2,tt0093010,6
user_2,tt0093058,7
user_2,tt0093075,7
user_2,tt0093105,7
user_2,tt0093177,7
user_2,tt0093185,4
user_2,tt0093191,9
user_2,tt0093220,4
user_2,tt0093260,7
user_2,tt0093389,7
user_2,tt0093407,6
user_2,tt0093409,8
user_2,tt0093428,8
user_2,tt0093437,7
user_2,tt0093507,4
user_2,tt0093582,5
user_2,tt0093605,7
user_2,tt0093624,8
user_2,tt0093629,7
user_2,tt0093638,6
user_2,tt0093692,5
user_2,tt0093693,7
user_2,tt0093748,8
user_2,tt0093756,4
user_2,tt0093773,7
user_2,tt0093779,7
user_2,tt0093780,5
user_2,tt0093822,9
user_2,tt0093870,7
user_2,tt0093894,6
user_2,tt0094003,6
user_2,tt0094012,8
user_2,tt0094074,3
user_2,tt0094137,7
user_2,tt0094226,8
user_2,tt0094291,6
user_2,tt0094332,8
user_2,tt0094336,8
user_2,tt0094594,6
user_2,tt0094625,9
user_2,tt0094678,4
user_2,tt0094716,8
user_2,tt0094721,7
user_2,tt0094737,7
user_2,tt0094862,6
user_2,tt0094889,5
user_2,tt0094898,8
user_2,tt0094964,7
user_2,tt0095016,7
user_2,tt0095088,8
user_2,tt0095159,6
user_2,tt0095179,5
user_2,tt0095250,6
user_2,tt0095271,7
user_2,tt0095294,6
user_2,tt0095327,8
user_2,tt0095444,6
user_2,tt0095489,8
user_2,tt0095497,8
user_2,tt0095519,7
user_2,tt0095631,9
user_2,tt0095647,8
user_2,tt0095690,7
user_2,tt0095705,8
user_2,tt0095765,8
user_2,tt0095953,7
user_2,tt0095956,5
user_2,tt0096018,7
user_2,tt0096061,7
user_2,tt0096219,8
user_2,tt0096244,5
user_2,tt0096256,6
user_2,tt0096283,10
user_2,tt0096316,6
user_2,tt0096320,7
user_2,tt0096438,8
user_2,tt0096446,7
user_2,tt0096463,7
user_2,tt0096487,6
user_2,tt0096734,7
user_2,tt0096754,7
user_2,tt0096764,7
user_2,tt0096874,6
user_2,tt0096895,8
user_2,tt0096928,7
user_2,tt0096933,6
user_2,tt0097108,7
user_2,tt0097138,6
user_2,tt0097162,9
user_2,tt0097165,9
user_2,tt0097179,3
user_2,tt0097202,8
user_2,tt0097216,8
user_2,tt0097223,9
user_2,tt0097239,9
user_2,tt0097240,8
user_2,tt0097336,8
user_2,tt0097351,7
user_2,tt0097428,8
user_2,tt0097438,6
user_2,tt0097441,8
user_2,tt0097493,7
user_2,tt0097499,7
user_2,tt0097523,9
user_2,tt0097576,10
user_2,tt0097647,5
user_2,tt0097662,5
user_2,tt0097733,8
user_2,tt0097742,5
user_2,tt0097757,8
user_2,tt0097778,3
user_2,tt0097814,8
user_2,tt0097815,6
user_2,tt0097937,8
user_2,tt0097958,7
user_2,tt0098061,7
user_2,tt0098084,7
user_2,tt0098253,8
user_2,tt0098258,9
user_2,tt0098309,7
user_2,tt0098319,7
user_2,tt0098382,6
user_2,tt0098384,7
user_2,tt0098439,6
user_2,tt0098486,7
user_2,tt0098536,5
user_2,tt0098546,7
user_2,tt0098635,10
user_2,tt0098645,6
user_2,tt0099005,6
user_2,tt0099044,6
user_2,tt0099052,6
user_2,tt0099077,9
user_2,tt0099088,9
user_2,tt0099141,6
user_2,tt0099165,6
user_2,tt0099253,7
user_2,tt0099266,8
user_2,tt0099316,6
user_2,tt0099348,9
user_2,tt0099365,7
user_2,tt0099371,6
user_2,tt0099385,5
user_2,tt0099422,5
user_2,tt0099423,7
user_2,tt0099487,8
user_2,tt0099582,7
user_2,tt0099625,3
user_2,tt0099653,8
user_2,tt0099674,10
user_2,tt0099685,9
user_2,tt0099699,7
user_2,tt0099703,5
user_2,tt0099731,6
user_2,tt0099785,6
user_2,tt0099797,6
user_2,tt0099810,8
user_2,tt0099871,8
user_2,tt0099901,4
user_2,tt0099938,5
user_2,tt0100046,7
user_2,tt0100050,4
user_2,tt0100150,9
user_2,tt0100157,8
user_2,tt0100212,5
user_2,tt0100263,8
user_2,tt0100403,7
user_2,tt0100404,8
user_2,tt0100405,7
user_2,tt0100440,4
user_2,tt0100502,5
user_2,tt0100507,4
user_2,tt0100514,5
user_2,tt0100519,8
user_2,tt0100732,8
user_2,tt0100740,6
user_2,tt0100758,8
user_2,tt0100802,6
user_2,tt0100814,8
user_2,tt0100935,7
user_2,tt0101272,5
user_2,tt0101316,7
user_2,tt0101393,6
user_2,tt0101410,6
user_2,tt0101414,9
user_2,tt0101452,6
user_2,tt0101458,5
user_2,tt0101492,8
user_2,tt0101507,6
user_2,tt0101540,7
user_2,tt0101587,7
user_2,tt0101669,9
user_2,tt0101700,5
user_2,tt0101745,6
user_2,tt0101757,5
user_2,tt0101761,6
user_2,tt0101764,6
user_2,tt0101765,10
user_2,tt0101787,6
user_2,tt0101829,7
user_2,tt0101862,5
user_2,tt0101889,8
user_2,tt0101921,6
user_2,tt0102050,8
user_2,tt0102057,7
user_2,tt0102059,4
user_2,tt0102070,6
user_2,tt0102138,8
user_2,tt0102141,8
user_2,tt0102217,8
user_2,tt0102266,7
user_2,tt0102492,7
user_2,tt0102510,5
user_2,tt0102511,7
user_2,tt0102587,7
user_2,tt0102603,6
user_2,tt0102685,8
user_2,tt0102798,7
user_2,tt0102926,9
user_2,tt0102975,7
user_2,tt0102984,7
user_2,tt0103039,6
user_2,tt0103064,8
user_2,tt0103074,8
user_2,tt0103241,7
user_2,tt0103247,5
user_2,tt0103639,10
user_2,tt0103644,6
user_2,tt0103759,8
user_2,tt0103772,8
user_2,tt0103776,9
user_2,tt0103793,10
user_2,tt0103855,6
user_2,tt0103874,8
user_2,tt0103893,7
user_2,tt0103919,7
user_2,tt0103956,4
user_2,tt0104008,7
user_2,tt0104070,7
user_2,tt0104231,6
user_2,tt0104257,8
user_2,tt0104348,7
user_2,tt0104412,7
user_2,tt0104431,6
user_2,tt0104454,8
user_2,tt0104581,5
user_2,tt0104663,7
user_2,tt0104691,7
user_2,tt0104692,5
user_2,tt0104694,6
user_2,tt0104714,7
user_2,tt0104756,7
user_2,tt0104765,7
user_2,tt0104774,10
user_2,tt0104797,9
user_2,tt0104815,8
user_2,tt0104952,9
user_2,tt0105017,8
user_2,tt0105046,7
user_2,tt0105104,5
user_2,tt0105112,6
user_2,tt0105130,9
user_2,tt0105137,7
user_2,tt0105236,9
user_2,tt0105265,8
user_2,tt0105323,8
user_2,tt0105417,6
user_2,tt0105466,6
user_2,tt0105665,8
user_2,tt0105690,7
user_2,tt0105695,8
user_2,tt0105698,6
user_2,tt0105793,9
user_2,tt0105809,4
user_2,tt0105812,7
user_2,tt0106220,8
user_2,tt0106226,8
user_2,tt0106305,8
user_2,tt0106308,8
user_2,tt0106339,4
user_2,tt0106387,7
user_2,tt0106466,5
user_2,tt0106489,9
user_2,tt0106519,8
user_2,tt0106582,8
user_2,tt0106598,6
user_2,tt0106677,8
user_2,tt0106697,6
user_2,tt0106701,5
user_2,tt0106770,5
user_2,tt0106856,7
user_2,tt0106912,7
user_2,tt0106918,7
user_2,tt0106965,7
user_2,tt0106977,7
user_2,tt0107034,7
user_2,tt0107048,9
user_2,tt0107076,6
user_2,tt0107091,8
user_2,tt0107120,7
user_2,tt0107131,9
user_2,tt0107175,6
user_2,tt0107206,6
user_2,tt0107207,8
user_2,tt0107247,6
user_2,tt0107276,7
user_2,tt0107290,9
user_2,tt0107358,7
user_2,tt0107362,6
user_2,tt0107387,5
user_2,tt0107413,5
user_2,tt0107426,6
user_2,tt0107438,5
user_2,tt0107554,7
user_2,tt0107614,6
user_2,tt0107616,7
user_2,tt0107626,5
user_2,tt0107653,7
user_2,tt0107688,8
user_2,tt0107798,6
user_2,tt0107808,7
user_2,tt0107818,8
user_2,tt0107822,6
user_2,tt0107840,6
user_2,tt0107943,7
user_2,tt0107977,7
user_2,tt0108037,9
user_2,tt0108052,9
user_2,tt0108071,8
user_2,tt0108101,8
user_2,tt0108122,7
user_2,tt0108160,5
user_2,tt0108186,5
user_2,tt0108255,6
user_2,tt0108289,7
user_2,tt0108358,8
user_2,tt0108394,8
user_2,tt0108399,8
user_2,tt0108429,10
user_2,tt0108451,6
user_2,tt0108525,7
user_2,tt0108550,9
user_2,tt0109040,9
user_2,tt0109117,9
user_2,tt0109190,6
user_2,tt0109254,6
user_2,tt0109303,7
user_2,tt0109444,6
user_2,tt0109445,9
user_2,tt0109446,8
user_2,tt0109484,6
user_2,tt0109506,9
user_2,tt0109514,6
user_2,tt0109676,4
user_2,tt0109686,7
user_2,tt0109707,7
user_2,tt0109813,7
user_2,tt0109830,8
user_2,tt0109831,7
user_2,tt0109936,4
user_2,tt0110027,5
user_2,tt0110099,3
user_2,tt0110123,4
user_2,tt0110148,8
user_2,tt0110167,5
user_2,tt0110216,4
user_2,tt0110296,7
user_2,tt0110322,7
user_2,tt0110357,8
user_2,tt0110361,8
user_2,tt0110366,6
user_2,tt0110367,6
user_2,tt0110391,6
user_2,tt0110413,10
user_2,tt0110442,6
user_2,tt0110475,6
user_2,tt0110478,6
user_2,tt0110516,7
user_2,tt0110527,6
user_2,tt0110538,5
user_2,tt0110622,7
user_2,tt0110632,6
user_2,tt0110657,4
user_2,tt0110729,8
user_2,tt0110763,5
user_2,tt0110857,3
user_2,tt0110877,7
user_2,tt0110912,8
user_2,tt0110932,8
user_2,tt0110989,6
user_2,tt0111001,5
user_2,tt0111070,7
user_2,tt0111094,5
user_2,tt0111149,7
user_2,tt0111161,10
user_2,tt0111237,6
user_2,tt0111257,7
user_2,tt0111264,9
user_2,tt0111280,5
user_2,tt0111282,7
user_2,tt0111333,6
user_2,tt0111495,7
user_2,tt0111503,7
user_2,tt0111507,8
user_2,tt0111512,8
user_2,tt0111666,7
user_2,tt0111667,7
user_2,tt0111742,7
user_2,tt0112281,6
user_2,tt0112384,7
user_2,tt0112431,7
user_2,tt0112442,7
user_2,tt0112444,5
user_2,tt0112461,6
user_2,tt0112462,6
user_2,tt0112471,7
user_2,tt0112508,7
user_2,tt0112541,7
user_2,tt0112572,7
user_2,tt0112573,10
user_2,tt0112579,8
user_2,tt0112641,9
user_2,tt0112642,7
user_2,tt0112656,9
user_2,tt0112682,8
user_2,tt0112697,7
user_2,tt0112715,4
user_2,tt0112722,7
user_2,tt0112740,7
user_2,tt0112817,8
user_2,tt0112818,8
user_2,tt0112819,7
user_2,tt0112851,8
user_2,tt0112864,6
user_2,tt0112870,6
user_2,tt0112913,10
user_2,tt0113071,5
user_2,tt0113101,8
user_2,tt0113118,8
user_2,tt0113161,6
user_2,tt0113189,7
user_2,tt0113198,8
user_2,tt0113243,7
user_2,tt0113247,8
user_2,tt0113277,8
user_2,tt0113451,4
user_2,tt0113481,7
user_2,tt0113492,5
user_2,tt0113497,10
user_2,tt0113501,5
user_2,tt0113526,9
user_2,tt0113540,8
user_2,tt0113568,7
user_2,tt0113627,6
user_2,tt0113670,8
user_2,tt0113749,6
user_2,tt0113755,5
user_2,tt0113762,5
user_2,tt0113799,7
user_2,tt0113824,7
user_2,tt0113855,6
user_2,tt0113870,7
user_2,tt0113957,3
user_2,tt0113987,7
user_2,tt0114069,5
user_2,tt0114148,7
user_2,tt0114214,6
user_2,tt0114287,7
user_2,tt0114369,9
user_2,tt0114388,6
user_2,tt0114496,7
user_2,tt0114508,5
user_2,tt0114536,6
user_2,tt0114558,9
user_2,tt0114576,7
user_2,tt0114608,7
user_2,tt0114660,8
user_2,tt0114682,9
user_2,tt0114709,8
user_2,tt0114746,10
user_2,tt0114787,7
user_2,tt0114814,7
user_2,tt0114863,8
user_2,tt0114887,7
user_2,tt0114898,7
user_2,tt0115016,6
user_2,tt0115433,7
user_2,tt0115641,8
user_2,tt0115644,7
user_2,tt0115658,8
user_2,tt0115683,7
user_2,tt0115685,6
user_2,tt0115710,6
user_2,tt0115734,7
user_2,tt0115751,7
user_2,tt0115759,5
user_2,tt0115798,6
user_2,tt0115857,6
user_2,tt0115886,6
user_2,tt0115956,7
user_2,tt0115963,6
user_2,tt0115964,4
user_2,tt0115988,9
user_2,tt0116000,6
user_2,tt0116040,6
user_2,tt0116136,7
user_2,tt0116163,5
user_2,tt0116209,9
user_2,tt0116213,6
user_2,tt0116225,3
user_2,tt0116259,5
user_2,tt0116282,10
user_2,tt0116313,6
user_2,tt0116361,5
user_2,tt0116365,7
user_2,tt0116367,8
user_2,tt0116410,7
user_2,tt0116483,7
user_2,tt0116583,7
user_2,tt0116629,7
user_2,tt0116654,4
user_2,tt0116675,7
user_2,tt0116683,6
user_2,tt0116684,5
user_2,tt0116695,6
user_2,tt0116704,7
user_2,tt0116705,6
user_2,tt0116731,5
user_2,tt0116752,7
user_2,tt0116756,3
user_2,tt0116905,8
user_2,tt0116908,9
user_2,tt0116922,8
user_2,tt0116996,6
user_2,tt0117008,10
user_2,tt0117060,7
user_2,tt0117108,5
user_2,tt0117128,6
user_2,tt0117218,6
user_2,tt0117318,7
user_2,tt0117333,9
user_2,tt0117364,8
user_2,tt0117381,8
user_2,tt0117420,6
user_2,tt0117438,5
user_2,tt0117500,9
user_2,tt0117509,7
user_2,tt0117571,9
user_2,tt0117628,8
user_2,tt0117665,8
user_2,tt0117666,8
user_2,tt0117705,5
user_2,tt0117723,5
user_2,tt0117731,8
user_2,tt0117786,7
user_2,tt0117802,8
user_2,tt0117913,8
user_2,tt0117918,6
user_2,tt0117951,10
user_2,tt0117998,6
user_2,tt0118111,7
user_2,tt0118571,8
user_2,tt0118583,7
user_2,tt0118589,4
user_2,tt0118607,6
user_2,tt0118615,5
user_2,tt0118617,8
user_2,tt0118636,7
user_2,tt0118647,6
user_2,tt0118655,7
user_2,tt0118665,3
user_2,tt0118688,5
user_2,tt0118689,5
user_2,tt0118694,6
user_2,tt0118708,6
user_2,tt0118715,7
user_2,tt0118747,5
user_2,tt0118749,8
user_2,tt0118760,9
user_2,tt0118771,6
user_2,tt0118799,8
user_2,tt0118804,7
user_2,tt0118842,8
user_2,tt0118843,9
user_2,tt0118845,8
user_2,tt0118849,8
user_2,tt0118880,6
user_2,tt0118883,8
user_2,tt0118884,9
user_2,tt0118887,5
user_2,tt0118928,4
user_2,tt0118929,8
user_2,tt0118956,5
user_2,tt0118971,7
user_2,tt0118972,7
user_2,tt0119008,9
user_2,tt0119013,5
user_2,tt0119051,8
user_2,tt0119081,7
user_2,tt0119086,6
user_2,tt0119094,7
user_2,tt0119098,6
user_2,tt0119099,7
user_2,tt0119115,6
user_2,tt0119116,9
user_2,tt0119123,5
user_2,tt0119164,7
user_2,tt0119174,7
user_2,tt0119177,9
user_2,tt0119190,7
user_2,tt0119217,8
user_2,tt0119223,6
user_2,tt0119225,9
user_2,tt0119229,9
user_2,tt0119282,5
user_2,tt0119303,4
user_2,tt0119345,6
user_2,tt0119395,6
user_2,tt0119396,9
user_2,tt0119432,5
user_2,tt0119468,9
user_2,tt0119488,7
user_2,tt0119528,6
user_2,tt0119535,7
user_2,tt0119567,7
user_2,tt0119620,7
user_2,tt0119643,7
user_2,tt0119654,7
user_2,tt0119668,5
user_2,tt0119675,8
user_2,tt0119698,8
user_2,tt0119707,2
user_2,tt0119738,8
user_2,tt0119802,8
user_2,tt0119822,7
user_2,tt0119828,7
user_2,tt0119832,7
user_2,tt0119893,4
user_2,tt0119896,7
user_2,tt0119925,7
user_2,tt0119942,7
user_2,tt0119978,8
user_2,tt0119994,9
user_2,tt0120029,8
user_2,tt0120032,7
user_2,tt0120082,4
user_2,tt0120102,7
user_2,tt0120112,4
user_2,tt0120148,8
user_2,tt0120152,6
user_2,tt0120157,5
user_2,tt0120169,6
user_2,tt0120177,5
user_2,tt0120179,3
user_2,tt0120184,7
user_2,tt0120186,4
user_2,tt0120187,4
user_2,tt0120188,9
user_2,tt0120201,7
user_2,tt0120338,7
user_2,tt0120347,6
user_2,tt0120363,8
user_2,tt0120382,8
user_2,tt0120399,8
user_2,tt0120402,8
user_2,tt0120461,3
user_2,tt0120484,7
user_2,tt0120524,6
user_2,tt0120533,7
user_2,tt0120586,8
user_2,tt0120587,8
user_2,tt0120591,6
user_2,tt0120596,5
user_2,tt0120601,8
user_2,tt0120609,6
user_2,tt0120611,6
user_2,tt0120616,7
user_2,tt0120623,8
user_2,tt0120630,7
user_2,tt0120632,7
user_2,tt0120633,8
user_2,tt0120647,5
user_2,tt0120655,7
user_2,tt0120657,7
user_2,tt0120660,6
user_2,tt0120663,8
user_2,tt0120667,6
user_2,tt0120669,8
user_2,tt0120679,8
user_2,tt0120681,8
user_2,tt0120684,7
user_2,tt0120685,5
user_2,tt0120689,9
user_2,tt0120693,4
user_2,tt0120694,7
user_2,tt0120703,5
user_2,tt0120728,5
user_2,tt0120731,9
user_2,tt0120735,8
user_2,tt0120737,9
user_2,tt0120744,6
user_2,tt0120746,7
user_2,tt0120751,7
user_2,tt0120753,9
user_2,tt0120755,5
user_2,tt0120762,9
user_2,tt0120764,5
user_2,tt0120768,8
user_2,tt0120777,6
user_2,tt0120780,6
user_2,tt0120783,9
user_2,tt0120784,7
user_2,tt0120787,7
user_2,tt0120789,7
user_2,tt0120791,6
user_2,tt0120794,7
user_2,tt0120800,6
user_2,tt0120804,6
user_2,tt0120812,6
user_2,tt0120815,7
user_2,tt0120828,6
user_2,tt0120844,7
user_2,tt0120855,6
user_2,tt0120863,7
user_2,tt0120873,5
user_2,tt0120879,8
user_2,tt0120882,5
user_2,tt0120885,6
user_2,tt0120888,6
user_2,tt0120889,7
user_2,tt0120890,5
user_2,tt0120891,5
user_2,tt0120902,7
user_2,tt0120903,7
user_2,tt0120907,6
user_2,tt0120910,7
user_2,tt0120912,6
user_2,tt0120915,7
user_2,tt0120917,7
user_2,tt0121164,7
user_2,tt0121757,8
user_2,tt0121765,6
user_2,tt0121766,7
user_2,tt0122151,7
user_2,tt0122213,5
user_2,tt0122648,8
user_2,tt0122690,7
user_2,tt0122718,6
user_2,tt0122768,7
user_2,tt0122933,6
user_2,tt0123755,7
user_2,tt0124179,7
user_2,tt0124315,9
user_2,tt0125439,7
user_2,tt0125659,8
user_2,tt0125664,8
user_2,tt0125971,6
user_2,tt0126029,9
user_2,tt0126250,8
user_2,tt0126388,7
user_2,tt0126886,7
user_2,tt0126916,6
user_2,tt0127357,5
user_2,tt0127499,6
user_2,tt0127536,9
user_2,tt0127723,6
user_2,tt0127952,8
user_2,tt0128442,8
user_2,tt0128445,10
user_2,tt0128853,8
user_2,tt0128977,8
user_2,tt0129167,9
user_2,tt0129290,7
user_2,tt0129332,8
user_2,tt0129387,7
user_2,tt0130018,5
user_2,tt0130055,8
user_2,tt0130121,6
user_2,tt0130236,5
user_2,tt0130827,7
user_2,tt0131325,7
user_2,tt0131857,8
user_2,tt0132000,3
user_2,tt0132245,4
user_2,tt0132477,7
user_2,tt0132910,5
user_2,tt0133093,9
user_2,tt0133152,6
user_2,tt0133189,6
user_2,tt0133240,8
user_2,tt0133751,7
user_2,tt0133952,8
user_2,tt0134084,5
user_2,tt0134119,7
user_2,tt0134273,4
user_2,tt0134619,5
user_2,tt0134847,7
user_2,tt0135790,9
user_2,tt0137363,5
user_2,tt0137494,9
user_2,tt0137523,10
user_2,tt0138097,7
user_2,tt0138510,6
user_2,tt0138524,6
user_2,tt0138704,7
user_2,tt0138749,7
user_2,tt0139134,7
user_2,tt0139462,5
user_2,tt0139573,6
user_2,tt0139654,9
user_2,tt0139809,7
user_2,tt0140352,8
user_2,tt0141098,5
user_2,tt0141109,7
user_2,tt0141926,6
user_2,tt0142342,4
user_2,tt0142688,7
user_2,tt0143145,6
user_2,tt0144084,8
user_2,tt0144117,9
user_2,tt0144814,6
user_2,tt0144964,4
user_2,tt0145487,8
user_2,tt0145531,5
user_2,tt0145660,7
user_2,tt0145681,7
user_2,tt0146309,7
user_2,tt0146316,6
user_2,tt0146675,4
user_2,tt0146838,6
user_2,tt0146882,6
user_2,tt0147612,8
user_2,tt0147800,7
user_2,tt0149261,5
user_2,tt0149601,9
user_2,tt0150377,6
user_2,tt0150980,8
user_2,tt0151137,8
user_2,tt0151738,7
user_2,tt0151804,7
user_2,tt0152930,7
user_2,tt0154421,7
user_2,tt0154443,7
user_2,tt0154506,7
user_2,tt0156887,7
user_2,tt0157262,3
user_2,tt0158714,9
user_2,tt0158983,7
user_2,tt0159097,8
user_2,tt0159273,8
user_2,tt0159365,8
user_2,tt0160009,5
user_2,tt0160127,5
user_2,tt0160862,6
user_2,tt0161081,7
user_2,tt0161292,6
user_2,tt0162222,8
user_2,tt0162346,7
user_2,tt0162650,5
user_2,tt0162661,8
user_2,tt0163025,7
user_2,tt0163187,7
user_2,tt0163651,6
user_2,tt0163978,7
user_2,tt0163983,4
user_2,tt0164052,5
user_2,tt0164181,7
user_2,tt0164184,6
user_2,tt0164334,6
user_2,tt0164912,6
user_2,tt0165361,7
user_2,tt0165798,8
user_2,tt0166276,3
user_2,tt0166485,6
user_2,tt0166813,9
user_2,tt0166896,8
user_2,tt0166924,6
user_2,tt0167190,7
user_2,tt0167260,10
user_2,tt0167261,8
user_2,tt0167404,8
user_2,tt0167456,5
user_2,tt0168629,8
user_2,tt0168786,9
user_2,tt0169102,8
user_2,tt0169376,5
user_2,tt0169547,8
user_2,tt0169858,8
user_2,tt0170016,8
user_2,tt0170691,8
user_2,tt0171363,6
user_2,tt0171433,6
user_2,tt0171804,8
user_2,tt0172156,8
user_2,tt0172396,8
user_2,tt0172493,7
user_2,tt0172495,8
user_2,tt0173682,3
user_2,tt0173840,5
user_2,tt0174299,7
user_2,tt0174856,7
user_2,tt0175142,6
user_2,tt0175880,8
user_2,tt0176269,5
user_2,tt0177242,6
user_2,tt0177789,7
user_2,tt0177971,5
user_2,tt0178868,7
user_2,tt0180052,5
user_2,tt0180073,9
user_2,tt0180093,8
user_2,tt0181316,8
user_2,tt0181536,8
user_2,tt0181689,6
user_2,tt0181852,6
user_2,tt0181865,6
user_2,tt0181875,7
user_2,tt0181984,9
user_2,tt0182789,7
user_2,tt0183505,4
user_2,tt0183649,8
user_2,tt0183790,9
user_2,tt0183869,5
user_2,tt0184858,7
user_2,tt0184894,6
user_2,tt0185125,7
user_2,tt0185371,5
user_2,tt0185431,7
user_2,tt0185937,6
user_2,tt0186151,7
user_2,tt0186380,7
user_2,tt0186566,4
user_2,tt0186894,7
user_2,tt0187078,8
user_2,tt0187393,6
user_2,tt0187738,6
user_2,tt0189998,7
user_2,tt0190138,6
user_2,tt0190332,9
user_2,tt0190374,4
user_2,tt0190590,7
user_2,tt0190641,4
user_2,tt0190865,5
user_2,tt0191397,7
user_2,tt0191996,6
user_2,tt0192614,5
user_2,tt0193364,4
user_2,tt0195685,8
user_2,tt0195714,5
user_2,tt0196216,7
user_2,tt0196229,5
user_2,tt0197730,7
user_2,tt0198021,8
user_2,tt0198781,9
user_2,tt0199725,7
user_2,tt0199753,4
user_2,tt0200211,2
user_2,tt0200267,7
user_2,tt0200465,7
user_2,tt0200550,6
user_2,tt0200637,7
user_2,tt0201844,4
user_2,tt0202677,6
user_2,tt0203009,9
user_2,tt0203019,8
user_2,tt0203119,5
user_2,tt0203612,8
user_2,tt0203975,4
user_2,tt0204313,5
user_2,tt0204946,7
user_2,tt0205000,7
user_2,tt0206634,8
user_2,tt0206762,7
user_2,tt0207201,8
user_2,tt0208003,6
user_2,tt0208092,9
user_2,tt0208675,8
user_2,tt0208988,4
user_2,tt0208990,8
user_2,tt0209037,7
user_2,tt0209077,7
user_2,tt0209144,9
user_2,tt0209163,5
user_2,tt0209189,6
user_2,tt0209463,8
user_2,tt0209475,4
user_2,tt0209958,6
user_2,tt0210065,7
user_2,tt0210070,7
user_2,tt0210651,5
user_2,tt0210945,7
user_2,tt0211915,8
user_2,tt0212338,8
user_2,tt0212346,7
user_2,tt0212712,7
user_2,tt0212720,9
user_2,tt0212985,4
user_2,tt0213149,7
user_2,tt0213890,6
user_2,tt0214289,7
user_2,tt0214388,6
user_2,tt0214931,7
user_2,tt0215129,6
user_2,tt0215750,8
user_2,tt0216216,6
user_2,tt0216800,7
user_2,tt0216962,7
user_2,tt0217505,7
user_2,tt0217630,7
user_2,tt0217756,5
user_2,tt0217869,8
user_2,tt0218839,8
user_2,tt0218922,7
user_2,tt0218967,6
user_2,tt0219374,6
user_2,tt0219653,6
user_2,tt0219699,7
user_2,tt0219965,8
user_2,tt0221027,9
user_2,tt0222812,5
user_2,tt0223897,6
user_2,tt0226708,6
user_2,tt0227445,7
user_2,tt0227538,7
user_2,tt0228333,5
user_2,tt0228750,4
user_2,tt0229340,8
user_2,tt0230011,8
user_2,tt0230030,6
user_2,tt0230600,7
user_2,tt0230838,6
user_2,tt0231775,4
user_2,tt0232500,6
user_2,tt0233469,5
user_2,tt0234000,8
user_2,tt0234215,7
user_2,tt0234837,6
user_2,tt0235060,7
user_2,tt0235198,8
user_2,tt0235679,6
user_2,tt0235737,7
user_2,tt0236493,5
user_2,tt0236640,7
user_2,tt0237094,10
user_2,tt0237376,9
user_2,tt0238112,5
user_2,tt0238380,8
user_2,tt0238546,6
user_2,tt0238924,9
user_2,tt0238936,7
user_2,tt0239395,4
user_2,tt0240200,9
user_2,tt0240419,8
user_2,tt0240462,6
user_2,tt0240468,6
user_2,tt0240772,8
user_2,tt0240890,7
user_2,tt0241303,5
user_2,tt0241527,6
user_2,tt0242423,6
user_2,tt0242445,8
user_2,tt0242527,7
user_2,tt0242653,8
user_2,tt0243017,7
user_2,tt0243133,6
user_2,tt0243155,7
user_2,tt0243889,8
user_2,tt0244244,6
user_2,tt0245429,7
user_2,tt0245562,7
user_2,tt0245574,8
user_2,tt0245674,7
user_2,tt0245686,6
user_2,tt0245712,8
user_2,tt0245803,5
user_2,tt0245844,8
user_2,tt0246134,6
user_2,tt0246404,7
user_2,tt0246460,5
user_2,tt0246464,6
user_2,tt0246578,8
user_2,tt0246772,8
user_2,tt0247199,8
user_2,tt0247394,8
user_2,tt0247586,8
user_2,tt0247638,7
user_2,tt0247745,8
user_2,tt0248667,8
user_2,tt0248845,7
user_2,tt0249241,9
user_2,tt0249462,7
user_2,tt0250081,7
user_2,tt0250202,6
user_2,tt0250224,6
user_2,tt0250258,6
user_2,tt0250468,6
user_2,tt0250494,6
user_2,tt0250687,5
user_2,tt0250797,6
user_2,tt0251057,6
user_2,tt0251075,5
user_2,tt0251127,5
user_2,tt0251160,8
user_2,tt0251736,6
user_2,tt0252388,7
user_2,tt0252487,10
user_2,tt0252489,9
user_2,tt0252501,7
user_2,tt0252866,8
user_2,tt0253474,10
user_2,tt0253556,6
user_2,tt0253614,7
user_2,tt0253754,7
user_2,tt0253867,6
user_2,tt0255819,7
user_2,tt0256009,9
user_2,tt0256084,7
user_2,tt0256380,6
user_2,tt0256415,6
user_2,tt0257044,8
user_2,tt0257076,6
user_2,tt0257106,7
user_2,tt0257360,6
user_2,tt0258000,7
user_2,tt0258463,8
user_2,tt0258490,7
user_2,tt0259288,7
user_2,tt0259324,6
user_2,tt0259446,6
user_2,tt0259711,6
user_2,tt0260866,6
user_2,tt0261392,7
user_2,tt0261983,5
user_2,tt0263438,8
user_2,tt0263488,5
user_2,tt0263728,5
user_2,tt0263757,7
user_2,tt0264464,7
user_2,tt0264616,8
user_2,tt0265029,6
user_2,tt0265086,5
user_2,tt0265087,7
user_2,tt0265208,8
user_2,tt0265298,7
user_2,tt0265459,6
user_2,tt0265651,6
user_2,tt0265666,9
user_2,tt0265808,4
user_2,tt0266308,9
user_2,tt0266452,5
user_2,tt0266543,9
user_2,tt0266697,9
user_2,tt0266915,6
user_2,tt0266987,7
user_2,tt0267626,8
user_2,tt0267804,7
user_2,tt0267891,5
user_2,tt0267913,6
user_2,tt0268126,9
user_2,tt0268380,6
user_2,tt0268690,6
user_2,tt0268695,6
user_2,tt0268978,8
user_2,tt0269389,10
user_2,tt0269604,4
user_2,tt0270288,6
user_2,tt0270707,4
user_2,tt0271027,7
user_2,tt0271029,7
user_2,tt0271367,6
user_2,tt0271383,9
user_2,tt0271668,5
user_2,tt0272152,9
user_2,tt0272338,6
user_2,tt0273517,5
user_2,tt0274166,8
user_2,tt0274309,8
user_2,tt0274558,8
user_2,tt0274812,7
user_2,tt0275022,4
user_2,tt0275847,8
user_2,tt0276501,7
user_2,tt0276751,8
user_2,tt0276816,7
user_2,tt0276919,6
user_2,tt0277027,8
user_2,tt0277296,5
user_2,tt0277371,6
user_2,tt0277434,7
user_2,tt0278435,5
user_2,tt0278488,7
user_2,tt0278504,7
user_2,tt0278731,6
user_2,tt0279781,7
user_2,tt0280590,6
user_2,tt0280609,8
user_2,tt0280653,10
user_2,tt0280696,6
user_2,tt0280707,8
user_2,tt0281322,5
user_2,tt0281358,10
user_2,tt0281686,6
user_2,tt0283003,8
user_2,tt0283111,7
user_2,tt0283632,5
user_2,tt0284137,8
user_2,tt0284490,5
user_2,tt0284837,6
user_2,tt0285441,7
user_2,tt0285462,4
user_2,tt0285492,6
user_2,tt0285531,7
user_2,tt0285742,6
user_2,tt0285823,8
user_2,tt0286106,6
user_2,tt0286261,7
user_2,tt0286306,5
user_2,tt0286499,8
user_2,tt0286716,3
user_2,tt0286788,7
user_2,tt0287467,8
user_2,tt0287471,7
user_2,tt0287717,5
user_2,tt0287963,7
user_2,tt0287978,7
user_2,tt0288045,8
user_2,tt0288477,4
user_2,tt0289043,6
user_2,tt0289765,8
user_2,tt0289848,8
user_2,tt0289879,6
user_2,tt0289992,9
user_2,tt0290002,8
user_2,tt0290095,5
user_2,tt0290210,8
user_2,tt0290334,8
user_2,tt0290673,7
user_2,tt0290747,5
user_2,tt0291341,6
user_2,tt0291532,8
user_2,tt0292490,8
user_2,tt0292506,8
user_2,tt0292963,7
user_2,tt0293508,10
user_2,tt0293564,6
user_2,tt0293662,6
user_2,tt0293715,8
user_2,tt0294870,7
user_2,tt0295178,7
user_2,tt0295254,3
user_2,tt0295297,8
user_2,tt0295700,6
user_2,tt0295701,5
user_2,tt0295721,6
user_2,tt0296572,6
user_2,tt0296845,6
user_2,tt0297741,7
user_2,tt0297884,5
user_2,tt0298130,9
user_2,tt0298148,7
user_2,tt0298203,8
user_2,tt0298814,9
user_2,tt0299117,6
user_2,tt0299658,6
user_2,tt0299977,8
user_2,tt0300051,9
user_2,tt0300471,4
user_2,tt0300532,6
user_2,tt0300556,5
user_2,tt0301357,7
user_2,tt0301470,5
user_2,tt0301623,7
user_2,tt0302640,7
user_2,tt0302819,8
user_2,tt0302886,7
user_2,tt0303714,6
user_2,tt0303816,5
user_2,tt0303933,5
user_2,tt0303970,3
user_2,tt0304141,8
user_2,tt0304262,7
user_2,tt0304669,5
user_2,tt0304711,6
user_2,tt0305206,10
user_2,tt0305224,5
user_2,tt0305357,5
user_2,tt0306047,5
user_2,tt0307453,5
user_2,tt0307479,6
user_2,tt0307901,6
user_2,tt0307987,7
user_2,tt0308411,6
user_2,tt0308644,9
user_2,tt0308878,7
user_2,tt0309593,7
user_2,tt0309698,7
user_2,tt0309827,7
user_2,tt0309987,7
user_2,tt0310775,7
user_2,tt0311113,7
user_2,tt0311289,5
user_2,tt0311429,4
user_2,tt0311941,6
user_2,tt0312004,8
user_2,tt0313443,7
user_2,tt0313737,6
user_2,tt0314067,10
user_2,tt0314331,8
user_2,tt0314353,5
user_2,tt0315327,7
user_2,tt0315733,7
user_2,tt0315983,8
user_2,tt0316356,8
user_2,tt0316396,8
user_2,tt0316465,6
user_2,tt0316654,7
user_2,tt0316732,5
user_2,tt0317198,5
user_2,tt0317219,10
user_2,tt0317248,9
user_2,tt0317303,7
user_2,tt0317648,6
user_2,tt0317676,3
user_2,tt0317705,9
user_2,tt0317740,7
user_2,tt0317919,7
user_2,tt0318627,6
user_2,tt0318974,5
user_2,tt0319061,6
user_2,tt0319262,5
user_2,tt0319343,8
user_2,tt0319736,8
user_2,tt0319769,7
user_2,tt0320244,7
user_2,tt0320661,6
user_2,tt0320691,7
user_2,tt0322259,6
user_2,tt0322330,6
user_2,tt0323944,7
user_2,tt0324216,5
user_2,tt0325703,7
user_2,tt0325710,7
user_2,tt0325805,7
user_2,tt0325980,7
user_2,tt0326856,4
user_2,tt0327056,10
user_2,tt0327084,7
user_2,tt0327437,6
user_2,tt0327554,2
user_2,tt0327597,8
user_2,tt0327679,4
user_2,tt0327850,7
user_2,tt0328107,8
user_2,tt0328538,6
user_2,tt0328828,5
user_2,tt0328880,7
user_2,tt0328901,7
user_2,tt0329101,7
user_2,tt0329330,7
user_2,tt0329388,8
user_2,tt0329717,5
user_2,tt0329774,3
user_2,tt0330373,8
user_2,tt0330793,8
user_2,tt0331952,5
user_2,tt0332280,7
user_2,tt0332379,9
user_2,tt0332452,6
user_2,tt0332639,9
user_2,tt0333766,9
user_2,tt0333780,7
user_2,tt0334226,10
user_2,tt0335119,7
user_2,tt0335245,7
user_2,tt0335266,8
user_2,tt0335345,7
user_2,tt0335438,6
user_2,tt0337563,5
user_2,tt0337692,6
user_2,tt0337741,7
user_2,tt0337921,7
user_2,tt0337978,7
user_2,tt0338013,8
user_2,tt0338094,6
user_2,tt0338096,6
user_2,tt0338337,6
user_2,tt0338348,6
user_2,tt0338459,6
user_2,tt0338526,6
user_2,tt0338564,7
user_2,tt0338751,7
user_2,tt0339135,6
user_2,tt0339291,8
user_2,tt0340163,8
user_2,tt0340377,8
user_2,tt0340855,7
user_2,tt0342258,7
user_2,tt0342492,7
user_2,tt0343135,6
user_2,tt0343660,6
user_2,tt0343737,8
user_2,tt0343818,7
user_2,tt0344510,8
user_2,tt0345061,8
user_2,tt0345950,7
user_2,tt0346156,6
user_2,tt0346491,6
user_2,tt0347048,7
user_2,tt0347149,8
user_2,tt0347304,9
user_2,tt0347473,6
user_2,tt0347618,8
user_2,tt0348150,5
user_2,tt0348333,8
user_2,tt0348836,6
user_2,tt0349205,6
user_2,tt0349683,7
user_2,tt0349710,6
user_2,tt0349825,7
user_2,tt0349889,5
user_2,tt0349903,6
user_2,tt0350028,8
user_2,tt0350258,10
user_2,tt0351283,7
user_2,tt0351461,7
user_2,tt0351977,7
user_2,tt0352248,7
user_2,tt0352277,8
user_2,tt0353969,8
user_2,tt0354899,8
user_2,tt0355295,7
user_2,tt0355702,7
user_2,tt0356150,7
user_2,tt0356443,6
user_2,tt0356470,7
user_2,tt0356634,7
user_2,tt0356680,8
user_2,tt0356721,8
user_2,tt0356910,6
user_2,tt0357277,4
user_2,tt0357413,9
user_2,tt0358082,6
user_2,tt0358273,10
user_2,tt0359013,6
user_2,tt0359950,7
user_2,tt0360016,5
user_2,tt0360486,7
user_2,tt0360717,8
user_2,tt0360845,8
user_2,tt0361696,5
user_2,tt0361748,8
user_2,tt0361862,8
user_2,tt0362120,5
user_2,tt0362165,4
user_2,tt0362227,9
user_2,tt0362270,6
user_2,tt0362478,4
user_2,tt0363163,8
user_2,tt0363226,9
user_2,tt0363473,8
user_2,tt0363547,7
user_2,tt0363589,8
user_2,tt0363771,6
user_2,tt0363780,6
user_2,tt0363988,5
user_2,tt0364569,8
user_2,tt0364725,5
user_2,tt0364751,5
user_2,tt0364970,6
user_2,tt0365125,6
user_2,tt0365296,7
user_2,tt0365376,5
user_2,tt0365686,6
user_2,tt0365737,7
user_2,tt0365748,8
user_2,tt0365830,7
user_2,tt0365907,8
user_2,tt0366548,6
user_2,tt0366551,7
user_2,tt0366627,6
user_2,tt0366842,2
user_2,tt0367085,5
user_2,tt0367089,5
user_2,tt0367153,7
user_2,tt0367479,6
user_2,tt0367495,9
user_2,tt0367594,7
user_2,tt0367652,3
user_2,tt0367882,7
user_2,tt0367959,7
user_2,tt0368008,9
user_2,tt0368447,7
user_2,tt0368709,5
user_2,tt0368891,9
user_2,tt0368933,6
user_2,tt0369339,8
user_2,tt0369436,4
user_2,tt0369441,6
user_2,tt0369610,9
user_2,tt0369702,7
user_2,tt0369735,7
user_2,tt0370032,4
user_2,tt0370263,7
user_2,tt0370986,10
user_2,tt0371246,7
user_2,tt0371257,7
user_2,tt0371280,9
user_2,tt0371606,6
user_2,tt0371724,7
user_2,tt0371746,8
user_2,tt0372183,9
user_2,tt0372237,7
user_2,tt0372334,7
user_2,tt0372532,5
user_2,tt0372588,8
user_2,tt0372784,9
user_2,tt0372824,6
user_2,tt0372873,5
user_2,tt0373051,5
user_2,tt0373074,7
user_2,tt0373283,6
user_2,tt0373469,8
user_2,tt0373883,6
user_2,tt0373889,9
user_2,tt0373926,7
user_2,tt0374102,6
user_2,tt0374536,5
user_2,tt0374546,8
user_2,tt0374887,7
user_2,tt0374900,9
user_2,tt0375063,7
user_2,tt0375210,5
user_2,tt0375568,7
user_2,tt0375679,8
user_2,tt0375785,4
user_2,tt0375912,6
user_2,tt0376136,6
user_2,tt0376541,8
user_2,tt0376994,7
user_2,tt0377062,6
user_2,tt0377092,8
user_2,tt0377098,6
user_2,tt0377107,7
user_2,tt0377109,6
user_2,tt0377471,6
user_2,tt0377818,6
user_2,tt0378109,4
user_2,tt0378194,8
user_2,tt0379217,8
user_2,tt0379725,7
user_2,tt0379786,8
user_2,tt0380510,7
user_2,tt0381061,9
user_2,tt0381681,8
user_2,tt0381707,7
user_2,tt0381849,9
user_2,tt0381966,7
user_2,tt0382077,6
user_2,tt0382180,8
user_2,tt0382625,6
user_2,tt0382628,5
user_2,tt0382932,9
user_2,tt0382992,6
user_2,tt0383028,9
user_2,tt0383216,5
user_2,tt0383222,3
user_2,tt0383574,6
user_2,tt0384116,8
user_2,tt0384537,6
user_2,tt0384680,6
user_2,tt0384793,6
user_2,tt0384806,6
user_2,tt0385002,7
user_2,tt0385004,6
user_2,tt0385057,7
user_2,tt0385267,7
user_2,tt0385700,7
user_2,tt0385705,7
user_2,tt0385752,6
user_2,tt0385880,7
user_2,tt0385887,6
user_2,tt0386117,6
user_2,tt0386342,8
user_2,tt0386588,6
user_2,tt0386820,5
user_2,tt0387131,9
user_2,tt0387564,8
user_2,tt0387808,6
user_2,tt0387877,5
user_2,tt0388125,5
user_2,tt0388182,7
user_2,tt0388482,7
user_2,tt0388795,7
user_2,tt0389557,6
user_2,tt0389722,5
user_2,tt0389790,8
user_2,tt0389860,7
user_2,tt0390022,7
user_2,tt0390221,8
user_2,tt0390384,5
user_2,tt0391198,5
user_2,tt0391304,7
user_2,tt0393109,7
user_2,tt0393162,8
user_2,tt0395119,6
user_2,tt0395140,7
user_2,tt0395169,7
user_2,tt0395495,7
user_2,tt0395584,7
user_2,tt0395699,7
user_2,tt0395972,7
user_2,tt0396171,6
user_2,tt0396269,7
user_2,tt0396271,3
user_2,tt0396652,5
user_2,tt0397065,3
user_2,tt0397078,6
user_2,tt0397101,6
user_2,tt0397313,7
user_2,tt0397535,7
user_2,tt0397892,7
user_2,tt0398017,5
user_2,tt0398165,7
user_2,tt0398286,9
user_2,tt0398375,5
user_2,tt0398712,8
user_2,tt0398808,8
user_2,tt0398913,4
user_2,tt0399146,10
user_2,tt0399201,6
user_2,tt0399295,6
user_2,tt0400525,5
user_2,tt0401383,8
user_2,tt0401445,8
user_2,tt0401711,6
user_2,tt0401729,7
user_2,tt0401792,9
user_2,tt0401855,7
user_2,tt0401997,7
user_2,tt0402022,5
user_2,tt0402399,7
user_2,tt0402894,7
user_2,tt0403217,7
user_2,tt0403508,6
user_2,tt0403848,5
user_2,tt0404032,7
user_2,tt0404203,7
user_2,tt0404390,8
user_2,tt0405094,9
user_2,tt0405159,8
user_2,tt0405296,7
user_2,tt0405325,8
user_2,tt0405393,5
user_2,tt0405422,9
user_2,tt0405469,4
user_2,tt0405508,8
user_2,tt0406375,6
user_2,tt0406759,5
user_2,tt0406816,9
user_2,tt0407304,6
user_2,tt0407342,8
user_2,tt0407887,8
user_2,tt0408236,9
user_2,tt0408306,6
user_2,tt0408777,6
user_2,tt0408790,9
user_2,tt0409072,8
user_2,tt0409182,5
user_2,tt0409459,8
user_2,tt0409847,6
user_2,tt0410297,7
user_2,tt0410730,7
user_2,tt0411061,8
user_2,tt0411477,7
user_2,tt0411705,5
user_2,tt0412019,7
user_2,tt0412080,8
user_2,tt0412922,6
user_2,tt0413099,6
user_2,tt0413267,5
user_2,tt0413300,5
user_2,tt0414055,7
user_2,tt0414387,9
user_2,tt0414852,6
user_2,tt0414951,7
user_2,tt0414982,5
user_2,tt0414993,6
user_2,tt0415306,6
user_2,tt0415978,6
user_2,tt0416236,7
user_2,tt0416315,6
user_2,tt0416320,10
user_2,tt0416449,8
user_2,tt0416508,7
user_2,tt0417148,6
user_2,tt0417202,9
user_2,tt0417397,6
user_2,tt0417433,7
user_2,tt0417658,4
user_2,tt0417741,8
user_2,tt0418110,7
user_2,tt0418279,9
user_2,tt0418689,6
user_2,tt0418763,6
user_2,tt0418778,7
user_2,tt0418819,7
user_2,tt0418887,5
user_2,tt0419058,8
user_2,tt0419677,7
user_2,tt0419706,5
user_2,tt0419781,9
user_2,tt0419887,9
user_2,tt0420223,6
user_2,tt0420238,8
user_2,tt0420294,6
user_2,tt0421054,6
user_2,tt0421073,7
user_2,tt0421206,9
user_2,tt0421238,7
user_2,tt0421239,7
user_2,tt0421715,6
user_2,tt0422265,7
user_2,tt0422720,6
user_2,tt0423294,7
user_2,tt0423866,6
user_2,tt0423977,6
user_2,tt0424095,8
user_2,tt0424136,7
user_2,tt0424227,6
user_2,tt0424297,6
user_2,tt0424345,8
user_2,tt0424434,7
user_2,tt0424823,5
user_2,tt0424993,5
user_2,tt0425061,6
user_2,tt0425112,8
user_2,tt0425123,6
user_2,tt0425210,9
user_2,tt0425326,7
user_2,tt0425413,5
user_2,tt0425637,6
user_2,tt0425985,6
user_2,tt0426578,8
user_2,tt0426592,5
user_2,tt0426883,5
user_2,tt0426931,9
user_2,tt0427152,6
user_2,tt0427229,6
user_2,tt0427309,9
user_2,tt0427327,6
user_2,tt0427392,5
user_2,tt0427470,7
user_2,tt0427944,8
user_2,tt0427998,6
user_2,tt0428059,8
user_2,tt0429493,7
user_2,tt0429589,6
user_2,tt0430105,7
user_2,tt0430308,4
user_2,tt0430357,6
user_2,tt0430634,9
user_2,tt0430651,9
user_2,tt0430919,6
user_2,tt0430922,6
user_2,tt0431021,5
user_2,tt0431197,6
user_2,tt0431308,6
user_2,tt0432021,5
user_2,tt0432283,8
user_2,tt0432289,6
user_2,tt0432348,6
user_2,tt0432402,6
user_2,tt0432637,8
user_2,tt0433035,6
user_2,tt0433362,7
user_2,tt0433383,7
user_2,tt0433386,7
user_2,tt0433387,6
user_2,tt0433400,5
user_2,tt0433416,9
user_2,tt0434409,9
user_2,tt0435434,9
user_2,tt0435625,7
user_2,tt0435651,7
user_2,tt0435653,8
user_2,tt0435679,8
user_2,tt0435705,6
user_2,tt0435761,10
user_2,tt0436697,7
user_2,tt0437086,9
user_2,tt0438097,7
user_2,tt0438488,6
user_2,tt0439289,6
user_2,tt0439547,6
user_2,tt0439815,8
user_2,tt0440963,8
user_2,tt0441773,8
user_2,tt0441796,4
user_2,tt0441909,8
user_2,tt0442933,7
user_2,tt0443272,7
user_2,tt0443274,8
user_2,tt0443453,7
user_2,tt0443489,6
user_2,tt0443543,8
user_2,tt0443632,6
user_2,tt0443649,5
user_2,tt0443680,9
user_2,tt0443701,5
user_2,tt0443706,9
user_2,tt0443708,8
user_2,tt0444682,4
user_2,tt0445922,7
user_2,tt0445934,6
user_2,tt0445990,8
user_2,tt0446013,5
user_2,tt0446029,6
user_2,tt0446755,9
user_2,tt0448011,5
user_2,tt0448115,7
user_2,tt0448134,8
user_2,tt0448157,8
user_2,tt0448564,5
user_2,tt0448694,6
user_2,tt0449010,5
user_2,tt0449059,10
user_2,tt0449088,7
user_2,tt0449089,6
user_2,tt0449306,6
user_2,tt0449467,8
user_2,tt0449999,7
user_2,tt0450188,7
user_2,tt0450232,9
user_2,tt0450259,8
user_2,tt0450278,5
user_2,tt0450345,3
user_2,tt0450385,5
user_2,tt0450405,5
user_2,tt0451079,8
user_2,tt0451094,9
user_2,tt0451279,7
user_2,tt0452594,6
user_2,tt0452608,8
user_2,tt0452623,6
user_2,tt0452625,6
user_2,tt0452637,7
user_2,tt0452694,8
user_2,tt0452702,5
user_2,tt0453451,7
user_2,tt0453467,9
user_2,tt0453556,5
user_2,tt0453562,7
user_2,tt0454084,5
user_2,tt0454841,7
user_2,tt0454848,9
user_2,tt0454876,6
user_2,tt0454921,9
user_2,tt0454945,8
user_2,tt0455407,5
user_2,tt0455538,7
user_2,tt0455590,8
user_2,tt0455782,7
user_2,tt0455824,5
user_2,tt0455918,4
user_2,tt0455944,7
user_2,tt0455957,7
user_2,tt0455960,7
user_2,tt0455967,5
user_2,tt0456014,4
user_2,tt0456554,8
user_2,tt0457297,5
user_2,tt0457308,6
user_2,tt0457400,4
user_2,tt0457430,9
user_2,tt0457475,5
user_2,tt0457510,5
user_2,tt0457513,8
user_2,tt0457939,5
user_2,tt0458074,7
user_2,tt0458339,7
user_2,tt0458352,7
user_2,tt0458413,5
user_2,tt0458481,7
user_2,tt0458525,6
user_2,tt0460745,8
user_2,tt0460791,9
user_2,tt0460829,6
user_2,tt0461770,6
user_2,tt0462322,8
user_2,tt0462396,5
user_2,tt0462499,8
user_2,tt0462504,9
user_2,tt0462538,7
user_2,tt0462590,5
user_2,tt0462662,8
user_2,tt0463854,6
user_2,tt0463985,6
user_2,tt0463991,7
user_2,tt0463998,8
user_2,tt0464141,8
user_2,tt0464154,5
user_2,tt0465142,5
user_2,tt0465203,7
user_2,tt0465234,6
user_2,tt0465494,8
user_2,tt0465538,8
user_2,tt0465580,8
user_2,tt0465602,5
user_2,tt0465624,6
user_2,tt0467197,5
user_2,tt0467200,8
user_2,tt0467406,8
user_2,tt0468492,8
user_2,tt0468569,9
user_2,tt0469263,6
user_2,tt0469494,9
user_2,tt0469641,5
user_2,tt0470715,6
user_2,tt0470752,8
user_2,tt0470993,4
user_2,tt0471041,8
user_2,tt0471042,7
user_2,tt0472033,7
user_2,tt0472043,7
user_2,tt0472062,7
user_2,tt0472181,5
user_2,tt0472198,5
user_2,tt0472399,7
user_2,tt0473075,6
user_2,tt0473188,6
user_2,tt0473308,10
user_2,tt0473356,4
user_2,tt0473444,7
user_2,tt0473705,8
user_2,tt0475276,6
user_2,tt0475290,5
user_2,tt0475394,8
user_2,tt0475944,6
user_2,tt0476519,7
user_2,tt0477051,5
user_2,tt0477071,7
user_2,tt0477080,6
user_2,tt0477139,7
user_2,tt0477302,7
user_2,tt0477347,7
user_2,tt0477348,9
user_2,tt0477470,7
user_2,tt0478087,5
user_2,tt0478134,6
user_2,tt0478304,7
user_2,tt0478311,7
user_2,tt0478970,5
user_2,tt0479143,7
user_2,tt0479884,8
user_2,tt0479952,8
user_2,tt0479968,5
user_2,tt0479997,5
user_2,tt0480025,7
user_2,tt0480242,6
user_2,tt0480249,7
user_2,tt0480255,7
user_2,tt0480669,7
user_2,tt0480687,6
user_2,tt0481369,6
user_2,tt0481499,6
user_2,tt0481536,7
user_2,tt0481610,2
user_2,tt0482088,8
user_2,tt0482463,6
user_2,tt0482571,9
user_2,tt0482599,6
user_2,tt0482606,6
user_2,tt0483908,5
user_2,tt0485510,6
user_2,tt0485601,8
user_2,tt0485851,8
user_2,tt0485947,9
user_2,tt0485976,7
user_2,tt0486051,7
user_2,tt0486551,3
user_2,tt0486576,7
user_2,tt0486655,7
user_2,tt0486674,5
user_2,tt0486708,5
user_2,tt0486822,8
user_2,tt0486946,6
user_2,tt0488120,8
user_2,tt0488478,5
user_2,tt0489049,6
user_2,tt0489099,6
user_2,tt0489235,7
user_2,tt0489237,6
user_2,tt0489270,7
user_2,tt0489664,6
user_2,tt0490076,6
user_2,tt0490166,8
user_2,tt0490181,6
user_2,tt0490204,7
user_2,tt0490215,8
user_2,tt0491152,7
user_2,tt0492486,4
user_2,tt0492956,6
user_2,tt0493405,5
user_2,tt0493464,7
user_2,tt0494238,6
user_2,tt0495596,6
user_2,tt0496226,7
user_2,tt0496806,4
user_2,tt0497465,8
user_2,tt0497972,7
user_2,tt0498353,7
user_2,tt0498361,8
user_2,tt0498380,10
user_2,tt0498381,5
user_2,tt0498399,8
user_2,tt0499448,8
user_2,tt0499549,7
user_2,tt0499554,6
user_2,tt0499556,7
user_2,tt0756683,9
user_2,tt0758730,7
user_2,tt0758746,6
user_2,tt0758752,6
user_2,tt0758758,9
user_2,tt0758766,6
user_2,tt0758771,6
user_2,tt0758774,7
user_2,tt0758781,4
user_2,tt0758794,9
user_2,tt0762107,6
user_2,tt0762121,8
user_2,tt0763831,8
user_2,tt0765010,8
user_2,tt0765120,6
user_2,tt0765429,9
user_2,tt0765443,5
user_2,tt0765446,5
user_2,tt0770752,4
user_2,tt0770828,8
user_2,tt0775488,8
user_2,tt0780504,7
user_2,tt0780521,7
user_2,tt0780536,8
user_2,tt0780571,8
user_2,tt0780607,8
user_2,tt0780653,7
user_2,tt0783233,6
user_2,tt0783475,9
user_2,tt0783601,3
user_2,tt0785007,6
user_2,tt0785012,6
user_2,tt0785035,6
user_2,tt0787474,7
user_2,tt0790636,8
user_2,tt0790686,5
user_2,tt0790712,6
user_2,tt0790724,8
user_2,tt0790736,7
user_2,tt0795351,5
user_2,tt0795368,8
user_2,tt0795421,6
user_2,tt0795441,7
user_2,tt0795461,5
user_2,tt0795463,6
user_2,tt0796212,10
user_2,tt0796335,8
user_2,tt0796366,7
user_2,tt0798817,6
user_2,tt0799949,2
user_2,tt0800039,6
user_2,tt0800080,6
user_2,tt0800240,6
user_2,tt0800308,6
user_2,tt0800320,5
user_2,tt0800325,5
user_2,tt0800369,6
user_2,tt0803096,8
user_2,tt0804497,8
user_2,tt0804516,4
user_2,tt0804522,8
user_2,tt0804540,5
user_2,tt0805564,7
user_2,tt0805570,7
user_2,tt0806027,5
user_2,tt0808151,7
user_2,tt0808279,8
user_2,tt0808288,3
user_2,tt0808399,7
user_2,tt0808417,7
user_2,tt0808506,8
user_2,tt0810819,7
user_2,tt0810922,6
user_2,tt0811080,7
user_2,tt0811138,5
user_2,tt0814022,6
user_2,tt0814255,5
user_2,tt0814314,5
user_2,tt0815236,7
user_2,tt0815244,6
user_2,tt0816160,4
user_2,tt0816442,9
user_2,tt0816462,6
user_2,tt0816692,9
user_2,tt0816711,7
user_2,tt0817230,7
user_2,tt0817538,6
user_2,tt0819714,6
user_2,tt0821642,6
user_2,tt0822832,7
user_2,tt0822847,4
user_2,tt0822854,7
user_2,tt0824330,5
user_2,tt0824747,7
user_2,tt0825232,9
user_2,tt0825283,5
user_2,tt0826711,6
user_2,tt0829150,5
user_2,tt0829482,8
user_2,tt0830515,5
user_2,tt0830558,5
user_2,tt0831387,6
user_2,tt0831887,5
user_2,tt0832266,8
user_2,tt0833557,6
user_2,tt0833960,6
user_2,tt0834001,6
user_2,tt0837562,6
user_2,tt0838221,7
user_2,tt0838232,6
user_2,tt0838247,5
user_2,tt0838283,8
user_2,tt0840361,8
user_2,tt0842926,6
user_2,tt0842929,7
user_2,tt0844286,8
user_2,tt0844471,6
user_2,tt0844708,7
user_2,tt0845448,10
user_2,tt0848228,7
user_2,tt0848537,6
user_2,tt0848557,6
user_2,tt0851578,8
user_2,tt0856288,6
user_2,tt0858479,5
user_2,tt0859163,4
user_2,tt0861689,6
user_2,tt0861739,8
user_2,tt0862467,6
user_2,tt0862856,7
user_2,tt0864761,7
user_2,tt0864835,7
user_2,tt0865554,5
user_2,tt0865556,7
user_2,tt0866439,6
user_2,tt0867334,7
user_2,tt0870111,10
user_2,tt0870204,6
user_2,tt0870984,5
user_2,tt0871426,6
user_2,tt0871510,9
user_2,tt0871977,6
user_2,tt0872230,5
user_2,tt0873886,7
user_2,tt0875034,7
user_2,tt0875113,9
user_2,tt0876563,7
user_2,tt0878804,9
user_2,tt0879870,5
user_2,tt0881320,3
user_2,tt0881891,4
user_2,tt0882742,5
user_2,tt0882977,7
user_2,tt0884224,4
user_2,tt0884328,5
user_2,tt0884732,6
user_2,tt0887883,8
user_2,tt0887912,8
user_2,tt0889573,5
user_2,tt0889583,6
user_2,tt0890870,6
user_2,tt0891520,5
user_2,tt0892255,7
user_2,tt0892318,6
user_2,tt0892769,8
user_2,tt0892782,7
user_2,tt0892791,7
user_2,tt0898367,6
user_2,tt0900387,8
user_2,tt0901476,6
user_2,tt0901487,7
user_2,tt0903624,9
user_2,tt0905372,6
user_2,tt0907134,7
user_2,tt0907657,8
user_2,tt0910936,8
user_2,tt0910970,8
user_2,tt0914798,7
user_2,tt0914863,7
user_2,tt0918927,7
user_2,tt0918940,6
user_2,tt0924129,7
user_2,tt0926084,8
user_2,tt0926129,5
user_2,tt0929425,6
user_2,tt0929632,6
user_2,tt0936501,9
user_2,tt0937347,6
user_2,tt0937375,9
user_2,tt0938283,4
user_2,tt0942385,6
user_2,tt0944834,6
user_2,tt0944835,8
user_2,tt0945513,8
user_2,tt0947798,8
user_2,tt0947810,8
user_2,tt0948470,8
user_2,tt0948544,7
user_2,tt0949731,6
user_2,tt0952640,7
user_2,tt0955308,6
user_2,tt0959337,8
user_2,tt0960144,5
user_2,tt0960731,5
user_2,tt0960790,7
user_2,tt0961722,6
user_2,tt0962726,5
user_2,tt0962736,7
user_2,tt0963743,7
user_2,tt0963966,6
user_2,tt0964517,10
user_2,tt0965367,6
user_2,tt0970179,6
user_2,tt0970411,7
user_2,tt0970416,6
user_2,tt0970462,6
user_2,tt0970468,8
user_2,tt0970866,4
user_2,tt0974015,8
user_2,tt0974613,4
user_2,tt0974661,6
user_2,tt0976051,8
user_2,tt0977855,6
user_2,tt0978759,8
user_2,tt0978762,8
user_2,tt0978764,7
user_2,tt0980970,6
user_2,tt0981227,7
user_2,tt0981352,7
user_2,tt0983193,5
user_2,tt0983213,7
user_2,tt0985694,8
user_2,tt0985699,8
user_2,tt0986233,7
user_2,tt0986263,6
user_2,tt0986264,9
user_2,tt0988045,8
user_2,tt0988047,8
user_2,tt0988595,7
user_2,tt0989757,8
user_2,tt0990366,5
user_2,tt0990407,6
user_2,tt0991167,6
user_2,tt0992911,9
user_2,tt0993842,6
user_2,tt0993846,8
user_2,tt0995829,8
user_2,tt0995845,4
user_2,tt10006006,4
user_2,tt1000774,7
user_2,tt1001508,8
user_2,tt1001526,8
user_2,tt10060094,5
user_2,tt1007028,8
user_2,tt1007029,6
user_2,tt1010048,10
user_2,tt1010271,6
user_2,tt1012804,5
user_2,tt1013743,6
user_2,tt1013752,5
user_2,tt1013753,8
user_2,tt1014759,7
user_2,tt1014763,6
user_2,tt1014775,5
user_2,tt1016301,7
user_2,tt1017460,5
user_2,tt1019452,7
user_2,tt1020072,9
user_2,tt1020530,7
user_2,tt1020885,6
user_2,tt1022513,4
user_2,tt1022603,8
user_2,tt10230426,7
user_2,tt1023111,8
user_2,tt1023114,8
user_2,tt1023481,6
user_2,tt10244754,8
user_2,tt1024648,8
user_2,tt1024770,4
user_2,tt1025100,6
user_2,tt1027718,7
user_2,tt1027820,6
user_2,tt1028528,8
user_2,tt1028532,9
user_2,tt1029120,8
user_2,tt1029231,5
user_2,tt1029234,6
user_2,tt1029360,5
user_2,tt1032755,7
user_2,tt1033575,8
user_2,tt1033643,6
user_2,tt1034032,6
user_2,tt1034303,8
user_2,tt1034314,8
user_2,tt1034389,7
user_2,tt1037705,8
user_2,tt1038686,4
user_2,tt1038919,5
user_2,tt1038988,8
user_2,tt1041829,8
user_2,tt1045658,8
user_2,tt1045670,9
user_2,tt1045772,5
user_2,tt1045778,3
user_2,tt1046173,6
user_2,tt1049413,9
user_2,tt1051904,6
user_2,tt1051906,7
user_2,tt1053424,7
user_2,tt1054588,7
user_2,tt1054606,6
user_2,tt1055292,5
user_2,tt1055369,7
user_2,tt1057500,6
user_2,tt1058017,7
user_2,tt1059786,5
user_2,tt1059925,7
user_2,tt1060277,7
user_2,tt1063669,7
user_2,tt1064932,8
user_2,tt1065073,7
user_2,tt1067071,4
user_2,tt1067106,7
user_2,tt1067583,6
user_2,tt1068646,8
user_2,tt1068649,7
user_2,tt1068680,8
user_2,tt1071875,6
user_2,tt1073105,5
user_2,tt1073498,3
user_2,tt1074638,7
user_2,tt1075110,7
user_2,tt1075417,6
user_2,tt1077258,8
user_2,tt1077368,6
user_2,tt1078588,8
user_2,tt1078912,8
user_2,tt1078940,7
user_2,tt1080016,8
user_2,tt1082868,7
user_2,tt1083452,8
user_2,tt1083456,7
user_2,tt1084950,6
user_2,tt1086772,6
user_2,tt1091191,8
user_2,tt1091722,9
user_2,tt1092026,7
user_2,tt1093357,5
user_2,tt1093908,6
user_2,tt1097643,8
user_2,tt1098327,1
user_2,tt1099212,6
user_2,tt1100089,6
user_2,tt1103153,5
user_2,tt1103275,7
user_2,tt1104001,5
user_2,tt1104806,7
user_2,tt1107807,8
user_2,tt1107812,4
user_2,tt1109624,7
user_2,tt1110209,6
user_2,tt1111422,6
user_2,tt1111890,5
user_2,tt1111948,6
user_2,tt1114740,7
user_2,tt1119194,9
user_2,tt1119646,6
user_2,tt1120985,7
user_2,tt1121096,6
user_2,tt1121931,6
user_2,tt1121977,6
user_2,tt1124035,7
user_2,tt1124037,8
user_2,tt1124039,4
user_2,tt1124388,7
user_2,tt1125254,7
user_2,tt1125849,8
user_2,tt1126590,7
user_2,tt1126591,4
user_2,tt1126618,6
user_2,tt1127180,5
user_2,tt1129442,6
user_2,tt1130884,5
user_2,tt1130988,8
user_2,tt1131729,9
user_2,tt1131734,5
user_2,tt1132620,8
user_2,tt1132626,5
user_2,tt1133985,6
user_2,tt1133991,8
user_2,tt1135084,6
user_2,tt1135503,7
user_2,tt1135985,6
user_2,tt1136608,8
user_2,tt1137450,7
user_2,tt11385066,4
user_2,tt11388406,5
user_2,tt1139328,6
user_2,tt1139797,9
user_2,tt1142977,6
user_2,tt1142988,6
user_2,tt1144884,5
user_2,tt1148204,7
user_2,tt1149362,9
user_2,tt1152398,7
user_2,tt1152836,6
user_2,tt1153040,6
user_2,tt11542194,9
user_2,tt1155056,8
user_2,tt1155076,8
user_2,tt1156398,8
user_2,tt1164999,7
user_2,tt1166100,8
user_2,tt1167638,7
user_2,tt1167675,5
user_2,tt11697690,6
user_2,tt1170358,8
user_2,tt1171701,8
user_2,tt1172049,7
user_2,tt1172233,6
user_2,tt1172570,7
user_2,tt1172991,7
user_2,tt1172994,6
user_2,tt1173745,7
user_2,tt1173918,7
user_2,tt1174730,7
user_2,tt1174732,6
user_2,tt1174954,7
user_2,tt11779616,10
user_2,tt1178663,9
user_2,tt1179034,6
user_2,tt1179056,4
user_2,tt1179891,5
user_2,tt1179904,7
user_2,tt1179933,5
user_2,tt1181791,5
user_2,tt1181795,7
user_2,tt1182345,7
user_2,tt1182937,8
user_2,tt1183252,7
user_2,tt1183374,7
user_2,tt1183665,4
user_2,tt1185416,6
user_2,tt1186367,6
user_2,tt1187043,8
user_2,tt1187064,6
user_2,tt1188729,8
user_2,tt1188996,9
user_2,tt1189073,7
user_2,tt1189340,6
user_2,tt1190080,5
user_2,tt1192628,7
user_2,tt1193138,7
user_2,tt1193631,6
user_2,tt1194173,8
user_2,tt1194417,8
user_2,tt1195478,6
user_2,tt1196141,6
user_2,tt1197624,8
user_2,tt1197628,8
user_2,tt1198138,5
user_2,tt1198410,6
user_2,tt1200272,7
user_2,tt1201167,7
user_2,tt1201607,8
user_2,tt1203517,5
user_2,tt1204342,7
user_2,tt1204975,6
user_2,tt1205489,9
user_2,tt1205537,5
user_2,tt1206543,7
user_2,tt1208731,6
user_2,tt1210042,7
user_2,tt1210106,5
user_2,tt1210166,6
user_2,tt1210819,7
user_2,tt1211837,8
user_2,tt1211956,8
user_2,tt1212428,6
user_2,tt1212450,6
user_2,tt1212454,6
user_2,tt1212974,5
user_2,tt1213641,8
user_2,tt1213648,7
user_2,tt1213663,8
user_2,tt1214961,5
user_2,tt1214962,6
user_2,tt1216300,10
user_2,tt1216475,6
user_2,tt1216487,9
user_2,tt1216492,7
user_2,tt1216496,6
user_2,tt1217209,6
user_2,tt1217213,8
user_2,tt1217613,7
user_2,tt1219289,9
user_2,tt1219342,7
user_2,tt1219827,6
user_2,tt1220198,8
user_2,tt1220220,4
user_2,tt1220634,5
user_2,tt1220719,6
user_2,tt1226229,6
user_2,tt1226236,5
user_2,tt1226240,7
user_2,tt1226273,7
user_2,tt1226753,8
user_2,tt1226774,9
user_2,tt1226837,8
user_2,tt1227787,7
user_2,tt1228705,7
user_2,tt1228987,5
user_2,tt1229238,9
user_2,tt1229340,7
user_2,tt1229822,9
user_2,tt1230414,7
user_2,tt1231583,7
user_2,tt1231586,3
user_2,tt1231587,6
user_2,tt1232200,5
user_2,tt1232829,8
user_2,tt1232838,7
user_2,tt1233227,7
user_2,tt1234548,5
user_2,tt1234654,4
user_2,tt1234719,9
user_2,tt1234721,7
user_2,tt1235124,8
user_2,tt1235166,10
user_2,tt1235170,7
user_2,tt1235189,8
user_2,tt1235200,6
user_2,tt1235522,5
user_2,tt1235796,7
user_2,tt1239462,1
user_2,tt1240982,5
user_2,tt1242422,7
user_2,tt1242460,10
user_2,tt1243957,6
user_2,tt1243974,6
user_2,tt1244659,6
user_2,tt1244754,8
user_2,tt1245112,8
user_2,tt1245492,6
user_2,tt1245526,9
user_2,tt1247704,8
user_2,tt1250777,7
user_2,tt1252596,6
user_2,tt1253863,6
user_2,tt1253864,8
user_2,tt1255953,7
user_2,tt1258197,7
user_2,tt1258972,7
user_2,tt1259521,7
user_2,tt1259528,7
user_2,tt1259571,8
user_2,tt1261945,5
user_2,tt1262416,6
user_2,tt1263670,9
user_2,tt1265990,5
user_2,tt1266583,7
user_2,tt1267297,9
user_2,tt1268799,6
user_2,tt1270262,7
user_2,tt1270761,6
user_2,tt1270797,7
user_2,tt1270798,9
user_2,tt1272878,6
user_2,tt1276104,6
user_2,tt1277953,7
user_2,tt1278340,7
user_2,tt1279935,5
user_2,tt1280558,9
user_2,tt1282140,8
user_2,tt1284575,6
user_2,tt1285016,7
user_2,tt1285241,8
user_2,tt1285309,7
user_2,tt1288403,6
user_2,tt1288558,8
user_2,tt1289401,7
user_2,tt1289403,6
user_2,tt1289406,6
user_2,tt1291150,6
user_2,tt1291570,6
user_2,tt1291584,9
user_2,tt1292566,5
user_2,tt1293847,3
user_2,tt1294226,8
user_2,tt1294688,7
user_2,tt1297919,6
user_2,tt1298649,8
user_2,tt1298650,6
user_2,tt1300851,5
user_2,tt1300854,7
user_2,tt1302006,7
user_2,tt1302011,7
user_2,tt1305806,10
user_2,tt1306980,9
user_2,tt1307068,7
user_2,tt1308729,6
user_2,tt1314228,5
user_2,tt1314655,4
user_2,tt1315981,7
user_2,tt1316536,8
user_2,tt1318514,9
user_2,tt1320244,5
user_2,tt1320253,5
user_2,tt1320261,4
user_2,tt1320297,8
user_2,tt1320355,5
user_2,tt1321511,5
user_2,tt1321870,6
user_2,tt1322269,7
user_2,tt1323045,7
user_2,tt1323594,7
user_2,tt1324059,9
user_2,tt1324999,5
user_2,tt1325004,5
user_2,tt1327035,8
user_2,tt1327194,6
user_2,tt1327773,8
user_2,tt1329404,5
user_2,tt1329454,8
user_2,tt1333125,5
user_2,tt1334260,7
user_2,tt1334512,5
user_2,tt1335975,6
user_2,tt1336608,5
user_2,tt1337057,8
user_2,tt1340138,7
user_2,tt1340800,5
user_2,tt1341167,4
user_2,tt1343092,8
user_2,tt1343727,7
user_2,tt1345836,9
user_2,tt1349451,6
user_2,tt1351685,7
user_2,tt1351734,6
user_2,tt1352824,4
user_2,tt1355630,6
user_2,tt1355631,7
user_2,tt1355644,7
user_2,tt1355683,8
user_2,tt1365050,8
user_2,tt1365519,5
user_2,tt1366365,4
user_2,tt1368440,4
user_2,tt1371111,8
user_2,tt1371150,6
user_2,tt1373215,4
user_2,tt1374992,6
user_2,tt1375666,9
user_2,tt1375670,8
user_2,tt1385824,10
user_2,tt1385826,8
user_2,tt1385867,7
user_2,tt1386588,6
user_2,tt1386683,8
user_2,tt1386697,7
user_2,tt1386703,6
user_2,tt1386925,5
user_2,tt1386932,8
user_2,tt1389072,6
user_2,tt1389096,4
user_2,tt1389137,6
user_2,tt1390411,8
user_2,tt1390535,7
user_2,tt1392170,8
user_2,tt1392190,8
user_2,tt1392214,9
user_2,tt1396218,6
user_2,tt1396484,8
user_2,tt1397280,7
user_2,tt1397514,5
user_2,tt1398426,8
user_2,tt1399103,7
user_2,tt1399683,7
user_2,tt1399952,5
user_2,tt1401152,8
user_2,tt1403177,7
user_2,tt1403865,8
user_2,tt1403981,6
user_2,tt1405365,7
user_2,tt1408101,8
user_2,tt1408253,6
user_2,tt1409024,8
user_2,tt1410063,8
user_2,tt1411238,6
user_2,tt1411250,8
user_2,tt1411664,3
user_2,tt1411697,5
user_2,tt1412386,10
user_2,tt1413492,7
user_2,tt1413495,4
user_2,tt1416336,5
user_2,tt1416801,6
user_2,tt1418377,6
user_2,tt1424381,6
user_2,tt1427298,7
user_2,tt1428538,6
user_2,tt1430132,7
user_2,tt1430612,6
user_2,tt1431045,8
user_2,tt1433108,6
user_2,tt1433811,8
user_2,tt1434447,8
user_2,tt1436045,8
user_2,tt1436562,7
user_2,tt1437358,9
user_2,tt1438176,7
user_2,tt1440129,5
user_2,tt1440292,7
user_2,tt1440728,6
user_2,tt1440732,6
user_2,tt1441326,8
user_2,tt1441395,5
user_2,tt1441940,9
user_2,tt1441952,6
user_2,tt1441953,7
user_2,tt1446089,8
user_2,tt1446192,6
user_2,tt1446714,6
user_2,tt1448755,6
user_2,tt1450321,5
user_2,tt1452628,4
user_2,tt1453405,7
user_2,tt1454029,7
user_2,tt1454468,8
user_2,tt1456635,6
user_2,tt1456941,7
user_2,tt1457766,4
user_2,tt1457767,7
user_2,tt1458175,5
user_2,tt1462758,8
user_2,tt1462900,8
user_2,tt1464540,6
user_2,tt1464580,6
user_2,tt1465522,9
user_2,tt1465533,6
user_2,tt1467304,5
user_2,tt1469304,6
user_2,tt1470827,5
user_2,tt1472059,8
user_2,tt1477076,5
user_2,tt1477834,8
user_2,tt1478338,6
user_2,tt1478964,6
user_2,tt1482459,7
user_2,tt1483013,8
user_2,tt1485796,9
user_2,tt1486185,5
user_2,tt1486192,8
user_2,tt1486834,7
user_2,tt1488555,6
user_2,tt1488606,7
user_2,tt1489887,6
user_2,tt1489889,6
user_2,tt1490017,8
user_2,tt1496025,7
user_2,tt1496422,6
user_2,tt1498569,6
user_2,tt1499658,7
user_2,tt1499666,7
user_2,tt1502397,8
user_2,tt1502404,6
user_2,tt1502407,9
user_2,tt1502712,5
user_2,tt1503116,6
user_2,tt1504320,8
user_2,tt1506999,6
user_2,tt1509767,4
user_2,tt1512685,6
user_2,tt1515091,9
user_2,tt1517260,7
user_2,tt1517276,2
user_2,tt1517451,7
user_2,tt1521197,6
user_2,tt1524137,6
user_2,tt1524930,7
user_2,tt1525890,7
user_2,tt1527186,6
user_2,tt1528071,5
user_2,tt1528100,7
user_2,tt1528854,5
user_2,tt1530509,4
user_2,tt1532503,7
user_2,tt1534085,6
user_2,tt1535108,7
user_2,tt1535109,7
user_2,tt1535476,6
user_2,tt1535616,6
user_2,tt1536044,4
user_2,tt1536537,7
user_2,tt1538403,6
user_2,tt1540011,5
user_2,tt1540128,6
user_2,tt1540133,8
user_2,tt1541149,7
user_2,tt1541160,8
user_2,tt1542344,8
user_2,tt1547234,6
user_2,tt1549572,7
user_2,tt1549920,5
user_2,tt1552211,2
user_2,tt1555149,7
user_2,tt1559547,7
user_2,tt1560220,8
user_2,tt1560747,6
user_2,tt1563738,7
user_2,tt1564367,6
user_2,tt1567437,7
user_2,tt1567448,8
user_2,tt1567609,6
user_2,tt1568338,7
user_2,tt1568346,9
user_2,tt1568911,7
user_2,tt1568921,10
user_2,tt1570728,8
user_2,tt1570989,5
user_2,tt1571222,6
user_2,tt1571234,8
user_2,tt1571249,8
user_2,tt1572491,6
user_2,tt1572781,7
user_2,tt1578275,4
user_2,tt1580021,7
user_2,tt1580798,5
user_2,tt1582507,5
user_2,tt1583420,7
user_2,tt1583421,6
user_2,tt1586265,5
user_2,tt1587310,9
user_2,tt1587828,6
user_2,tt1588170,7
user_2,tt1588173,5
user_2,tt1588334,7
user_2,tt1590193,8
user_2,tt1591095,7
user_2,tt1591479,8
user_2,tt1592525,5
user_2,tt1592873,5
user_2,tt1596343,8
user_2,tt1596350,8
user_2,tt1596363,8
user_2,tt1596365,6
user_2,tt1597522,5
user_2,tt1598778,7
user_2,tt1598822,6
user_2,tt1599348,7
user_2,tt1600195,5
user_2,tt1600196,7
user_2,tt1600524,7
user_2,tt1601913,6
user_2,tt1602098,8
user_2,tt1602613,6
user_2,tt1604171,8
user_2,tt1605630,7
user_2,tt1605717,7
user_2,tt1605783,8
user_2,tt1606378,5
user_2,tt1606389,7
user_2,tt1606392,6
user_2,tt1608290,4
user_2,tt1611211,5
user_2,tt1611224,6
user_2,tt1612750,4
user_2,tt1613750,8
user_2,tt1614989,9
user_2,tt1615065,7
user_2,tt1615147,9
user_2,tt1615160,8
user_2,tt1616195,7
user_2,tt1617661,7
user_2,tt1618434,5
user_2,tt1618442,5
user_2,tt1619029,5
user_2,tt1622547,6
user_2,tt1622979,5
user_2,tt1623205,6
user_2,tt1623288,6
user_2,tt1626146,7
user_2,tt1628055,7
user_2,tt1628841,4
user_2,tt1631867,8
user_2,tt1632708,8
user_2,tt1634122,7
user_2,tt1636826,7
user_2,tt1637688,6
user_2,tt1637725,6
user_2,tt1638002,7
user_2,tt1638355,6
user_2,tt1639084,7
user_2,tt1645170,6
user_2,tt1646971,9
user_2,tt1646980,5
user_2,tt1646987,6
user_2,tt1648179,6
user_2,tt1648190,5
user_2,tt1649419,8
user_2,tt1650062,7
user_2,tt1650453,8
user_2,tt1650554,7
user_2,tt1653848,7
user_2,tt1655420,4
user_2,tt1655441,8
user_2,tt1655442,6
user_2,tt1656177,6
user_2,tt1656190,7
user_2,tt1657507,7
user_2,tt1659337,9
user_2,tt1661099,7
user_2,tt1661199,5
user_2,tt1661382,7
user_2,tt1663202,10
user_2,tt1663662,7
user_2,tt1667353,6
user_2,tt1667889,7
user_2,tt1670345,7
user_2,tt1673434,6
user_2,tt1674771,8
user_2,tt1675192,7
user_2,tt1675434,8
user_2,tt1677720,9
user_2,tt1679335,9
user_2,tt1680114,7
user_2,tt1680136,7
user_2,tt1682180,7
user_2,tt1683526,7
user_2,tt1684233,5
user_2,tt1686018,4
user_2,tt1687901,8
user_2,tt1690953,8
user_2,tt1692486,9
user_2,tt1700841,5
user_2,tt1702439,7
user_2,tt1703148,7
user_2,tt1703199,7
user_2,tt1703957,6
user_2,tt1706593,7
user_2,tt1706620,7
user_2,tt1707386,8
user_2,tt1708135,6
user_2,tt1709654,8
user_2,tt1711525,7
user_2,tt1712159,4
user_2,tt1712261,7
user_2,tt1713476,7
user_2,tt1714014,8
user_2,tt1714206,5
user_2,tt1714210,9
user_2,tt1714915,7
user_2,tt1716772,8
user_2,tt1718903,5
user_2,tt1718924,6
user_2,tt1720254,6
user_2,tt1721478,7
user_2,tt1723121,8
user_2,tt1723811,6
user_2,tt1726592,7
user_2,tt1727388,9
user_2,tt1727824,7
user_2,tt1729637,5
user_2,tt1730768,7
user_2,tt1731141,6
user_2,tt1735898,8
user_2,tt1740047,7
user_2,tt1740055,10
user_2,tt1740710,6
user_2,tt1741273,6
user_2,tt1745787,8
user_2,tt1748122,6
user_2,tt1748227,7
user_2,tt1748278,5
user_2,tt1753383,8
user_2,tt1753496,7
user_2,tt1754656,9
user_2,tt1754811,4
user_2,tt1756476,8
user_2,tt1756832,5
user_2,tt1758795,6
user_2,tt1758810,6
user_2,tt1758830,3
user_2,tt1764234,7
user_2,tt1764614,7
user_2,tt1764651,7
user_2,tt1766094,7
user_2,tt1767354,8
user_2,tt1767372,7
user_2,tt1767382,6
user_2,tt1772250,7
user_2,tt1772288,8
user_2,tt1772341,9
user_2,tt1778304,6
user_2,tt1781769,8
user_2,tt1781800,4
user_2,tt1781812,3
user_2,tt1781922,7
user_2,tt1783232,9
user_2,tt1784575,6
user_2,tt1787988,8
user_2,tt1788391,6
user_2,tt1790809,8
user_2,tt1790864,6
user_2,tt1790885,8
user_2,tt1790886,7
user_2,tt1791528,6
user_2,tt1791682,6
user_2,tt1797416,7
user_2,tt1798188,7
user_2,tt1798603,6
user_2,tt1798684,9
user_2,tt1798709,7
user_2,tt1800241,6
user_2,tt1800246,4
user_2,tt1800302,8
user_2,tt1804642,8
user_2,tt1805297,6
user_2,tt1807950,7
user_2,tt1809398,7
user_2,tt1815753,6
user_2,tt1815837,10
user_2,tt1815862,6
user_2,tt1817191,5
user_2,tt1817273,8
user_2,tt1820400,6
user_2,tt1821549,10
user_2,tt1821694,4
user_2,tt1823664,4
user_2,tt1823672,5
user_2,tt1825683,8
user_2,tt1827512,8
user_2,tt1830786,5
user_2,tt1832382,8
user_2,tt1833056,6
user_2,tt1833673,7
user_2,tt1838571,7
user_2,tt1839492,6
user_2,tt1840309,8
user_2,tt1840417,10
user_2,tt1843866,9
user_2,tt1844025,4
user_2,tt1846487,7
user_2,tt1846589,7
user_2,tt1850397,7
user_2,tt1850457,5
user_2,tt1853728,9
user_2,tt1853739,5
user_2,tt1854564,8
user_2,tt1855199,8
user_2,tt1855325,5
user_2,tt1856101,7
user_2,tt1859650,5
user_2,tt1860213,6
user_2,tt1860353,6
user_2,tt1860357,9
user_2,tt1862079,5
user_2,tt1869347,5
user_2,tt1869716,8
user_2,tt1872181,7
user_2,tt1872194,9
user_2,tt1872818,5
user_2,tt1877832,10
user_2,tt1878870,10
user_2,tt1879032,6
user_2,tt1886493,3
user_2,tt1893256,7
user_2,tt1894476,7
user_2,tt1895587,8
user_2,tt1899353,9
user_2,tt1901040,7
user_2,tt1904996,7
user_2,tt1905041,8
user_2,tt1906426,7
user_2,tt1907668,9
user_2,tt1911644,8
user_2,tt1911658,7
user_2,tt1912398,8
user_2,tt1915581,6
user_2,tt1920849,5
user_2,tt1921064,6
user_2,tt1922685,6
user_2,tt1922777,7
user_2,tt1924394,5
user_2,tt1924396,10
user_2,tt1924429,5
user_2,tt1924435,7
user_2,tt1930294,4
user_2,tt1931435,3
user_2,tt1931533,7
user_2,tt1932718,6
user_2,tt1932767,8
user_2,tt1935179,8
user_2,tt1935859,7
user_2,tt1937149,7
user_2,tt1937264,9
user_2,tt1937390,6
user_2,tt1939659,7
user_2,tt1945034,6
user_2,tt1950186,7
user_2,tt1951261,7
user_2,tt1951264,7
user_2,tt1951265,5
user_2,tt1951266,6
user_2,tt1956620,4
user_2,tt1959409,7
user_2,tt1959490,5
user_2,tt1959563,8
user_2,tt1961175,6
user_2,tt1964418,6
user_2,tt1972571,7
user_2,tt1972591,7
user_2,tt1974419,5
user_2,tt1976009,5
user_2,tt1979320,8
user_2,tt1979376,8
user_2,tt1979388,8
user_2,tt1980209,8
user_2,tt1980929,7
user_2,tt1981115,9
user_2,tt1981128,4
user_2,tt1981677,9
user_2,tt1985949,6
user_2,tt1985966,6
user_2,tt1986825,7
user_2,tt1987680,7
user_2,tt1995390,6
user_2,tt1999167,8
user_2,tt1999995,7
user_2,tt2002718,6
user_2,tt2004420,7
user_2,tt2005151,7
user_2,tt2005374,9
user_2,tt2007993,8
user_2,tt2009406,7
user_2,tt2011953,7
user_2,tt2012011,8
user_2,tt2014198,5
user_2,tt2015381,8
user_2,tt2017020,8
user_2,tt2017038,6
user_2,tt2023587,7
user_2,tt2023690,6
user_2,tt2024432,5
user_2,tt2024469,9
user_2,tt2024544,7
user_2,tt2025526,9
user_2,tt2025690,7
user_2,tt2027064,6
user_2,tt2027231,5
user_2,tt2032557,6
user_2,tt2034031,7
user_2,tt2034800,4
user_2,tt2039393,6
user_2,tt2042568,8
user_2,tt2043933,7
user_2,tt2049543,4
user_2,tt2053463,7
user_2,tt2055765,6
user_2,tt2056771,7
user_2,tt2057392,8
user_2,tt2058107,7
user_2,tt2059171,6
user_2,tt2064864,9
user_2,tt2066051,8
user_2,tt2070597,7
user_2,tt2080374,7
user_2,tt2081435,8
user_2,tt2081438,2
user_2,tt2082197,6
user_2,tt2084970,9
user_2,tt2091935,8
user_2,tt2094766,6
user_2,tt2094767,7
user_2,tt2096672,6
user_2,tt2096673,7
user_2,tt2097298,9
user_2,tt2097307,6
user_2,tt2101341,7
user_2,tt2101383,5
user_2,tt2101441,4
user_2,tt2101569,7
user_2,tt2102496,6
user_2,tt2103281,8
user_2,tt2106361,6
user_2,tt2106476,7
user_2,tt2109248,6
user_2,tt2115295,8
user_2,tt2119532,8
user_2,tt2119543,4
user_2,tt2120120,5
user_2,tt2121382,8
user_2,tt2124787,5
user_2,tt2125435,8
user_2,tt2126282,7
user_2,tt2126355,5
user_2,tt2126357,6
user_2,tt2132285,5
user_2,tt2139555,7
user_2,tt2139881,6
user_2,tt2140373,7
user_2,tt2140379,8
user_2,tt2140465,8
user_2,tt2140479,8
user_2,tt2140507,8
user_2,tt2142055,9
user_2,tt2155319,2
user_2,tt2166214,5
user_2,tt2167266,7
user_2,tt2170439,7
user_2,tt2170593,7
user_2,tt2171867,6
user_2,tt2175669,5
user_2,tt2176013,6
user_2,tt2177771,7
user_2,tt2178470,8
user_2,tt2179116,7
user_2,tt2179136,10
user_2,tt2180411,6
user_2,tt2183034,6
user_2,tt2184339,6
user_2,tt2191701,6
user_2,tt2193215,5
user_2,tt2193418,5
user_2,tt2194499,7
user_2,tt2197849,8
user_2,tt2199571,5
user_2,tt2203939,4
user_2,tt2205697,8
user_2,tt2209418,7
user_2,tt2209764,7
user_2,tt2212008,4
user_2,tt2213054,8
user_2,tt2216240,7
user_2,tt2223990,8
user_2,tt2224026,8
user_2,tt2226417,6
user_2,tt2226597,6
user_2,tt2229499,6
user_2,tt2230358,3
user_2,tt2231461,6
user_2,tt2231554,6
user_2,tt2234155,6
user_2,tt2234261,6
user_2,tt2234429,8
user_2,tt2235108,7
user_2,tt2235779,6
user_2,tt2236160,5
user_2,tt2239822,6
user_2,tt2241351,7
user_2,tt2243537,7
user_2,tt2245003,8
user_2,tt2245084,8
user_2,tt2247476,8
user_2,tt2250912,7
user_2,tt2255934,5
user_2,tt2261331,7
user_2,tt2262227,8
user_2,tt2263944,9
user_2,tt2265171,8
user_2,tt2265381,7
user_2,tt2265398,5
user_2,tt2267968,6
user_2,tt2267998,8
user_2,tt2272350,6
user_2,tt2273657,7
user_2,tt2274648,5
user_2,tt2275946,6
user_2,tt2277860,8
user_2,tt2278388,7
user_2,tt2278871,8
user_2,tt2283336,6
user_2,tt2283362,6
user_2,tt2289526,6
user_2,tt2290840,7
user_2,tt2292625,7
user_2,tt2293640,7
user_2,tt2294449,7
user_2,tt2294629,7
user_2,tt2294677,6
user_2,tt2300975,5
user_2,tt2301592,7
user_2,tt2302755,7
user_2,tt2304771,7
user_2,tt2304933,4
user_2,tt2305051,7
user_2,tt2310332,6
user_2,tt2312718,7
user_2,tt2316204,7
user_2,tt2316411,6
user_2,tt2320968,6
user_2,tt2321502,7
user_2,tt2321549,6
user_2,tt2322441,4
user_2,tt2322517,7
user_2,tt2323264,8
user_2,tt2332831,4
user_2,tt2333784,6
user_2,tt2333804,6
user_2,tt2334649,9
user_2,tt2334873,8
user_2,tt2334879,6
user_2,tt2338151,9
user_2,tt2339741,5
user_2,tt2342071,5
user_2,tt2345759,5
user_2,tt2347569,10
user_2,tt2350496,8
user_2,tt2356180,7
user_2,tt2357291,8
user_2,tt2358592,10
user_2,tt2358925,7
user_2,tt2359024,7
user_2,tt2361509,9
user_2,tt2368553,7
user_2,tt2369135,7
user_2,tt2370248,9
user_2,tt2371824,5
user_2,tt2375559,9
user_2,tt2375574,6
user_2,tt2375844,3
user_2,tt2377322,6
user_2,tt2378191,6
user_2,tt2379713,9
user_2,tt2380207,9
user_2,tt2380307,8
user_2,tt2381111,7
user_2,tt2381249,7
user_2,tt2381941,7
user_2,tt2381991,5
user_2,tt2382009,8
user_2,tt2382396,5
user_2,tt2386490,6
user_2,tt2387433,7
user_2,tt2387559,6
user_2,tt2388715,6
user_2,tt2390237,7
user_2,tt2390253,8
user_2,tt2390361,7
user_2,tt2395427,9
user_2,tt2396589,6
user_2,tt2397535,9
user_2,tt2400463,6
user_2,tt2401878,5
user_2,tt2402927,8
user_2,tt2402985,5
user_2,tt2403029,3
user_2,tt2404233,7
user_2,tt2404311,8
user_2,tt2404425,7
user_2,tt2404435,5
user_2,tt2404463,8
user_2,tt2406566,8
user_2,tt2431286,8
user_2,tt2436682,5
user_2,tt2446042,6
user_2,tt2446980,7
user_2,tt2452244,7
user_2,tt2458106,8
user_2,tt2463288,6
user_2,tt2465146,6
user_2,tt2467046,3
user_2,tt2473602,7
user_2,tt2479478,6
user_2,tt2479800,5
user_2,tt2481198,6
user_2,tt2481498,7
user_2,tt2488496,9
user_2,tt2492738,6
user_2,tt2494362,7
user_2,tt2503154,5
user_2,tt2503944,8
user_2,tt2505294,5
user_2,tt2510894,6
user_2,tt2513074,7
user_2,tt2525156,4
user_2,tt2527336,5
user_2,tt2527338,6
user_2,tt2528814,6
user_2,tt2537176,6
user_2,tt2543164,7
user_2,tt2543472,8
user_2,tt2554274,7
user_2,tt2557478,5
user_2,tt2557490,6
user_2,tt2561572,7
user_2,tt2562232,7
user_2,tt2567026,8
user_2,tt2568862,7
user_2,tt2571140,8
user_2,tt2573438,5
user_2,tt2576852,9
user_2,tt2577854,6
user_2,tt2580382,5
user_2,tt2581244,6
user_2,tt2582496,8
user_2,tt2582502,8
user_2,tt2582782,8
user_2,tt2582784,5
user_2,tt2582802,10
user_2,tt2582846,5
user_2,tt2584384,10
user_2,tt2597892,4
user_2,tt2614684,7
user_2,tt2625810,6
user_2,tt2631186,7
user_2,tt2637276,7
user_2,tt2637294,6
user_2,tt2639344,7
user_2,tt2650978,7
user_2,tt2657152,6
user_2,tt2660888,9
user_2,tt2671706,6
user_2,tt2674426,7
user_2,tt2678948,7
user_2,tt2679042,6
user_2,tt2692250,7
user_2,tt2692904,7
user_2,tt2704998,6
user_2,tt2707858,6
user_2,tt2709768,6
user_2,tt2713180,9
user_2,tt2717860,5
user_2,tt2718492,7
user_2,tt2719848,8
user_2,tt2726560,7
user_2,tt2737050,7
user_2,tt2737304,7
user_2,tt2752758,6
user_2,tt2752772,4
user_2,tt2763304,7
user_2,tt2766268,5
user_2,tt2771200,9
user_2,tt2788710,6
user_2,tt2788716,5
user_2,tt2788732,6
user_2,tt2798920,6
user_2,tt2800240,9
user_2,tt2802144,7
user_2,tt2802154,8
user_2,tt2806788,8
user_2,tt2820852,8
user_2,tt2823054,5
user_2,tt2837574,9
user_2,tt2848292,7
user_2,tt2854926,8
user_2,tt2855648,9
user_2,tt2857458,8
user_2,tt2866360,6
user_2,tt2869728,8
user_2,tt2870612,6
user_2,tt2872462,5
user_2,tt2872718,8
user_2,tt2872732,7
user_2,tt2872750,8
user_2,tt2873282,7
user_2,tt2883512,6
user_2,tt2884018,6
user_2,tt2884206,8
user_2,tt2888046,7
user_2,tt2891174,6
user_2,tt2908446,6
user_2,tt2910274,8
user_2,tt2910814,6
user_2,tt2910904,7
user_2,tt2911666,7
user_2,tt2932536,7
user_2,tt2933544,5
user_2,tt2935510,6
user_2,tt2936180,7
user_2,tt2937366,5
user_2,tt2937696,7
user_2,tt2938956,6
user_2,tt2948356,8
user_2,tt2949196,5
user_2,tt2955316,5
user_2,tt2974918,5
user_2,tt2975578,9
user_2,tt2975590,6
user_2,tt2980516,6
user_2,tt2980592,5
user_2,tt2980648,8
user_2,tt2990140,8
user_2,tt2994190,6
user_2,tt2998406,5
user_2,tt3007512,7
user_2,tt3011894,7
user_2,tt3011960,5
user_2,tt3014666,7
user_2,tt3014866,7
user_2,tt3040964,10
user_2,tt3042626,7
user_2,tt3045616,6
user_2,tt3062096,8
user_2,tt3063516,5
user_2,tt3064298,7
user_2,tt3065204,9
user_2,tt3072482,6
user_2,tt3074952,5
user_2,tt3076658,7
user_2,tt3079380,8
user_2,tt3083008,9
user_2,tt3097204,6
user_2,tt3099498,7
user_2,tt3104988,5
user_2,tt3110958,6
user_2,tt3118452,5
user_2,tt3135556,7
user_2,tt3142688,6
user_2,tt3152624,6
user_2,tt3168230,8
user_2,tt3169706,7
user_2,tt3169770,5
user_2,tt3170832,8
user_2,tt3177316,5
user_2,tt3181822,5
user_2,tt3183660,8
user_2,tt3195644,5
user_2,tt3201640,7
user_2,tt3203606,7
user_2,tt3203616,5
user_2,tt3205376,7
user_2,tt3216348,6
user_2,tt3235888,6
user_2,tt3256226,5
user_2,tt3262342,9
user_2,tt3263904,9
user_2,tt3263946,5
user_2,tt3276924,6
user_2,tt3280916,5
user_2,tt3281548,9
user_2,tt3283718,7
user_2,tt3289956,7
user_2,tt3300542,7
user_2,tt3300980,9
user_2,tt3312830,8
user_2,tt3313908,7
user_2,tt3315342,9
user_2,tt3316948,8
user_2,tt3316960,8
user_2,tt3317234,6
user_2,tt3321300,6
user_2,tt3322364,8
user_2,tt3322420,9
user_2,tt3322940,5
user_2,tt3330764,6
user_2,tt3332064,6
user_2,tt3335606,7
user_2,tt3337550,7
user_2,tt3361792,6
user_2,tt3369248,6
user_2,tt3369806,8
user_2,tt3371366,5
user_2,tt3381008,6
user_2,tt3385516,8
user_2,tt3385524,7
user_2,tt3387520,5
user_2,tt3390572,8
user_2,tt3393070,2
user_2,tt3393786,6
user_2,tt3395184,8
user_2,tt3397754,8
user_2,tt3397884,8
user_2,tt3401882,5
user_2,tt3402236,7
user_2,tt3410834,5
user_2,tt3411444,7
user_2,tt3416532,7
user_2,tt3416742,7
user_2,tt3442990,7
user_2,tt3450650,5
user_2,tt3450900,7
user_2,tt3450958,5
user_2,tt3460252,9
user_2,tt3464902,7
user_2,tt3465996,7
user_2,tt3469046,7
user_2,tt3469244,7
user_2,tt3470600,7
user_2,tt3480886,6
user_2,tt3481210,3
user_2,tt3486542,7
user_2,tt3488184,4
user_2,tt3488710,8
user_2,tt3498820,9
user_2,tt3499096,7
user_2,tt3501632,9
user_2,tt3504048,7
user_2,tt3508112,6
user_2,tt3513548,7
user_2,tt3521126,7
user_2,tt3521164,8
user_2,tt3522806,5
user_2,tt3530002,6
user_2,tt3530418,6
user_2,tt3531202,6
user_2,tt3531824,8
user_2,tt3532216,5
user_2,tt3541524,6
user_2,tt3544082,7
user_2,tt3544112,9
user_2,tt3551840,7
user_2,tt3553442,6
user_2,tt3553976,7
user_2,tt3564472,6
user_2,tt3567288,6
user_2,tt3569230,7
user_2,tt3586118,4
user_2,tt3605418,3
user_2,tt3606752,6
user_2,tt3606756,9
user_2,tt3622592,4
user_2,tt3623726,5
user_2,tt3630782,3
user_2,tt3631112,9
user_2,tt3634940,6
user_2,tt3640424,8
user_2,tt3659388,8
user_2,tt3662308,6
user_2,tt3679060,6
user_2,tt3682448,7
user_2,tt3691740,7
user_2,tt3692652,5
user_2,tt3696610,8
user_2,tt3702704,7
user_2,tt3716530,7
user_2,tt3717252,8
user_2,tt3717490,6
user_2,tt3720788,8
user_2,tt3722070,7
user_2,tt3729920,7
user_2,tt3730510,4
user_2,tt3731562,8
user_2,tt3735246,6
user_2,tt3741700,7
user_2,tt3741834,9
user_2,tt3748172,7
user_2,tt3748528,8
user_2,tt3750872,7
user_2,tt3758172,8
user_2,tt3760922,5
user_2,tt3766354,6
user_2,tt3774114,6
user_2,tt3774466,7
user_2,tt3774866,8
user_2,tt3775086,7
user_2,tt3778644,5
user_2,tt3783958,9
user_2,tt3787590,7
user_2,tt3794354,7
user_2,tt3797868,7
user_2,tt3799232,7
user_2,tt3799694,7
user_2,tt3800028,5
user_2,tt3801314,7
user_2,tt3813310,6
user_2,tt3826834,6
user_2,tt3829266,6
user_2,tt3829920,9
user_2,tt3832096,3
user_2,tt3833682,7
user_2,tt3836512,6
user_2,tt3841424,7
user_2,tt3846674,7
user_2,tt3850214,7
user_2,tt3850590,6
user_2,tt3859076,7
user_2,tt3859304,6
user_2,tt3860916,7
user_2,tt3861390,7
user_2,tt3863552,9
user_2,tt3863870,6
user_2,tt3874544,7
user_2,tt3877844,3
user_2,tt3881026,5
user_2,tt3890160,8
user_2,tt3892172,8
user_2,tt3892620,7
user_2,tt3896198,6
user_2,tt3901826,8
user_2,tt3909336,8
user_2,tt3917318,4
user_2,tt3922798,7
user_2,tt3949660,6
user_2,tt3954660,8
user_2,tt3958014,6
user_2,tt3960412,6
user_2,tt3963640,6
user_2,tt3967856,8
user_2,tt3978720,7
user_2,tt3979300,6
user_2,tt3986820,6
user_2,tt4003440,5
user_2,tt4005402,8
user_2,tt4016934,8
user_2,tt4030600,5
user_2,tt4034228,9
user_2,tt4034354,7
user_2,tt4046784,5
user_2,tt4052882,6
user_2,tt4062536,9
user_2,tt4065552,8
user_2,tt4074928,6
user_2,tt4080672,7
user_2,tt4080728,8
user_2,tt4080956,6
user_2,tt4094724,5
user_2,tt4103724,7
user_2,tt4116284,7
user_2,tt4123430,6
user_2,tt4125568,7
user_2,tt4131210,6
user_2,tt4136084,7
user_2,tt4139124,8
user_2,tt4139588,6
user_2,tt4145304,7
user_2,tt4154664,7
user_2,tt4154756,9
user_2,tt4154796,9
user_2,tt4156348,8
user_2,tt4158096,5
user_2,tt4158834,8
user_2,tt4160708,8
user_2,tt4172430,6
user_2,tt4176826,7
user_2,tt4178092,8
user_2,tt4196450,8
user_2,tt4196776,6
user_2,tt4196848,8
user_2,tt4209788,8
user_2,tt4218572,7
user_2,tt4238858,7
user_2,tt4244998,6
user_2,tt4255304,5
user_2,tt4263482,7
user_2,tt4276820,6
user_2,tt4285496,9
user_2,tt4287320,6
user_2,tt4294052,5
user_2,tt4302938,8
user_2,tt4326444,6
user_2,tt4333210,7
user_2,tt4361050,5
user_2,tt4364194,6
user_2,tt4382872,4
user_2,tt4392454,6
user_2,tt4392770,6
user_2,tt4425200,8
user_2,tt4430212,9
user_2,tt4431326,6
user_2,tt4438688,4
user_2,tt4438848,7
user_2,tt4442130,4
user_2,tt4443658,8
user_2,tt4457820,5
user_2,tt4468740,9
user_2,tt4482938,7
user_2,tt4500922,6
user_2,tt4501244,8
user_2,tt4513674,7
user_2,tt4520988,8
user_2,tt4547056,5
user_2,tt4550098,8
user_2,tt4555426,8
user_2,tt4572514,10
user_2,tt4575576,9
user_2,tt4584862,6
user_2,tt4587656,6
user_2,tt4600952,6
user_2,tt4622512,5
user_2,tt4624424,6
user_2,tt4630562,7
user_2,tt4633690,5
user_2,tt4633694,7
user_2,tt4635372,8
user_2,tt4645330,7
user_2,tt4649466,7
user_2,tt4651520,7
user_2,tt4677924,5
user_2,tt4680182,7
user_2,tt4682786,9
user_2,tt4686844,7
user_2,tt4695012,5
user_2,tt4698684,7
user_2,tt4701182,5
user_2,tt4701702,9
user_2,tt4703048,9
user_2,tt4715356,5
user_2,tt4729430,8
user_2,tt4731136,7
user_2,tt4776998,6
user_2,tt4777008,6
user_2,tt4779682,4
user_2,tt4786282,5
user_2,tt4795124,6
user_2,tt4795546,7
user_2,tt4799050,5
user_2,tt4807830,6
user_2,tt4815122,5
user_2,tt4819560,6
user_2,tt4830786,8
user_2,tt4842814,7
user_2,tt4846232,9
user_2,tt4846340,10
user_2,tt4849438,10
user_2,tt4857264,10
user_2,tt4859168,8
user_2,tt4881806,7
user_2,tt4898564,9
user_2,tt4899370,9
user_2,tt4900716,6
user_2,tt4906960,7
user_2,tt4912910,7
user_2,tt4913966,7
user_2,tt4925292,8
user_2,tt4930760,5
user_2,tt4933472,6
user_2,tt4954522,6
user_2,tt4958468,7
user_2,tt4972582,7
user_2,tt4975722,7
user_2,tt4986134,7
user_2,tt4995790,7
user_2,tt5005684,7
user_2,tt5013056,7
user_2,tt5022702,8
user_2,tt5027774,7
user_2,tt5028340,7
user_2,tt5046534,7
user_2,tt5052448,6
user_2,tt5052474,6
user_2,tt5074352,8
user_2,tt5083738,9
user_2,tt5091538,7
user_2,tt5095030,7
user_2,tt5096470,5
user_2,tt5101878,6
user_2,tt5104604,8
user_2,tt5109784,8
user_2,tt5121816,8
user_2,tt5140878,7
user_2,tt5160154,7
user_2,tt5164214,4
user_2,tt5164432,9
user_2,tt5208252,6
user_2,tt5221584,7
user_2,tt5225338,6
user_2,tt5226192,5
user_2,tt5246700,5
user_2,tt5247022,6
user_2,tt5294518,5
user_2,tt5294550,5
user_2,tt5304992,6
user_2,tt5308322,7
user_2,tt5311514,7
user_2,tt5323662,9
user_2,tt5333612,8
user_2,tt5344794,4
user_2,tt5362988,8
user_2,tt5439796,7
user_2,tt5442430,6
user_2,tt5460858,5
user_2,tt5461944,7
user_2,tt5462602,8
user_2,tt5463162,8
user_2,tt5472758,8
user_2,tt5501104,7
user_2,tt5503686,5
user_2,tt5504168,10
user_2,tt5519340,8
user_2,tt5541240,8
user_2,tt5580036,7
user_2,tt5580390,8
user_2,tt5605076,6
user_2,tt5606664,7
user_2,tt5607714,7
user_2,tt5610554,7
user_2,tt5638642,7
user_2,tt5638952,7
user_2,tt5639354,8
user_2,tt5639446,4
user_2,tt5649144,9
user_2,tt5657846,9
user_2,tt5688932,7
user_2,tt5691024,6
user_2,tt5700176,6
user_2,tt5700672,7
user_2,tt5705058,5
user_2,tt5713232,7
user_2,tt5715874,5
user_2,tt5716464,7
user_2,tt5719748,7
user_2,tt5723272,6
user_2,tt5723286,9
user_2,tt5726086,6
user_2,tt5726616,8
user_2,tt5727208,9
user_2,tt5742374,6
user_2,tt5758778,6
user_2,tt5764096,8
user_2,tt5776208,5
user_2,tt5776858,8
user_2,tt5813916,10
user_2,tt5814060,8
user_2,tt5814534,7
user_2,tt5822564,5
user_2,tt5834262,5
user_2,tt5834760,6
user_2,tt5842616,4
user_2,tt5848272,7
user_2,tt5855772,8
user_2,tt5865326,7
user_2,tt5884052,7
user_2,tt5886046,7
user_2,tt5886440,6
user_2,tt5929750,6
user_2,tt5929754,7
user_2,tt5932728,9
user_2,tt5935704,10
user_2,tt5946128,9
user_2,tt5962210,7
user_2,tt5968394,6
user_2,tt5982852,7
user_2,tt5988370,3
user_2,tt6000478,7
user_2,tt6014472,3
user_2,tt6018306,7
user_2,tt6032328,6
user_2,tt6040662,5
user_2,tt6048922,6
user_2,tt6060156,7
user_2,tt6105098,6
user_2,tt6107548,7
user_2,tt6108002,6
user_2,tt6108178,5
user_2,tt6109124,5
user_2,tt6119504,7
user_2,tt6139732,7
user_2,tt6146586,8
user_2,tt6155172,8
user_2,tt6157626,6
user_2,tt6182908,8
user_2,tt6198946,6
user_2,tt6256546,5
user_2,tt6257174,7
user_2,tt6264938,6
user_2,tt6265828,8
user_2,tt6266538,6
user_2,tt6269368,5
user_2,tt6290798,7
user_2,tt6292852,7
user_2,tt6294822,8
user_2,tt6304046,8
user_2,tt6316138,9
user_2,tt6320628,7
user_2,tt6340604,6
user_2,tt6343314,7
user_2,tt6359956,5
user_2,tt6367558,6
user_2,tt6386748,7
user_2,tt6394270,7
user_2,tt6398184,7
user_2,tt6412452,9
user_2,tt6426028,6
user_2,tt6439558,4
user_2,tt6450804,5
user_2,tt6485666,7
user_2,tt6499752,5
user_2,tt6513120,9
user_2,tt6513656,4
user_2,tt6518270,5
user_2,tt6521776,5
user_2,tt6537238,8
user_2,tt6565702,7
user_2,tt6587640,5
user_2,tt6588966,8
user_2,tt6628102,9
user_2,tt6628394,5
user_2,tt6644200,9
user_2,tt6673612,5
user_2,tt6679794,6
user_2,tt6692354,8
user_2,tt6708044,7
user_2,tt6723592,8
user_2,tt6741568,7
user_2,tt6742252,8
user_2,tt6751668,7
user_2,tt6772950,5
user_2,tt6777338,7
user_2,tt6781982,5
user_2,tt6803046,8
user_2,tt6806448,6
user_2,tt6820256,7
user_2,tt6823368,7
user_2,tt6835804,7
user_2,tt6850820,6
user_2,tt6857112,8
user_2,tt6857166,7
user_2,tt6865690,7
user_2,tt6878882,4
user_2,tt6892400,7
user_2,tt6892446,6
user_2,tt6910020,8
user_2,tt6911608,7
user_2,tt6921996,8
user_2,tt6924650,6
user_2,tt6927152,5
user_2,tt6938828,7
user_2,tt6957966,5
user_2,tt6958014,5
user_2,tt6966692,8
user_2,tt6972140,5
user_2,tt6980546,8
user_2,tt6987770,4
user_2,tt6988116,4
user_2,tt6990206,7
user_2,tt7008872,7
user_2,tt7014006,6
user_2,tt7019842,10
user_2,tt7026672,6
user_2,tt7040874,7
user_2,tt7043012,3
user_2,tt7060566,7
user_2,tt7125860,6
user_2,tt7131622,8
user_2,tt7139936,7
user_2,tt7146812,7
user_2,tt7149730,7
user_2,tt7167686,7
user_2,tt7178026,2
user_2,tt7221896,1
user_2,tt7245176,6
user_2,tt7284204,5
user_2,tt7286456,8
user_2,tt7294534,9
user_2,tt7312940,5
user_2,tt7347846,5
user_2,tt7349662,7
user_2,tt7349950,6
user_2,tt7374926,6
user_2,tt7390588,5
user_2,tt7401588,8
user_2,tt7446692,7
user_2,tt7451284,6
user_2,tt7469726,8
user_2,tt7476116,5
user_2,tt7534068,6
user_2,tt7556122,6
user_2,tt7642818,7
user_2,tt7653254,5
user_2,tt7668842,7
user_2,tt7668870,8
user_2,tt7713068,5
user_2,tt7715202,9
user_2,tt7725596,8
user_2,tt7748426,7
user_2,tt7752126,7
user_2,tt7764650,3
user_2,tt7784604,5
user_2,tt7798634,8
user_2,tt7874378,6
user_2,tt7914416,7
user_2,tt7942742,5
user_2,tt7942746,6
user_2,tt7959026,6
user_2,tt7975244,7
user_2,tt7984734,6
user_2,tt7984766,7
user_2,tt7998242,9
user_2,tt8041276,6
user_2,tt8043306,8
user_2,tt8075202,7
user_2,tt8079248,7
user_2,tt8106534,7
user_2,tt8108198,8
user_2,tt8108202,8
user_2,tt8110330,7
user_2,tt8110640,4
user_2,tt8130904,4
user_2,tt8151874,8
user_2,tt8228288,6
user_2,tt8244784,6
user_2,tt8267604,10
user_2,tt8291224,10
user_2,tt8291806,9
user_2,tt8350360,6
user_2,tt8359848,6
user_2,tt8367814,7
user_2,tt8368406,6
user_2,tt8400758,7
user_2,tt8404614,7
user_2,tt8512322,7
user_2,tt8523334,9
user_2,tt8526872,5
user_2,tt8579674,10
user_2,tt8580274,8
user_2,tt8613070,9
user_2,tt8688634,9
user_2,tt8740778,5
user_2,tt8772262,8
user_2,tt8900302,8
user_2,tt8902990,8
user_2,tt8936646,6
user_2,tt8946378,8
user_2,tt8956390,6
user_2,tt9034290,6
user_2,tt9059704,6
user_2,tt9071322,8
user_2,tt9234450,5
user_2,tt9243946,7
user_2,tt9398640,5
user_2,tt9484998,7
user_2,tt9610354,10
user_2,tt9625664,4
user_2,tt9806192,9
user_3,tt0002461,5
user_3,tt0010323,7
user_3,tt0012349,8
user_3,tt0013442,8
user_3,tt0014672,5
user_3,tt0014945,7
user_3,tt0015324,9
user_3,tt0015648,9
user_3,tt0015864,8
user_3,tt0017136,9
user_3,tt0017271,8
user_3,tt0018037,6
user_3,tt0019254,8
user_3,tt0020891,8
user_3,tt0020960,8
user_3,tt0021749,8
user_3,tt0021814,7
user_3,tt0021884,8
user_3,tt0022100,7
user_3,tt0022718,8
user_3,tt0022913,8
user_3,tt0023042,9
user_3,tt0023101,7
user_3,tt0023382,8
user_3,tt0023794,6
user_3,tt0023969,9
user_3,tt0024184,8
user_3,tt0025878,10
user_3,tt0026029,6
user_3,tt0026759,6
user_3,tt0026778,7
user_3,tt0027125,8
user_3,tt0027532,9
user_3,tt0027630,7
user_3,tt0027977,8
user_3,tt0027996,8
user_3,tt0028096,7
user_3,tt0028231,8
user_3,tt0028945,7
user_3,tt0029201,8
user_3,tt0029583,6
user_3,tt0029843,7
user_3,tt0029870,8
user_3,tt0029947,7
user_3,tt0030832,5
user_3,tt0031210,9
user_3,tt0031381,8
user_3,tt0031593,8
user_3,tt0031679,9
user_3,tt0031762,9
user_3,tt0031971,8
user_3,tt0032138,8
user_3,tt0032455,10
user_3,tt0032551,6
user_3,tt0032553,8
user_3,tt0032904,9
user_3,tt0032910,6
user_3,tt0032976,10
user_3,tt0033021,7
user_3,tt0033045,6
user_3,tt0033467,7
user_3,tt0033537,8
user_3,tt0033563,7
user_3,tt0033754,7
user_3,tt0033804,7
user_3,tt0033870,9
user_3,tt0034248,10
user_3,tt0034428,8
user_3,tt0034492,7
user_3,tt0034583,8
user_3,tt0035019,7
user_3,tt0035279,7
user_3,tt0035317,6
user_3,tt0035575,7
user_3,tt0035799,8
user_3,tt0036342,10
user_3,tt0036613,7
user_3,tt0036775,8
user_3,tt0036868,7
user_3,tt0036882,8
user_3,tt0036931,5
user_3,tt0036940,7
user_3,tt0037008,9
user_3,tt0037024,7
user_3,tt0037120,5
user_3,tt0037382,8
user_3,tt0038109,9
user_3,tt0038355,8
user_3,tt0038559,7
user_3,tt0038574,9
user_3,tt0038650,9
user_3,tt0038787,9
user_3,tt0038854,8
user_3,tt0039037,7
user_3,tt0039080,7
user_3,tt0039628,6
user_3,tt0039636,5
user_3,tt0039750,6
user_3,tt0039808,6
user_3,tt0040506,8
user_3,tt0040522,9
user_3,tt0040724,7
user_3,tt0040737,6
user_3,tt0040746,6
user_3,tt0040866,8
user_3,tt0040872,8
user_3,tt0040897,8
user_3,tt0041098,6
user_3,tt0041503,9
user_3,tt0041514,10
user_3,tt0041546,8
user_3,tt0041587,8
user_3,tt0041959,9
user_3,tt0042192,8
user_3,tt0042208,8
user_3,tt0042332,6
user_3,tt0042393,5
user_3,tt0042530,9
user_3,tt0042876,8
user_3,tt0042994,6
user_3,tt0043014,6
user_3,tt0043090,7
user_3,tt0043147,8
user_3,tt0043265,7
user_3,tt0043274,10
user_3,tt0043330,6
user_3,tt0043456,8
user_3,tt0043461,7
user_3,tt0043465,10
user_3,tt0044075,8
user_3,tt0044079,5
user_3,tt0044081,8
user_3,tt0044121,6
user_3,tt0044357,7
user_3,tt0044419,7
user_3,tt0044706,9
user_3,tt0044741,7
user_3,tt0044762,5
user_3,tt0044829,7
user_3,tt0044863,8
user_3,tt0044982,6
user_3,tt0045152,10
user_3,tt0045537,7
user_3,tt0045793,7
user_3,tt0045847,9
user_3,tt0046183,8
user_3,tt0046250,8
user_3,tt0046303,8
user_3,tt0046414,7
user_3,tt0046425,6
user_3,tt0046438,8
user_3,tt0046564,7
user_3,tt0046757,5
user_3,tt0046876,6
user_3,tt0046911,7
user_3,tt0046912,7
user_3,tt0047030,7
user_3,tt0047059,6
user_3,tt0047296,10
user_3,tt0047396,10
user_3,tt0047437,8
user_3,tt0047478,9
user_3,tt0047673,7
user_3,tt0047679,5
user_3,tt0047682,7
user_3,tt0047813,7
user_3,tt0048028,9
user_3,tt0048055,7
user_3,tt0048261,8
user_3,tt0048280,8
user_3,tt0048281,8
user_3,tt0048283,7
user_3,tt0048424,7
user_3,tt0048545,9
user_3,tt0048750,7
user_3,tt0048822,6
user_3,tt0049107,7
user_3,tt0049233,7
user_3,tt0049314,7
user_3,tt0049366,9
user_3,tt0049406,8
user_3,tt0049408,10
user_3,tt0049456,7
user_3,tt0050083,9
user_3,tt0050095,6
user_3,tt0050212,6
user_3,tt0050225,8
user_3,tt0050312,9
user_3,tt0050419,8
user_3,tt0050613,8
user_3,tt0050706,7
user_3,tt0050783,8
user_3,tt0050825,10
user_3,tt0050976,8
user_3,tt0050986,6
user_3,tt0051036,7
user_3,tt0051201,7
user_3,tt0051525,7
user_3,tt0051554,8
user_3,tt0051658,7
user_3,tt0051665,7
user_3,tt0051808,9
user_3,tt0051818,7
user_3,tt0052005,8
user_3,tt0052077,5
user_3,tt0052151,7
user_3,tt0052311,8
user_3,tt0052357,10
user_3,tt0052427,9
user_3,tt0052600,7
user_3,tt0052618,6
user_3,tt0052905,7
user_3,tt0052911,8
user_3,tt0053125,9
user_3,tt0053198,8
user_3,tt0053221,7
user_3,tt0053285,6
user_3,tt0053291,9
user_3,tt0053454,7
user_3,tt0053604,8
user_3,tt0053634,6
user_3,tt0053677,7
user_3,tt0053804,5
user_3,tt0054047,6
user_3,tt0054215,9
user_3,tt0054248,8
user_3,tt0054331,7
user_3,tt0054387,9
user_3,tt0054698,7
user_3,tt0054759,7
user_3,tt0054997,7
user_3,tt0055031,8
user_3,tt0055152,7
user_3,tt0055233,10
user_3,tt0055254,9
user_3,tt0055256,9
user_3,tt0055277,8
user_3,tt0055499,7
user_3,tt0055505,6
user_3,tt0055572,7
user_3,tt0055614,10
user_3,tt0055630,7
user_3,tt0055852,9
user_3,tt0055895,8
user_3,tt0055928,9
user_3,tt0056172,9
user_3,tt0056193,8
user_3,tt0056196,8
user_3,tt0056201,5
user_3,tt0056217,7
user_3,tt0056443,10
user_3,tt0056592,9
user_3,tt0056732,10
user_3,tt0056801,7
user_3,tt0056869,9
user_3,tt0057012,8
user_3,tt0057076,8
user_3,tt0057115,8
user_3,tt0057396,7
user_3,tt0057413,7
user_3,tt0057546,7
user_3,tt0057637,6
user_3,tt0058150,6
user_3,tt0058182,9
user_3,tt0058208,3
user_3,tt0058294,7
user_3,tt0058331,7
user_3,tt0058335,7
user_3,tt0058385,8
user_3,tt0058461,8
user_3,tt0058586,6
user_3,tt0058620,6
user_3,tt0058946,8
user_3,tt0059037,6
user_3,tt0059168,8
user_3,tt0059336,6
user_3,tt0059540,7
user_3,tt0059578,7
user_3,tt0059742,6
user_3,tt0059764,7
user_3,tt0059800,6
user_3,tt0059930,6
user_3,tt0060107,10
user_3,tt0060196,8
user_3,tt0060386,6
user_3,tt0060472,7
user_3,tt0060479,6
user_3,tt0060481,7
user_3,tt0060584,9
user_3,tt0060666,2
user_3,tt0060802,8
user_3,tt0060827,7
user_3,tt0061017,7
user_3,tt0061132,9
user_3,tt0061418,7
user_3,tt0061512,10
user_3,tt0061613,6
user_3,tt0061619,7
user_3,tt0061722,9
user_3,tt0061791,7
user_3,tt0061809,9
user_3,tt0061852,7
user_3,tt0062229,6
user_3,tt0062310,7
user_3,tt0062467,7
user_3,tt0062480,7
user_3,tt0062512,7
user_3,tt0062622,8
user_3,tt0062695,8
user_3,tt0062708,8
user_3,tt0062711,5
user_3,tt0062803,6
user_3,tt0063032,6
user_3,tt0063035,5
user_3,tt0063218,7
user_3,tt0063350,9
user_3,tt0063374,7
user_3,tt0063385,9
user_3,tt0063415,9
user_3,tt0063442,7
user_3,tt0063458,5
user_3,tt0063522,8
user_3,tt0063688,7
user_3,tt0064030,7
user_3,tt0064040,7
user_3,tt0064100,6
user_3,tt0064106,9
user_3,tt0064107,7
user_3,tt0064115,7
user_3,tt0064116,10
user_3,tt0064276,9
user_3,tt0064473,7
user_3,tt0064553,8
user_3,tt0064603,10
user_3,tt0064665,9
user_3,tt0064757,6
user_3,tt0065054,5
user_3,tt0065207,7
user_3,tt0065214,8
user_3,tt0065421,7
user_3,tt0065462,5
user_3,tt0065566,7
user_3,tt0065597,5
user_3,tt0065649,8
user_3,tt0065938,9
user_3,tt0066011,9
user_3,tt0066026,8
user_3,tt0066206,7
user_3,tt0066207,7
user_3,tt0066448,6
user_3,tt0066473,8
user_3,tt0066603,8
user_3,tt0066765,8
user_3,tt0066921,10
user_3,tt0066995,7
user_3,tt0066999,7
user_3,tt0067065,4
user_3,tt0067093,7
user_3,tt0067116,7
user_3,tt0067185,10
user_3,tt0067277,9
user_3,tt0067464,8
user_3,tt0067778,8
user_3,tt0067824,8
user_3,tt0067927,6
user_3,tt0067959,8
user_3,tt0067992,7
user_3,tt0068154,8
user_3,tt0068182,8
user_3,tt0068327,8
user_3,tt0068361,9
user_3,tt0068408,8
user_3,tt0068473,6
user_3,tt0068503,7
user_3,tt0068519,10
user_3,tt0068555,5
user_3,tt0068646,8
user_3,tt0068716,6
user_3,tt0068833,6
user_3,tt0068971,7
user_3,tt0069089,5
user_3,tt0069097,8
user_3,tt0069239,6
user_3,tt0069281,9
user_3,tt0069293,7
user_3,tt0069369,6
user_3,tt0069704,8
user_3,tt0069745,8
user_3,tt0069762,7
user_3,tt0069850,3
user_3,tt0070034,9
user_3,tt0070047,9
user_3,tt0070083,8
user_3,tt0070215,5
user_3,tt0070239,8
user_3,tt0070290,6
user_3,tt0070294,7
user_3,tt0070328,8
user_3,tt0070379,7
user_3,tt0070439,9
user_3,tt0070510,7
user_3,tt0070511,7
user_3,tt0070608,7
user_3,tt0070666,7
user_3,tt0070707,7
user_3,tt0070723,8
user_3,tt0070735,7
user_3,tt0070819,7
user_3,tt0070917,7
user_3,tt0071230,10
user_3,tt0071266,6
user_3,tt0071315,10
user_3,tt0071360,7
user_3,tt0071550,7
user_3,tt0071562,6
user_3,tt0071671,5
user_3,tt0071807,7
user_3,tt0071853,10
user_3,tt0071877,7
user_3,tt0072080,6
user_3,tt0072081,8
user_3,tt0072198,5
user_3,tt0072271,8
user_3,tt0072308,7
user_3,tt0072336,7
user_3,tt0072431,7
user_3,tt0072443,9
user_3,tt0072684,7
user_3,tt0072890,9
user_3,tt0073018,6
user_3,tt0073075,7
user_3,tt0073155,6
user_3,tt0073195,10
user_3,tt0073312,6
user_3,tt0073341,6
user_3,tt0073440,8
user_3,tt0073486,9
user_3,tt0073580,7
user_3,tt0073629,7
user_3,tt0073650,6
user_3,tt0073663,7
user_3,tt0073802,9
user_3,tt0073812,4
user_3,tt0073817,10
user_3,tt0073903,5
user_3,tt0074102,7
user_3,tt0074119,9
user_3,tt0074121,8
user_3,tt0074156,7
user_3,tt0074226,7
user_3,tt0074285,7
user_3,tt0074455,5
user_3,tt0074486,7
user_3,tt0074559,6
user_3,tt0074597,8
user_3,tt0074611,7
user_3,tt0074751,8
user_3,tt0074812,6
user_3,tt0074901,9
user_3,tt0074958,8
user_3,tt0075005,8
user_3,tt0075029,9
user_3,tt0075148,7
user_3,tt0075222,7
user_3,tt0075223,7
user_3,tt0075314,8
user_3,tt0075686,6
user_3,tt0075860,7
user_3,tt0075968,6
user_3,tt0076138,6
user_3,tt0076666,7
user_3,tt0076729,8
user_3,tt0076749,7
user_3,tt0076752,8
user_3,tt0076759,9
user_3,tt0076786,8
user_3,tt0076929,7
user_3,tt0077189,4
user_3,tt0077402,10
user_3,tt0077416,9
user_3,tt0077559,7
user_3,tt0077578,7
user_3,tt0077631,8
user_3,tt0077651,8
user_3,tt0077663,8
user_3,tt0077742,8
user_3,tt0077869,6
user_3,tt0077889,8
user_3,tt0077914,6
user_3,tt0077975,7
user_3,tt0078346,6
user_3,tt0078446,6
user_3,tt0078748,8
user_3,tt0078788,7
user_3,tt0078841,7
user_3,tt0078869,6
user_3,tt0078875,4
user_3,tt0078902,7
user_3,tt0078908,7
user_3,tt0078935,5
user_3,tt0078966,7
user_3,tt0079023,7
user_3,tt0079116,8
user_3,tt0079417,9
user_3,tt0079470,9
user_3,tt0079489,7
user_3,tt0079501,8
user_3,tt0079522,8
user_3,tt0079548,6
user_3,tt0079574,4
user_3,tt0079588,7
user_3,tt0079817,7
user_3,tt0079944,8
user_3,tt0079945,5
user_3,tt0080120,9
user_3,tt0080179,9
user_3,tt0080319,7
user_3,tt0080339,8
user_3,tt0080360,7
user_3,tt0080380,4
user_3,tt0080453,5
user_3,tt0080455,9
user_3,tt0080487,6
user_3,tt0080491,7
user_3,tt0080549,7
user_3,tt0080569,8
user_3,tt0080678,8
user_3,tt0080684,8
user_3,tt0080739,5
user_3,tt0080745,7
user_3,tt0080749,6
user_3,tt0080752,8
user_3,tt0080761,7
user_3,tt0080801,9
user_3,tt0080855,7
user_3,tt0080889,7
user_3,tt0081182,8
user_3,tt0081184,7
user_3,tt0081283,7
user_3,tt0081398,7
user_3,tt0081455,7
user_3,tt0081470,6
user_3,tt0081494,7
user_3,tt0081505,9
user_3,tt0081554,7
user_3,tt0081573,6
user_3,tt0081633,8
user_3,tt0081807,5
user_3,tt0082010,8
user_3,tt0082081,7
user_3,tt0082085,7
user_3,tt0082096,8
user_3,tt0082118,8
user_3,tt0082136,5
user_3,tt0082158,8
user_3,tt0082186,9
user_3,tt0082198,6
user_3,tt0082307,7
user_3,tt0082334,6
user_3,tt0082340,7
user_3,tt0082348,5
user_3,tt0082406,8
user_3,tt0082432,8
user_3,tt0082474,7
user_3,tt0082495,5
user_3,tt0082517,6
user_3,tt0082533,7
user_3,tt0082580,4
user_3,tt0082694,9
user_3,tt0082761,6
user_3,tt0082766,8
user_3,tt0082842,8
user_3,tt0082971,10
user_3,tt0083170,5
user_3,tt0083511,7
user_3,tt0083658,9
user_3,tt0083767,7
user_3,tt0083791,8
user_3,tt0083866,8
user_3,tt0083869,8
user_3,tt0083907,7
user_3,tt0083922,8
user_3,tt0083929,6
user_3,tt0083943,5
user_3,tt0083944,7
user_3,tt0083987,9
user_3,tt0084234,6
user_3,tt0084434,7
user_3,tt0084503,7
user_3,tt0084516,6
user_3,tt0084522,7
user_3,tt0084602,6
user_3,tt0084675,7
user_3,tt0084704,4
user_3,tt0084726,10
user_3,tt0084782,7
user_3,tt0084787,9
user_3,tt0084805,9
user_3,tt0084827,8
user_3,tt0084855,10
user_3,tt0084917,7
user_3,tt0085121,6
user_3,tt0085333,7
user_3,tt0085334,7
user_3,tt0085356,5
user_3,tt0085407,7
user_3,tt0085636,7
user_3,tt0085794,7
user_3,tt0085807,6
user_3,tt0085894,8
user_3,tt0085959,5
user_3,tt0085995,8
user_3,tt0086006,5
user_3,tt0086013,3
user_3,tt0086034,6
user_3,tt0086050,6
user_3,tt0086066,8
user_3,tt0086087,8
user_3,tt0086143,6
user_3,tt0086190,8
user_3,tt0086200,8
user_3,tt0086250,7
user_3,tt0086319,7
user_3,tt0086393,4
user_3,tt0086465,7
user_3,tt0086541,8
user_3,tt0086567,6
user_3,tt0086617,7
user_3,tt0086837,5
user_3,tt0086879,9
user_3,tt0086960,7
user_3,tt0086979,8
user_3,tt0087100,6
user_3,tt0087182,7
user_3,tt0087262,6
user_3,tt0087277,6
user_3,tt0087332,8
user_3,tt0087363,8
user_3,tt0087365,6
user_3,tt0087469,7
user_3,tt0087538,7
user_3,tt0087544,8
user_3,tt0087597,6
user_3,tt0087781,6
user_3,tt0087799,6
user_3,tt0087800,6
user_3,tt0087803,7
user_3,tt0087843,9
user_3,tt0087884,8
user_3,tt0087909,8
user_3,tt0087928,7
user_3,tt0087995,8
user_3,tt0088000,8
user_3,tt0088011,7
user_3,tt0088128,7
user_3,tt0088161,7
user_3,tt0088170,6
user_3,tt0088172,7
user_3,tt0088247,7
user_3,tt0088258,9
user_3,tt0088272,6
user_3,tt0088286,7
user_3,tt0088323,10
user_3,tt0088333,3
user_3,tt0088683,6
user_3,tt0088763,9
user_3,tt0088794,7
user_3,tt0088814,8
user_3,tt0088846,8
user_3,tt0088847,9
user_3,tt0088930,8
user_3,tt0088939,8
user_3,tt0088944,6
user_3,tt0089015,7
user_3,tt0089017,5
user_3,tt0089173,4
user_3,tt0089175,5
user_3,tt0089218,7
user_3,tt0089276,8
user_3,tt0089393,8
user_3,tt0089421,5
user_3,tt0089424,10
user_3,tt0089461,6
user_3,tt0089530,7
user_3,tt0089572,5
user_3,tt0089652,7
user_3,tt0089670,8
user_3,tt0089686,6
user_3,tt0089767,6
user_3,tt0089853,9
user_3,tt0089860,5
user_3,tt0089880,8
user_3,tt0089881,8
user_3,tt0089885,8
user_3,tt0089927,8
user_3,tt0089960,7
user_3,tt0089961,7
user_3,tt0090022,7
user_3,tt0090060,6
user_3,tt0090103,8
user_3,tt0090142,7
user_3,tt0090180,8
user_3,tt0090190,6
user_3,tt0090264,7
user_3,tt0090305,8
user_3,tt0090327,7
user_3,tt0090329,8
user_3,tt0090357,7
user_3,tt0090555,7
user_3,tt0090605,7
user_3,tt0090728,7
user_3,tt0090756,5
user_3,tt0090859,6
user_3,tt0090874,6
user_3,tt0090887,5
user_3,tt0090888,5
user_3,tt0090927,6
user_3,tt0091042,9
user_3,tt0091064,8
user_3,tt0091167,8
user_3,tt0091203,6
user_3,tt0091251,7
user_3,tt0091326,5
user_3,tt0091369,8
user_3,tt0091374,7
user_3,tt0091419,7
user_3,tt0091498,6
user_3,tt0091499,4
user_3,tt0091605,8
user_3,tt0091738,7
user_3,tt0091763,8
user_3,tt0091790,6
user_3,tt0091823,8
user_3,tt0091860,6
user_3,tt0092005,8
user_3,tt0092007,7
user_3,tt0092067,8
user_3,tt0092086,6
user_3,tt0092099,9
user_3,tt0092112,5
user_3,tt0092494,8
user_3,tt0092513,8
user_3,tt0092610,6
user_3,tt0092637,7
user_3,tt0092638,5
user_3,tt0092644,7
user_3,tt0092675,6
user_3,tt0092796,5
user_3,tt0092890,8
user_3,tt0092925,6
user_3,tt0092965,7
user_3,tt0092991,8
user_3,tt0093010,6
user_3,tt0093058,7
user_3,tt0093075,6
user_3,tt0093105,8
user_3,tt0093177,7
user_3,tt0093191,10
user_3,tt0093389,9
user_3,tt0093407,9
user_3,tt0093409,8
user_3,tt0093428,7
user_3,tt0093437,8
user_3,tt0093507,8
user_3,tt0093629,7
user_3,tt0093654,5
user_3,tt0093692,6
user_3,tt0093693,8
user_3,tt0093748,7
user_3,tt0093773,9
user_3,tt0093777,5
user_3,tt0093779,9
user_3,tt0093822,7
user_3,tt0093870,7
user_3,tt0093894,7
user_3,tt0094012,8
user_3,tt0094048,8
user_3,tt0094137,7
user_3,tt0094226,8
user_3,tt0094291,8
user_3,tt0094332,5
user_3,tt0094336,7
user_3,tt0094357,8
user_3,tt0094602,7
user_3,tt0094608,6
user_3,tt0094625,9
user_3,tt0094715,8
user_3,tt0094721,8
user_3,tt0094737,6
user_3,tt0094862,7
user_3,tt0094898,7
user_3,tt0094919,5
user_3,tt0094933,5
user_3,tt0094947,9
user_3,tt0094962,5
user_3,tt0094963,7
user_3,tt0094964,7
user_3,tt0095016,8
user_3,tt0095088,7
user_3,tt0095159,7
user_3,tt0095188,7
user_3,tt0095294,7
user_3,tt0095327,8
user_3,tt0095382,4
user_3,tt0095403,6
user_3,tt0095542,6
user_3,tt0095631,8
user_3,tt0095647,6
user_3,tt0095662,7
user_3,tt0095687,5
user_3,tt0095705,8
user_3,tt0095765,8
user_3,tt0095880,8
user_3,tt0095882,5
user_3,tt0095889,5
user_3,tt0095942,3
user_3,tt0095953,8
user_3,tt0095956,5
user_3,tt0095963,5
user_3,tt0095990,8
user_3,tt0096028,7
user_3,tt0096061,8
user_3,tt0096161,6
user_3,tt0096256,10
user_3,tt0096259,8
user_3,tt0096283,7
user_3,tt0096320,7
user_3,tt0096380,7
user_3,tt0096438,8
user_3,tt0096446,7
user_3,tt0096454,7
user_3,tt0096463,6
user_3,tt0096487,6
user_3,tt0096754,6
user_3,tt0096787,7
user_3,tt0096794,8
user_3,tt0096804,4
user_3,tt0096874,9
user_3,tt0096895,9
user_3,tt0096928,8
user_3,tt0096969,6
user_3,tt0097027,7
user_3,tt0097138,5
user_3,tt0097162,8
user_3,tt0097165,7
user_3,tt0097195,8
user_3,tt0097202,8
user_3,tt0097216,8
user_3,tt0097223,10
user_3,tt0097239,7
user_3,tt0097240,8
user_3,tt0097351,7
user_3,tt0097366,6
user_3,tt0097428,7
user_3,tt0097441,9
user_3,tt0097493,7
user_3,tt0097499,7
user_3,tt0097523,5
user_3,tt0097576,7
user_3,tt0097626,7
user_3,tt0097659,6
user_3,tt0097733,6
user_3,tt0097742,6
user_3,tt0097757,7
user_3,tt0097775,5
user_3,tt0097814,8
user_3,tt0097826,8
user_3,tt0097858,7
user_3,tt0097937,9
user_3,tt0097940,7
user_3,tt0097958,7
user_3,tt0098019,8
user_3,tt0098067,8
user_3,tt0098084,6
user_3,tt0098206,6
user_3,tt0098253,10
user_3,tt0098258,7
user_3,tt0098327,8
user_3,tt0098384,7
user_3,tt0098439,6
user_3,tt0098546,7
user_3,tt0098554,7
user_3,tt0098575,9
user_3,tt0098621,7
user_3,tt0098627,7
user_3,tt0098635,8
user_3,tt0098692,7
user_3,tt0098987,8
user_3,tt0099005,6
user_3,tt0099044,5
user_3,tt0099077,7
user_3,tt0099088,8
user_3,tt0099141,5
user_3,tt0099180,6
user_3,tt0099348,7
user_3,tt0099422,9
user_3,tt0099423,7
user_3,tt0099446,8
user_3,tt0099472,5
user_3,tt0099487,6
user_3,tt0099558,8
user_3,tt0099581,7
user_3,tt0099582,7
user_3,tt0099587,5
user_3,tt0099607,7
user_3,tt0099653,6
user_3,tt0099674,8
user_3,tt0099685,8
user_3,tt0099700,8
user_3,tt0099785,7
user_3,tt0099810,6
user_3,tt0099819,6
user_3,tt0099871,7
user_3,tt0099938,6
user_3,tt0100045,4
user_3,tt0100050,5
user_3,tt0100133,8
user_3,tt0100142,8
user_3,tt0100150,7
user_3,tt0100157,8
user_3,tt0100168,7
user_3,tt0100200,7
user_3,tt0100211,7
user_3,tt0100234,8
user_3,tt0100263,6
user_3,tt0100403,6
user_3,tt0100405,8
user_3,tt0100449,7
user_3,tt0100502,6
user_3,tt0100507,4
user_3,tt0100683,5
user_3,tt0100758,8
user_3,tt0100802,8
user_3,tt0100814,7
user_3,tt0100935,6
user_3,tt0100998,10
user_3,tt0101272,6
user_3,tt0101410,10
user_3,tt0101414,6
user_3,tt0101444,7
user_3,tt0101455,4
user_3,tt0101478,6
user_3,tt0101507,8
user_3,tt0101516,8
user_3,tt0101518,3
user_3,tt0101540,7
user_3,tt0101587,7
user_3,tt0101588,5
user_3,tt0101605,8
user_3,tt0101635,6
user_3,tt0101640,8
user_3,tt0101669,7
user_3,tt0101700,5
user_3,tt0101745,7
user_3,tt0101761,6
user_3,tt0101775,5
user_3,tt0101862,6
user_3,tt0101889,8
user_3,tt0101921,10
user_3,tt0102004,5
user_3,tt0102057,6
user_3,tt0102059,8
user_3,tt0102070,6
user_3,tt0102095,5
user_3,tt0102138,7
user_3,tt0102266,6
user_3,tt0102460,5
user_3,tt0102467,6
user_3,tt0102492,6
user_3,tt0102494,8
user_3,tt0102510,7
user_3,tt0102526,6
user_3,tt0102583,7
user_3,tt0102609,7
user_3,tt0102614,6
user_3,tt0102685,7
user_3,tt0102719,3
user_3,tt0102721,7
user_3,tt0102768,5
user_3,tt0102798,8
user_3,tt0102803,6
user_3,tt0102926,9
user_3,tt0102945,6
user_3,tt0103060,7
user_3,tt0103064,10
user_3,tt0103074,7
user_3,tt0103132,6
user_3,tt0103207,6
user_3,tt0103243,8
user_3,tt0103268,5
user_3,tt0103639,7
user_3,tt0103644,6
user_3,tt0103772,6
user_3,tt0103776,7
user_3,tt0103786,6
user_3,tt0103855,6
user_3,tt0103873,9
user_3,tt0103874,8
user_3,tt0103919,7
user_3,tt0103950,5
user_3,tt0104009,5
user_3,tt0104040,8
user_3,tt0104070,8
user_3,tt0104254,7
user_3,tt0104257,8
user_3,tt0104348,6
user_3,tt0104427,9
user_3,tt0104431,8
user_3,tt0104437,4
user_3,tt0104438,5
user_3,tt0104454,6
user_3,tt0104558,8
user_3,tt0104573,7
user_3,tt0104652,8
user_3,tt0104691,8
user_3,tt0104694,9
user_3,tt0104714,7
user_3,tt0104797,8
user_3,tt0104815,7
user_3,tt0104868,7
user_3,tt0104905,7
user_3,tt0104940,9
user_3,tt0104952,8
user_3,tt0105112,7
user_3,tt0105236,6
user_3,tt0105265,7
user_3,tt0105323,8
user_3,tt0105414,5
user_3,tt0105417,6
user_3,tt0105435,7
user_3,tt0105450,7
user_3,tt0105477,2
user_3,tt0105481,7
user_3,tt0105643,3
user_3,tt0105665,8
user_3,tt0105690,8
user_3,tt0105695,9
user_3,tt0105698,4
user_3,tt0105793,6
user_3,tt0105809,5
user_3,tt0105812,7
user_3,tt0106220,9
user_3,tt0106226,7
user_3,tt0106246,8
user_3,tt0106307,7
user_3,tt0106308,7
user_3,tt0106333,9
user_3,tt0106341,7
user_3,tt0106375,6
user_3,tt0106387,7
user_3,tt0106489,9
user_3,tt0106519,9
user_3,tt0106582,8
user_3,tt0106598,6
user_3,tt0106611,7
user_3,tt0106613,2
user_3,tt0106627,9
user_3,tt0106664,5
user_3,tt0106677,7
user_3,tt0106697,9
user_3,tt0106856,7
user_3,tt0106918,6
user_3,tt0106950,7
user_3,tt0106977,6
user_3,tt0107007,10
user_3,tt0107048,7
user_3,tt0107076,7
user_3,tt0107103,8
user_3,tt0107131,6
user_3,tt0107206,8
user_3,tt0107207,8
user_3,tt0107290,7
user_3,tt0107302,7
user_3,tt0107358,9
user_3,tt0107362,7
user_3,tt0107529,6
user_3,tt0107614,7
user_3,tt0107616,8
user_3,tt0107653,7
user_3,tt0107688,7
user_3,tt0107692,10
user_3,tt0107750,8
user_3,tt0107798,7
user_3,tt0107808,8
user_3,tt0107818,8
user_3,tt0107822,8
user_3,tt0107840,9
user_3,tt0107977,6
user_3,tt0108037,5
user_3,tt0108052,8
user_3,tt0108071,7
user_3,tt0108122,8
user_3,tt0108147,6
user_3,tt0108160,6
user_3,tt0108330,8
user_3,tt0108358,8
user_3,tt0108394,7
user_3,tt0108399,8
user_3,tt0108525,6
user_3,tt0108550,8
user_3,tt0109035,5
user_3,tt0109040,6
user_3,tt0109045,9
user_3,tt0109117,5
user_3,tt0109190,4
user_3,tt0109254,4
user_3,tt0109348,7
user_3,tt0109424,8
user_3,tt0109439,6
user_3,tt0109444,9
user_3,tt0109445,8
user_3,tt0109446,7
user_3,tt0109506,9
user_3,tt0109520,6
user_3,tt0109592,6
user_3,tt0109625,9
user_3,tt0109642,7
user_3,tt0109686,5
user_3,tt0109707,6
user_3,tt0109758,4
user_3,tt0109759,9
user_3,tt0109830,7
user_3,tt0109831,6
user_3,tt0109836,5
user_3,tt0109900,7
user_3,tt0110005,7
user_3,tt0110006,8
user_3,tt0110074,7
user_3,tt0110081,6
user_3,tt0110116,8
user_3,tt0110137,8
user_3,tt0110148,8
user_3,tt0110216,5
user_3,tt0110222,9
user_3,tt0110322,9
user_3,tt0110357,8
user_3,tt0110367,8
user_3,tt0110413,10
user_3,tt0110442,8
user_3,tt0110475,5
user_3,tt0110478,7
user_3,tt0110622,7
user_3,tt0110632,7
user_3,tt0110737,6
user_3,tt0110883,6
user_3,tt0110912,9
user_3,tt0110932,8
user_3,tt0110950,7
user_3,tt0110971,5
user_3,tt0110989,6
user_3,tt0111054,8
user_3,tt0111070,6
user_3,tt0111143,6
user_3,tt0111149,7
user_3,tt0111161,9
user_3,tt0111187,6
user_3,tt0111257,9
user_3,tt0111282,7
user_3,tt0111301,5
user_3,tt0111495,7
user_3,tt0111503,7
user_3,tt0111507,8
user_3,tt0111579,10
user_3,tt0111667,7
user_3,tt0111793,8
user_3,tt0111797,8
user_3,tt0111845,9
user_3,tt0112281,4
user_3,tt0112302,6
user_3,tt0112384,7
user_3,tt0112431,7
user_3,tt0112442,6
user_3,tt0112453,8
user_3,tt0112461,8
user_3,tt0112462,6
user_3,tt0112471,7
user_3,tt0112508,6
user_3,tt0112571,6
user_3,tt0112573,8
user_3,tt0112579,8
user_3,tt0112637,7
user_3,tt0112641,8
user_3,tt0112642,6
user_3,tt0112682,7
user_3,tt0112697,7
user_3,tt0112740,7
user_3,tt0112760,7
user_3,tt0112792,7
user_3,tt0112817,8
user_3,tt0112818,8
user_3,tt0112851,5
user_3,tt0112857,6
user_3,tt0112864,8
user_3,tt0112870,9
user_3,tt0112896,7
user_3,tt0112913,10
user_3,tt0112922,7
user_3,tt0112950,6
user_3,tt0113041,7
user_3,tt0113071,5
user_3,tt0113101,7
user_3,tt0113117,7
user_3,tt0113161,7
user_3,tt0113189,8
user_3,tt0113198,6
user_3,tt0113228,6
user_3,tt0113243,8
user_3,tt0113247,8
user_3,tt0113253,6
user_3,tt0113277,7
user_3,tt0113305,7
user_3,tt0113326,7
user_3,tt0113375,7
user_3,tt0113409,8
user_3,tt0113451,6
user_3,tt0113481,5
user_3,tt0113492,3
user_3,tt0113497,7
user_3,tt0113568,8
user_3,tt0113627,7
user_3,tt0113749,9
user_3,tt0113819,7
user_3,tt0113820,6
user_3,tt0113824,9
user_3,tt0113845,6
user_3,tt0113855,7
user_3,tt0113862,7
user_3,tt0113936,6
user_3,tt0113957,6
user_3,tt0113972,6
user_3,tt0114069,8
user_3,tt0114134,8
user_3,tt0114148,7
user_3,tt0114194,6
user_3,tt0114214,5
user_3,tt0114234,7
user_3,tt0114279,8
user_3,tt0114287,4
user_3,tt0114319,6
user_3,tt0114369,7
user_3,tt0114388,8
user_3,tt0114508,7
user_3,tt0114608,6
user_3,tt0114660,8
user_3,tt0114681,8
user_3,tt0114709,6
user_3,tt0114746,8
user_3,tt0114814,5
user_3,tt0114852,7
user_3,tt0114898,6
user_3,tt0114924,9
user_3,tt0115433,6
user_3,tt0115438,8
user_3,tt0115561,8
user_3,tt0115624,1
user_3,tt0115633,7
user_3,tt0115640,8
user_3,tt0115641,6
user_3,tt0115697,6
user_3,tt0115734,8
user_3,tt0115736,7
user_3,tt0115759,6
user_3,tt0115798,5
user_3,tt0115956,9
user_3,tt0115964,7
user_3,tt0115988,7
user_3,tt0116040,5
user_3,tt0116126,7
user_3,tt0116136,6
user_3,tt0116165,2
user_3,tt0116209,6
user_3,tt0116213,6
user_3,tt0116225,5
user_3,tt0116253,7
user_3,tt0116282,8
user_3,tt0116287,6
user_3,tt0116361,6
user_3,tt0116365,7
user_3,tt0116367,5
user_3,tt0116409,6
user_3,tt0116483,7
user_3,tt0116583,7
user_3,tt0116629,9
user_3,tt0116683,6
user_3,tt0116695,9
user_3,tt0116705,5
user_3,tt0116729,5
user_3,tt0116731,5
user_3,tt0116756,4
user_3,tt0116778,7
user_3,tt0116823,6
user_3,tt0116851,9
user_3,tt0116852,7
user_3,tt0116908,8
user_3,tt0116922,8
user_3,tt0116996,8
user_3,tt0117008,6
user_3,tt0117038,5
user_3,tt0117039,7
user_3,tt0117060,8
user_3,tt0117108,5
user_3,tt0117110,8
user_3,tt0117218,6
user_3,tt0117247,7
user_3,tt0117318,7
user_3,tt0117331,4
user_3,tt0117381,7
user_3,tt0117407,7
user_3,tt0117438,6
user_3,tt0117500,8
user_3,tt0117509,7
user_3,tt0117571,5
user_3,tt0117589,7
user_3,tt0117603,7
user_3,tt0117604,10
user_3,tt0117665,8
user_3,tt0117666,8
user_3,tt0117705,5
user_3,tt0117731,9
user_3,tt0117737,6
user_3,tt0117765,5
user_3,tt0117768,4
user_3,tt0117774,6
user_3,tt0117802,7
user_3,tt0117894,5
user_3,tt0117913,8
user_3,tt0117918,8
user_3,tt0117951,9
user_3,tt0117979,6
user_3,tt0117998,5
user_3,tt0118018,6
user_3,tt0118111,8
user_3,tt0118158,6
user_3,tt0118531,8
user_3,tt0118548,9
user_3,tt0118571,5
user_3,tt0118583,7
user_3,tt0118604,5
user_3,tt0118615,4
user_3,tt0118617,8
user_3,tt0118636,7
user_3,tt0118655,5
user_3,tt0118661,6
user_3,tt0118688,5
user_3,tt0118689,7
user_3,tt0118694,8
user_3,tt0118702,5
user_3,tt0118708,6
user_3,tt0118715,7
user_3,tt0118749,7
user_3,tt0118751,7
user_3,tt0118789,6
user_3,tt0118799,6
user_3,tt0118840,5
user_3,tt0118842,8
user_3,tt0118866,6
user_3,tt0118880,6
user_3,tt0118883,5
user_3,tt0118884,8
user_3,tt0118887,9
user_3,tt0118926,7
user_3,tt0118929,6
user_3,tt0118954,7
user_3,tt0118966,7
user_3,tt0118971,9
user_3,tt0118998,5
user_3,tt0119008,9
user_3,tt0119080,9
user_3,tt0119081,7
user_3,tt0119094,7
user_3,tt0119097,8
user_3,tt0119099,7
user_3,tt0119116,8
user_3,tt0119137,4
user_3,tt0119164,8
user_3,tt0119167,7
user_3,tt0119173,6
user_3,tt0119174,7
user_3,tt0119177,9
user_3,tt0119217,8
user_3,tt0119229,6
user_3,tt0119250,9
user_3,tt0119282,7
user_3,tt0119303,6
user_3,tt0119314,6
user_3,tt0119336,6
user_3,tt0119345,6
user_3,tt0119349,9
user_3,tt0119375,5
user_3,tt0119395,7
user_3,tt0119396,8
user_3,tt0119468,7
user_3,tt0119472,9
user_3,tt0119488,6
user_3,tt0119528,8
user_3,tt0119558,8
user_3,tt0119567,8
user_3,tt0119643,7
user_3,tt0119654,9
user_3,tt0119698,9
user_3,tt0119707,4
user_3,tt0119715,8
user_3,tt0119731,7
user_3,tt0119738,7
user_3,tt0119783,7
user_3,tt0119807,7
user_3,tt0119822,6
user_3,tt0119828,9
user_3,tt0119832,6
user_3,tt0119874,7
user_3,tt0119978,6
user_3,tt0120029,5
user_3,tt0120082,8
user_3,tt0120102,8
user_3,tt0120148,9
user_3,tt0120157,6
user_3,tt0120176,6
user_3,tt0120177,5
user_3,tt0120179,3
user_3,tt0120184,7
user_3,tt0120188,8
user_3,tt0120201,8
user_3,tt0120241,8
user_3,tt0120324,8
user_3,tt0120338,9
user_3,tt0120347,8
user_3,tt0120363,7
user_3,tt0120382,8
user_3,tt0120399,7
user_3,tt0120401,6
user_3,tt0120461,6
user_3,tt0120484,8
user_3,tt0120524,7
user_3,tt0120577,7
user_3,tt0120586,9
user_3,tt0120587,7
user_3,tt0120591,8
user_3,tt0120595,7
user_3,tt0120601,7
user_3,tt0120609,6
user_3,tt0120611,7
user_3,tt0120616,8
user_3,tt0120623,8
user_3,tt0120630,8
user_3,tt0120631,7
user_3,tt0120632,5
user_3,tt0120647,6
user_3,tt0120655,7
user_3,tt0120657,5
user_3,tt0120660,8
user_3,tt0120663,6
user_3,tt0120667,8
user_3,tt0120669,6
user_3,tt0120679,7
user_3,tt0120681,9
user_3,tt0120685,4
user_3,tt0120686,6
user_3,tt0120689,10
user_3,tt0120693,7
user_3,tt0120694,5
user_3,tt0120696,6
user_3,tt0120731,7
user_3,tt0120735,7
user_3,tt0120737,9
user_3,tt0120738,2
user_3,tt0120744,6
user_3,tt0120746,6
user_3,tt0120753,7
user_3,tt0120755,6
user_3,tt0120757,4
user_3,tt0120762,7
user_3,tt0120768,8
user_3,tt0120777,6
user_3,tt0120780,8
user_3,tt0120783,8
user_3,tt0120784,6
user_3,tt0120787,7
user_3,tt0120789,7
user_3,tt0120794,7
user_3,tt0120800,8
user_3,tt0120802,10
user_3,tt0120804,5
user_3,tt0120812,6
user_3,tt0120813,7
user_3,tt0120815,10
user_3,tt0120832,4
user_3,tt0120841,3
user_3,tt0120844,7
user_3,tt0120855,5
user_3,tt0120863,9
user_3,tt0120873,5
user_3,tt0120877,6
user_3,tt0120888,8
user_3,tt0120889,8
user_3,tt0120890,6
user_3,tt0120891,5
user_3,tt0120901,6
user_3,tt0120902,9
user_3,tt0120903,7
user_3,tt0120907,6
user_3,tt0120912,7
user_3,tt0120915,4
user_3,tt0120917,8
user_3,tt0121164,7
user_3,tt0121765,6
user_3,tt0121766,10
user_3,tt0122136,9
user_3,tt0122151,5
user_3,tt0122629,5
user_3,tt0122690,10
user_3,tt0122718,7
user_3,tt0122933,7
user_3,tt0123755,8
user_3,tt0123948,8
user_3,tt0123987,6
user_3,tt0124198,5
user_3,tt0124298,5
user_3,tt0124819,6
user_3,tt0125439,6
user_3,tt0125664,10
user_3,tt0126029,6
user_3,tt0126886,7
user_3,tt0126916,6
user_3,tt0127357,6
user_3,tt0127536,8
user_3,tt0127723,8
user_3,tt0128214,5
user_3,tt0128442,7
user_3,tt0128445,6
user_3,tt0128853,8
user_3,tt0129167,9
user_3,tt0129290,7
user_3,tt0129332,7
user_3,tt0129387,6
user_3,tt0130121,7
user_3,tt0130444,8
user_3,tt0130827,8
user_3,tt0131325,6
user_3,tt0131369,5
user_3,tt0131646,5
user_3,tt0132245,5
user_3,tt0132477,8
user_3,tt0133093,9
user_3,tt0133152,7
user_3,tt0133240,8
user_3,tt0133751,6
user_3,tt0133952,8
user_3,tt0134084,5
user_3,tt0134119,6
user_3,tt0134273,6
user_3,tt0134847,6
user_3,tt0134983,4
user_3,tt0135033,6
user_3,tt0137338,7
user_3,tt0137363,8
user_3,tt0137494,7
user_3,tt0137523,8
user_3,tt0138074,1
user_3,tt0138097,8
user_3,tt0138304,5
user_3,tt0138524,7
user_3,tt0138704,9
user_3,tt0138749,6
user_3,tt0139134,10
user_3,tt0139414,4
user_3,tt0139462,7
user_3,tt0139654,8
user_3,tt0139876,9
user_3,tt0139877,7
user_3,tt0140352,8
user_3,tt0140888,8
user_3,tt0141926,6
user_3,tt0142242,8
user_3,tt0142316,7
user_3,tt0142342,7
user_3,tt0142688,9
user_3,tt0143145,6
user_3,tt0144084,6
user_3,tt0144117,8
user_3,tt0144201,6
user_3,tt0144715,7
user_3,tt0145487,9
user_3,tt0145531,6
user_3,tt0145547,7
user_3,tt0145653,6
user_3,tt0145660,6
user_3,tt0145681,7
user_3,tt0145893,5
user_3,tt0146309,7
user_3,tt0146316,7
user_3,tt0146675,6
user_3,tt0146838,6
user_3,tt0146882,7
user_3,tt0147800,10
user_3,tt0149171,6
user_3,tt0149261,6
user_3,tt0149691,5
user_3,tt0150662,7
user_3,tt0151137,7
user_3,tt0151738,7
user_3,tt0151804,8
user_3,tt0154420,7
user_3,tt0154506,9
user_3,tt0154683,6
user_3,tt0155776,6
user_3,tt0155975,5
user_3,tt0156887,7
user_3,tt0156934,7
user_3,tt0157503,7
user_3,tt0157583,7
user_3,tt0158033,5
user_3,tt0158371,8
user_3,tt0158587,7
user_3,tt0158714,5
user_3,tt0158983,9
user_3,tt0159097,7
user_3,tt0159273,9
user_3,tt0159365,8
user_3,tt0159373,5
user_3,tt0160127,5
user_3,tt0160797,5
user_3,tt0160862,7
user_3,tt0161081,4
user_3,tt0161542,5
user_3,tt0162222,7
user_3,tt0162346,8
user_3,tt0162360,6
user_3,tt0162650,5
user_3,tt0162661,7
user_3,tt0162930,1
user_3,tt0162983,5
user_3,tt0163025,6
user_3,tt0163187,6
user_3,tt0163651,10
user_3,tt0163978,6
user_3,tt0163988,7
user_3,tt0164052,7
user_3,tt0164181,9
user_3,tt0164184,6
user_3,tt0164538,8
user_3,tt0164711,7
user_3,tt0164912,7
user_3,tt0165078,8
user_3,tt0165489,3
user_3,tt0165798,5
user_3,tt0165832,8
user_3,tt0165929,7
user_3,tt0165982,7
user_3,tt0166314,8
user_3,tt0166485,5
user_3,tt0166813,8
user_3,tt0166896,8
user_3,tt0166924,6
user_3,tt0167190,5
user_3,tt0167260,9
user_3,tt0167261,8
user_3,tt0167404,9
user_3,tt0168123,8
user_3,tt0168629,8
user_3,tt0168786,7
user_3,tt0169102,10
user_3,tt0169547,8
user_3,tt0170016,9
user_3,tt0170351,6
user_3,tt0171356,8
user_3,tt0171685,8
user_3,tt0171804,9
user_3,tt0172156,7
user_3,tt0172234,6
user_3,tt0172493,8
user_3,tt0172495,10
user_3,tt0172684,7
user_3,tt0174856,8
user_3,tt0175142,5
user_3,tt0175739,4
user_3,tt0175880,9
user_3,tt0176269,5
user_3,tt0176646,9
user_3,tt0176783,6
user_3,tt0177347,6
user_3,tt0177789,9
user_3,tt0177971,5
user_3,tt0178737,9
user_3,tt0178868,7
user_3,tt0179098,9
user_3,tt0179813,7
user_3,tt0179955,8
user_3,tt0180052,3
user_3,tt0180073,6
user_3,tt0180093,8
user_3,tt0180668,4
user_3,tt0181316,4
user_3,tt0181536,7
user_3,tt0181689,7
user_3,tt0181852,6
user_3,tt0181865,7
user_3,tt0181875,8
user_3,tt0181984,5
user_3,tt0182789,7
user_3,tt0183505,6
user_3,tt0183523,6
user_3,tt0183649,8
user_3,tt0183790,8
user_3,tt0183869,6
user_3,tt0184894,7
user_3,tt0185125,8
user_3,tt0185183,3
user_3,tt0185431,4
user_3,tt0185842,8
user_3,tt0185937,5
user_3,tt0186151,9
user_3,tt0186894,5
user_3,tt0187078,6
user_3,tt0187393,7
user_3,tt0187738,7
user_3,tt0190138,5
user_3,tt0190332,8
user_3,tt0190590,8
user_3,tt0190865,7
user_3,tt0191043,7
user_3,tt0191397,6
user_3,tt0192071,8
user_3,tt0192731,5
user_3,tt0193253,7
user_3,tt0194748,4
user_3,tt0194773,7
user_3,tt0195231,7
user_3,tt0195685,7
user_3,tt0195714,7
user_3,tt0195778,5
user_3,tt0195945,7
user_3,tt0196216,4
user_3,tt0196229,7
user_3,tt0198781,7
user_3,tt0198811,7
user_3,tt0199626,5
user_3,tt0199683,6
user_3,tt0200465,8
user_3,tt0200550,9
user_3,tt0202677,7
user_3,tt0203009,8
user_3,tt0203019,8
user_3,tt0203230,7
user_3,tt0203343,4
user_3,tt0203613,6
user_3,tt0203632,8
user_3,tt0203755,8
user_3,tt0204313,5
user_3,tt0204946,6
user_3,tt0205271,4
user_3,tt0206275,7
user_3,tt0206314,8
user_3,tt0206634,7
user_3,tt0207198,6
user_3,tt0207201,6
user_3,tt0207638,5
user_3,tt0208092,9
user_3,tt0208874,7
user_3,tt0209144,9
user_3,tt0209163,6
user_3,tt0209463,8
user_3,tt0209475,5
user_3,tt0209958,7
user_3,tt0210070,7
user_3,tt0210616,8
user_3,tt0210945,9
user_3,tt0211181,5
user_3,tt0211915,7
user_3,tt0211933,6
user_3,tt0212311,7
user_3,tt0212338,6
user_3,tt0212346,7
user_3,tt0212712,8
user_3,tt0212720,7
user_3,tt0212985,8
user_3,tt0213149,7
user_3,tt0213847,8
user_3,tt0214853,6
user_3,tt0215129,7
user_3,tt0215750,8
user_3,tt0216216,7
user_3,tt0216651,7
user_3,tt0216817,6
user_3,tt0217505,6
user_3,tt0217869,8
user_3,tt0218741,4
user_3,tt0218922,7
user_3,tt0218967,7
user_3,tt0219374,7
user_3,tt0219699,6
user_3,tt0219965,7
user_3,tt0220099,7
user_3,tt0220506,3
user_3,tt0220832,8
user_3,tt0221027,8
user_3,tt0221073,9
user_3,tt0221218,6
user_3,tt0221803,7
user_3,tt0222024,7
user_3,tt0223897,7
user_3,tt0227445,6
user_3,tt0227538,4
user_3,tt0228242,9
user_3,tt0228333,5
user_3,tt0228786,9
user_3,tt0229260,3
user_3,tt0230011,7
user_3,tt0230600,7
user_3,tt0230838,8
user_3,tt0231775,4
user_3,tt0232500,7
user_3,tt0233469,5
user_3,tt0233562,7
user_3,tt0234215,8
user_3,tt0235198,5
user_3,tt0235712,6
user_3,tt0235737,8
user_3,tt0236493,7
user_3,tt0237539,7
user_3,tt0237993,6
user_3,tt0238380,7
user_3,tt0238546,7
user_3,tt0239395,6
user_3,tt0239948,5
user_3,tt0240515,3
user_3,tt0240772,7
user_3,tt0240890,7
user_3,tt0241025,7
user_3,tt0241303,6
user_3,tt0241527,7
user_3,tt0242193,7
user_3,tt0242423,4
user_3,tt0242519,9
user_3,tt0242527,6
user_3,tt0242653,7
user_3,tt0242998,8
user_3,tt0243133,8
user_3,tt0243155,6
user_3,tt0243255,8
user_3,tt0243655,7
user_3,tt0243736,6
user_3,tt0244244,5
user_3,tt0245238,9
user_3,tt0245429,8
user_3,tt0245562,3
user_3,tt0245574,6
user_3,tt0245674,7
user_3,tt0245686,7
user_3,tt0245712,6
user_3,tt0245803,4
user_3,tt0245844,7
user_3,tt0246460,7
user_3,tt0246578,8
user_3,tt0246772,7
user_3,tt0247199,9
user_3,tt0247425,8
user_3,tt0247444,5
user_3,tt0247586,8
user_3,tt0247638,7
user_3,tt0247745,6
user_3,tt0248617,5
user_3,tt0248667,6
user_3,tt0248845,9
user_3,tt0249462,8
user_3,tt0250258,8
user_3,tt0250292,6
user_3,tt0250468,6
user_3,tt0250494,7
user_3,tt0250687,7
user_3,tt0250797,7
user_3,tt0251075,5
user_3,tt0251127,8
user_3,tt0251160,6
user_3,tt0251447,8
user_3,tt0251736,7
user_3,tt0252269,7
user_3,tt0252487,9
user_3,tt0252488,8
user_3,tt0252489,9
user_3,tt0252503,4
user_3,tt0252596,8
user_3,tt0252866,5
user_3,tt0253474,8
user_3,tt0253556,7
user_3,tt0253754,5
user_3,tt0253779,9
user_3,tt0253867,6
user_3,tt0254455,6
user_3,tt0254686,6
user_3,tt0255067,7
user_3,tt0255798,5
user_3,tt0256380,7
user_3,tt0256415,8
user_3,tt0257044,8
user_3,tt0257076,6
user_3,tt0257106,5
user_3,tt0257360,6
user_3,tt0257516,5
user_3,tt0258000,5
user_3,tt0258463,9
user_3,tt0259288,6
user_3,tt0259324,6
user_3,tt0259446,8
user_3,tt0259711,6
user_3,tt0259822,6
user_3,tt0260866,6
user_3,tt0260991,8
user_3,tt0261392,8
user_3,tt0261983,8
user_3,tt0263211,7
user_3,tt0263488,4
user_3,tt0263975,8
user_3,tt0264464,8
user_3,tt0264472,7
user_3,tt0264616,7
user_3,tt0264935,6
user_3,tt0265029,5
user_3,tt0265086,7
user_3,tt0265208,8
user_3,tt0265298,6
user_3,tt0265459,7
user_3,tt0265666,9
user_3,tt0266308,8
user_3,tt0266543,10
user_3,tt0266697,7
user_3,tt0266747,4
user_3,tt0266915,7
user_3,tt0266987,8
user_3,tt0267248,6
user_3,tt0267804,7
user_3,tt0267891,6
user_3,tt0267913,6
user_3,tt0268126,7
user_3,tt0268380,8
user_3,tt0268695,6
user_3,tt0268978,8
user_3,tt0269410,5
user_3,tt0270288,8
user_3,tt0270846,5
user_3,tt0270980,6
user_3,tt0271027,6
user_3,tt0271367,6
user_3,tt0271383,9
user_3,tt0271668,6
user_3,tt0272020,5
user_3,tt0272147,5
user_3,tt0272152,8
user_3,tt0272207,8
user_3,tt0272338,9
user_3,tt0273069,6
user_3,tt0273517,7
user_3,tt0273923,6
user_3,tt0273982,6
user_3,tt0274166,7
user_3,tt0274309,8
user_3,tt0274558,7
user_3,tt0275491,9
user_3,tt0275847,7
user_3,tt0276751,8
user_3,tt0276830,5
user_3,tt0276919,7
user_3,tt0277027,8
user_3,tt0277296,7
user_3,tt0277371,5
user_3,tt0277434,7
user_3,tt0278435,7
user_3,tt0278488,8
user_3,tt0278504,7
user_3,tt0279493,5
user_3,tt0280460,5
user_3,tt0280486,6
user_3,tt0280590,8
user_3,tt0280653,8
user_3,tt0280707,5
user_3,tt0281358,8
user_3,tt0281364,7
user_3,tt0281686,9
user_3,tt0281820,6
user_3,tt0282108,7
user_3,tt0282209,5
user_3,tt0282744,8
user_3,tt0283111,6
user_3,tt0283632,6
user_3,tt0283900,8
user_3,tt0284490,5
user_3,tt0284655,6
user_3,tt0284837,8
user_3,tt0284978,6
user_3,tt0285441,7
user_3,tt0285462,6
user_3,tt0285492,6
user_3,tt0285531,6
user_3,tt0285742,7
user_3,tt0285823,5
user_3,tt0285861,6
user_3,tt0286106,7
user_3,tt0286244,8
user_3,tt0286306,6
user_3,tt0286499,8
user_3,tt0286716,5
user_3,tt0286788,8
user_3,tt0286797,8
user_3,tt0287467,7
user_3,tt0287978,5
user_3,tt0288477,6
user_3,tt0289043,7
user_3,tt0289765,7
user_3,tt0289848,8
user_3,tt0289879,9
user_3,tt0289992,8
user_3,tt0290002,7
user_3,tt0290095,6
user_3,tt0290334,8
user_3,tt0290673,6
user_3,tt0290916,8
user_3,tt0291579,8
user_3,tt0292490,7
user_3,tt0292506,7
user_3,tt0292963,7
user_3,tt0293508,9
user_3,tt0293564,7
user_3,tt0293662,9
user_3,tt0294357,6
user_3,tt0295178,7
user_3,tt0295297,7
user_3,tt0295700,6
user_3,tt0295701,6
user_3,tt0295867,8
user_3,tt0296042,6
user_3,tt0296572,7
user_3,tt0296658,7
user_3,tt0297037,8
user_3,tt0297284,7
user_3,tt0298130,6
user_3,tt0298131,6
user_3,tt0298148,8
user_3,tt0298203,7
user_3,tt0298228,7
user_3,tt0298814,6
user_3,tt0299117,8
user_3,tt0299658,8
user_3,tt0299977,9
user_3,tt0300270,8
user_3,tt0300471,7
user_3,tt0300532,6
user_3,tt0300556,5
user_3,tt0301167,6
user_3,tt0301357,8
user_3,tt0302640,6
user_3,tt0302886,7
user_3,tt0303361,9
user_3,tt0303408,5
user_3,tt0303816,7
user_3,tt0304126,8
user_3,tt0304141,8
user_3,tt0304669,2
user_3,tt0305206,8
user_3,tt0305224,4
user_3,tt0305357,5
user_3,tt0305669,5
user_3,tt0306047,6
user_3,tt0306734,4
user_3,tt0306841,6
user_3,tt0307453,4
user_3,tt0307466,6
user_3,tt0307901,8
user_3,tt0307987,8
user_3,tt0308055,7
user_3,tt0308383,6
user_3,tt0308644,8
user_3,tt0309377,6
user_3,tt0309530,6
user_3,tt0309593,6
user_3,tt0309698,7
user_3,tt0309987,8
user_3,tt0310203,8
user_3,tt0311113,8
user_3,tt0311289,8
user_3,tt0311429,5
user_3,tt0312004,8
user_3,tt0312329,7
user_3,tt0312528,4
user_3,tt0313542,6
user_3,tt0313737,6
user_3,tt0313792,6
user_3,tt0314331,7
user_3,tt0314353,6
user_3,tt0315327,7
user_3,tt0315642,8
user_3,tt0315733,9
user_3,tt0315983,7
user_3,tt0316356,9
user_3,tt0316396,7
user_3,tt0316465,6
user_3,tt0316654,8
user_3,tt0316732,5
user_3,tt0317198,7
user_3,tt0317219,8
user_3,tt0317248,10
user_3,tt0317303,5
user_3,tt0317648,6
user_3,tt0317676,2
user_3,tt0317705,7
user_3,tt0317740,6
user_3,tt0317919,7
user_3,tt0318081,5
user_3,tt0318374,7
user_3,tt0318462,10
user_3,tt0318627,5
user_3,tt0318649,7
user_3,tt0318761,7
user_3,tt0318974,5
user_3,tt0319061,10
user_3,tt0319262,7
user_3,tt0319343,6
user_3,tt0320661,7
user_3,tt0320691,7
user_3,tt0322259,5
user_3,tt0322330,6
user_3,tt0322589,6
user_3,tt0323013,8
user_3,tt0323944,8
user_3,tt0324216,6
user_3,tt0325703,5
user_3,tt0325710,7
user_3,tt0325805,8
user_3,tt0325980,8
user_3,tt0326856,5
user_3,tt0327056,10
user_3,tt0327084,5
user_3,tt0327162,5
user_3,tt0327437,6
user_3,tt0327554,5
user_3,tt0327597,8
user_3,tt0327850,8
user_3,tt0328107,9
user_3,tt0328538,7
user_3,tt0328589,4
user_3,tt0328828,5
user_3,tt0328880,8
user_3,tt0329101,7
user_3,tt0329575,8
user_3,tt0329717,5
user_3,tt0330243,7
user_3,tt0330373,7
user_3,tt0330602,9
user_3,tt0330691,5
user_3,tt0330793,7
user_3,tt0331632,6
user_3,tt0331953,7
user_3,tt0332136,8
user_3,tt0332280,8
user_3,tt0332379,7
user_3,tt0332452,9
user_3,tt0333766,8
user_3,tt0333780,5
user_3,tt0335119,9
user_3,tt0335121,6
user_3,tt0335245,7
user_3,tt0335266,6
user_3,tt0335345,7
user_3,tt0335438,6
user_3,tt0337563,8
user_3,tt0337579,7
user_3,tt0337741,5
user_3,tt0337909,6
user_3,tt0337921,6
user_3,tt0337978,9
user_3,tt0338013,7
user_3,tt0338094,4
user_3,tt0338096,6
user_3,tt0338135,8
user_3,tt0338309,10
user_3,tt0338337,6
user_3,tt0338348,8
user_3,tt0338427,7
user_3,tt0338466,6
user_3,tt0338526,6
user_3,tt0338564,8
user_3,tt0338751,7
user_3,tt0339034,3
user_3,tt0339230,6
user_3,tt0339266,5
user_3,tt0339291,7
user_3,tt0340012,6
user_3,tt0340163,6
user_3,tt0340377,8
user_3,tt0340855,8
user_3,tt0342258,8
user_3,tt0342636,7
user_3,tt0343135,7
user_3,tt0343660,7
user_3,tt0343737,5
user_3,tt0343818,7
user_3,tt0345950,7
user_3,tt0346491,5
user_3,tt0347149,8
user_3,tt0347304,7
user_3,tt0348150,6
user_3,tt0348333,7
user_3,tt0348836,5
user_3,tt0349205,6
user_3,tt0349683,8
user_3,tt0349710,6
user_3,tt0349903,6
user_3,tt0350258,8
user_3,tt0351283,7
user_3,tt0352248,8
user_3,tt0352520,7
user_3,tt0352994,7
user_3,tt0353014,7
user_3,tt0353969,9
user_3,tt0355295,5
user_3,tt0356150,6
user_3,tt0356194,6
user_3,tt0356470,6
user_3,tt0356680,8
user_3,tt0356721,7
user_3,tt0356910,6
user_3,tt0357277,4
user_3,tt0357282,8
user_3,tt0357413,6
user_3,tt0357470,8
user_3,tt0357507,6
user_3,tt0358082,6
user_3,tt0358135,6
user_3,tt0358273,8
user_3,tt0359013,7
user_3,tt0359715,5
user_3,tt0359950,8
user_3,tt0360201,6
user_3,tt0360486,6
user_3,tt0360556,6
user_3,tt0360717,5
user_3,tt0361467,6
user_3,tt0361748,8
user_3,tt0361862,8
user_3,tt0362120,7
user_3,tt0362165,4
user_3,tt0362225,7
user_3,tt0362227,6
user_3,tt0362269,6
user_3,tt0362270,9
user_3,tt0362478,6
user_3,tt0363163,9
user_3,tt0363226,9
user_3,tt0363282,8
user_3,tt0363547,7
user_3,tt0363771,7
user_3,tt0363988,8
user_3,tt0364045,7
user_3,tt0364517,8
user_3,tt0364569,9
user_3,tt0364725,6
user_3,tt0364970,5
user_3,tt0365376,7
user_3,tt0365485,6
user_3,tt0365686,5
user_3,tt0365737,7
user_3,tt0365748,7
user_3,tt0365763,8
user_3,tt0365830,6
user_3,tt0365847,8
user_3,tt0365907,6
user_3,tt0365929,6
user_3,tt0366292,7
user_3,tt0366548,5
user_3,tt0366551,6
user_3,tt0366627,8
user_3,tt0366777,8
user_3,tt0366996,6
user_3,tt0367089,7
user_3,tt0367110,7
user_3,tt0367495,8
user_3,tt0367594,6
user_3,tt0367882,6
user_3,tt0367959,7
user_3,tt0368008,8
user_3,tt0368226,3
user_3,tt0368447,5
user_3,tt0368578,5
user_3,tt0368794,10
user_3,tt0368891,6
user_3,tt0368909,10
user_3,tt0369226,3
user_3,tt0369339,8
user_3,tt0369441,7
user_3,tt0369610,6
user_3,tt0369702,9
user_3,tt0369735,8
user_3,tt0370032,5
user_3,tt0370263,7
user_3,tt0370986,7
user_3,tt0371246,6
user_3,tt0371257,7
user_3,tt0371724,8
user_3,tt0371735,7
user_3,tt0371746,9
user_3,tt0372183,8
user_3,tt0372588,7
user_3,tt0372784,9
user_3,tt0373051,6
user_3,tt0373074,10
user_3,tt0373469,8
user_3,tt0373883,5
user_3,tt0373889,9
user_3,tt0373900,6
user_3,tt0373926,7
user_3,tt0374102,5
user_3,tt0374536,6
user_3,tt0374887,8
user_3,tt0374900,7
user_3,tt0375063,8
user_3,tt0375093,10
user_3,tt0375154,6
user_3,tt0375568,5
user_3,tt0375679,8
user_3,tt0375912,7
user_3,tt0375920,7
user_3,tt0376136,8
user_3,tt0376479,6
user_3,tt0376541,7
user_3,tt0376994,8
user_3,tt0377091,7
user_3,tt0377092,6
user_3,tt0377109,6
user_3,tt0377713,6
user_3,tt0377818,6
user_3,tt0377981,6
user_3,tt0378109,5
user_3,tt0378194,8
user_3,tt0378262,7
user_3,tt0378661,6
user_3,tt0379217,7
user_3,tt0379298,6
user_3,tt0379725,7
user_3,tt0379786,10
user_3,tt0379790,10
user_3,tt0380389,6
user_3,tt0380510,6
user_3,tt0380687,7
user_3,tt0380817,5
user_3,tt0381061,7
user_3,tt0381681,9
user_3,tt0381707,5
user_3,tt0381838,8
user_3,tt0381849,9
user_3,tt0381966,5
user_3,tt0382330,8
user_3,tt0382625,6
user_3,tt0382628,7
user_3,tt0382711,6
user_3,tt0382806,8
user_3,tt0382932,6
user_3,tt0383028,9
user_3,tt0383216,6
user_3,tt0383534,8
user_3,tt0383574,9
user_3,tt0383694,7
user_3,tt0384537,6
user_3,tt0384642,6
user_3,tt0384793,6
user_3,tt0384806,7
user_3,tt0385002,7
user_3,tt0385004,6
user_3,tt0385267,6
user_3,tt0385726,6
user_3,tt0385752,6
user_3,tt0385880,6
user_3,tt0385887,7
user_3,tt0386064,8
user_3,tt0386117,8
user_3,tt0386140,4
user_3,tt0386342,7
user_3,tt0386588,6
user_3,tt0387131,9
user_3,tt0387514,7
user_3,tt0387564,8
user_3,tt0387808,7
user_3,tt0387877,4
user_3,tt0387898,9
user_3,tt0388125,7
user_3,tt0388139,8
user_3,tt0388419,5
user_3,tt0388473,8
user_3,tt0388482,7
user_3,tt0388795,8
user_3,tt0388980,7
user_3,tt0389328,5
user_3,tt0389557,8
user_3,tt0389722,7
user_3,tt0389790,5
user_3,tt0389860,8
user_3,tt0390022,6
user_3,tt0390205,8
user_3,tt0390221,8
user_3,tt0390384,8
user_3,tt0390614,9
user_3,tt0391198,7
user_3,tt0391304,6
user_3,tt0393109,9
user_3,tt0393162,6
user_3,tt0395125,8
user_3,tt0395169,9
user_3,tt0395251,6
user_3,tt0395584,7
user_3,tt0395699,5
user_3,tt0395972,6
user_3,tt0396171,8
user_3,tt0396269,6
user_3,tt0396555,7
user_3,tt0396752,4
user_3,tt0397044,7
user_3,tt0397065,5
user_3,tt0397101,8
user_3,tt0397535,6
user_3,tt0397892,7
user_3,tt0398017,6
user_3,tt0398165,8
user_3,tt0398286,8
user_3,tt0398808,6
user_3,tt0398913,6
user_3,tt0399095,9
user_3,tt0399146,7
user_3,tt0399201,5
user_3,tt0399295,7
user_3,tt0400172,3
user_3,tt0400234,8
user_3,tt0400426,3
user_3,tt0400497,5
user_3,tt0401085,7
user_3,tt0401271,2
user_3,tt0401383,8
user_3,tt0401445,7
user_3,tt0401711,6
user_3,tt0401729,8
user_3,tt0401792,8
user_3,tt0401815,5
user_3,tt0401855,5
user_3,tt0401997,8
user_3,tt0402022,3
user_3,tt0402115,6
user_3,tt0402399,7
user_3,tt0402850,6
user_3,tt0402894,6
user_3,tt0402910,8
user_3,tt0403508,6
user_3,tt0404032,6
user_3,tt0404203,9
user_3,tt0404254,7
user_3,tt0404390,6
user_3,tt0405094,7
user_3,tt0405159,9
user_3,tt0405296,7
user_3,tt0405422,6
user_3,tt0405508,10
user_3,tt0405676,5
user_3,tt0406375,6
user_3,tt0406759,6
user_3,tt0406816,8
user_3,tt0407265,8
user_3,tt0407304,7
user_3,tt0407887,9
user_3,tt0408236,7
user_3,tt0408306,9
user_3,tt0408345,4
user_3,tt0408664,8
user_3,tt0408777,7
user_3,tt0408790,6
user_3,tt0408839,5
user_3,tt0409182,6
user_3,tt0409459,9
user_3,tt0409724,7
user_3,tt0409847,5
user_3,tt0410097,8
user_3,tt0410297,6
user_3,tt0410377,7
user_3,tt0411061,8
user_3,tt0411475,4
user_3,tt0411477,6
user_3,tt0412019,7
user_3,tt0412080,8
user_3,tt0412535,7
user_3,tt0412536,7
user_3,tt0412922,7
user_3,tt0413099,5
user_3,tt0413267,6
user_3,tt0413300,6
user_3,tt0414387,9
user_3,tt0414852,8
user_3,tt0414982,6
user_3,tt0414993,7
user_3,tt0415127,8
user_3,tt0415306,8
user_3,tt0415380,7
user_3,tt0415965,7
user_3,tt0416320,7
user_3,tt0416449,10
user_3,tt0416496,6
user_3,tt0416499,5
user_3,tt0416508,7
user_3,tt0416960,8
user_3,tt0417148,6
user_3,tt0417217,7
user_3,tt0417741,8
user_3,tt0418110,9
user_3,tt0418279,6
user_3,tt0418455,7
user_3,tt0418647,7
user_3,tt0418689,7
user_3,tt0418763,8
user_3,tt0418778,6
user_3,tt0418819,7
user_3,tt0419280,6
user_3,tt0419706,6
user_3,tt0419749,5
user_3,tt0419887,6
user_3,tt0419946,4
user_3,tt0419984,5
user_3,tt0420087,6
user_3,tt0420223,7
user_3,tt0420293,6
user_3,tt0420548,8
user_3,tt0420609,7
user_3,tt0421073,7
user_3,tt0421082,8
user_3,tt0421239,6
user_3,tt0421715,7
user_3,tt0421729,4
user_3,tt0421994,8
user_3,tt0422093,7
user_3,tt0422401,5
user_3,tt0422720,8
user_3,tt0423294,8
user_3,tt0424095,5
user_3,tt0424136,7
user_3,tt0424345,7
user_3,tt0424823,5
user_3,tt0424880,7
user_3,tt0424908,9
user_3,tt0424993,4
user_3,tt0425061,7
user_3,tt0425112,7
user_3,tt0425123,7
user_3,tt0425210,8
user_3,tt0425600,5
user_3,tt0426459,6
user_3,tt0426592,3
user_3,tt0426883,8
user_3,tt0426931,5
user_3,tt0427152,7
user_3,tt0427229,5
user_3,tt0427309,8
user_3,tt0427327,6
user_3,tt0427470,7
user_3,tt0427944,7
user_3,tt0427969,7
user_3,tt0429493,5
user_3,tt0429589,6
user_3,tt0430105,8
user_3,tt0430304,6
user_3,tt0430308,6
user_3,tt0430357,6
user_3,tt0430912,5
user_3,tt0430922,6
user_3,tt0431197,7
user_3,tt0431308,9
user_3,tt0431387,7
user_3,tt0431619,9
user_3,tt0431641,7
user_3,tt0432021,6
user_3,tt0432283,7
user_3,tt0432348,8
user_3,tt0432988,6
user_3,tt0433035,6
user_3,tt0433350,7
user_3,tt0433362,9
user_3,tt0433383,7
user_3,tt0433386,7
user_3,tt0433400,6
user_3,tt0433605,5
user_3,tt0434124,8
user_3,tt0434139,5
user_3,tt0434292,7
user_3,tt0434345,8
user_3,tt0434409,9
user_3,tt0435107,7
user_3,tt0435625,7
user_3,tt0435651,4
user_3,tt0435670,6
user_3,tt0435705,7
user_3,tt0435761,9
user_3,tt0436331,9
user_3,tt0436374,5
user_3,tt0436697,8
user_3,tt0437086,7
user_3,tt0437179,6
user_3,tt0437526,8
user_3,tt0437863,5
user_3,tt0438097,6
user_3,tt0438488,6
user_3,tt0439504,4
user_3,tt0440963,8
user_3,tt0441048,8
user_3,tt0441773,7
user_3,tt0441909,8
user_3,tt0442933,6
user_3,tt0443272,8
user_3,tt0443274,7
user_3,tt0443453,8
user_3,tt0443465,8
user_3,tt0443543,9
user_3,tt0443649,5
user_3,tt0443680,7
user_3,tt0443701,6
user_3,tt0443706,7
user_3,tt0444682,6
user_3,tt0445336,7
user_3,tt0445922,8
user_3,tt0445934,6
user_3,tt0445990,8
user_3,tt0446013,6
user_3,tt0446029,8
user_3,tt0446059,8
user_3,tt0446719,5
user_3,tt0446755,7
user_3,tt0447619,6
user_3,tt0448011,6
user_3,tt0448115,9
user_3,tt0448134,6
user_3,tt0448157,6
user_3,tt0448694,7
user_3,tt0449010,6
user_3,tt0449059,7
user_3,tt0449088,7
user_3,tt0449467,9
user_3,tt0449471,5
user_3,tt0449999,6
user_3,tt0450158,7
user_3,tt0450188,7
user_3,tt0450232,6
user_3,tt0450259,9
user_3,tt0450278,7
user_3,tt0450314,5
user_3,tt0450340,6
user_3,tt0450385,9
user_3,tt0450450,7
user_3,tt0451079,7
user_3,tt0451094,8
user_3,tt0451279,8
user_3,tt0451787,6
user_3,tt0451833,7
user_3,tt0452594,6
user_3,tt0452598,7
user_3,tt0452608,7
user_3,tt0452623,8
user_3,tt0452624,5
user_3,tt0452625,6
user_3,tt0452637,6
user_3,tt0452681,4
user_3,tt0452694,6
user_3,tt0452702,8
user_3,tt0453451,6
user_3,tt0453467,5
user_3,tt0453556,7
user_3,tt0454082,7
user_3,tt0454841,7
user_3,tt0454848,8
user_3,tt0454876,9
user_3,tt0454921,10
user_3,tt0454945,7
user_3,tt0455407,7
user_3,tt0455538,4
user_3,tt0455590,8
user_3,tt0455760,8
user_3,tt0455824,6
user_3,tt0455944,8
user_3,tt0455967,7
user_3,tt0456165,6
user_3,tt0456912,7
user_3,tt0457400,4
user_3,tt0457430,8
user_3,tt0457495,5
user_3,tt0457510,7
user_3,tt0457513,6
user_3,tt0457572,7
user_3,tt0457655,8
user_3,tt0457939,8
user_3,tt0458339,6
user_3,tt0458352,6
user_3,tt0458413,7
user_3,tt0458481,6
user_3,tt0458525,7
user_3,tt0460745,8
user_3,tt0460780,3
user_3,tt0460791,9
user_3,tt0460909,5
user_3,tt0461126,5
user_3,tt0461770,7
user_3,tt0462322,7
user_3,tt0462396,4
user_3,tt0462465,7
user_3,tt0462499,8
user_3,tt0462504,6
user_3,tt0462538,6
user_3,tt0462590,6
user_3,tt0463034,7
user_3,tt0463854,6
user_3,tt0463872,5
user_3,tt0463985,8
user_3,tt0464041,8
user_3,tt0464141,9
user_3,tt0464154,7
user_3,tt0465142,5
user_3,tt0465234,7
user_3,tt0465375,5
user_3,tt0465494,6
user_3,tt0465538,6
user_3,tt0465551,8
user_3,tt0465580,6
user_3,tt0465602,7
user_3,tt0465624,5
user_3,tt0465676,7
user_3,tt0466342,5
user_3,tt0466839,7
user_3,tt0466856,5
user_3,tt0466909,5
user_3,tt0467197,6
user_3,tt0467200,6
user_3,tt0467406,7
user_3,tt0468489,8
user_3,tt0468492,7
user_3,tt0468565,8
user_3,tt0468569,8
user_3,tt0468704,8
user_3,tt0469263,6
user_3,tt0469494,7
user_3,tt0469641,8
user_3,tt0470055,4
user_3,tt0470705,7
user_3,tt0470752,9
user_3,tt0471041,8
user_3,tt0471042,8
user_3,tt0472033,6
user_3,tt0472043,8
user_3,tt0472062,7
user_3,tt0472160,6
user_3,tt0472181,6
user_3,tt0472259,5
user_3,tt0472399,7
user_3,tt0473075,7
user_3,tt0473188,7
user_3,tt0473360,7
user_3,tt0473367,7
user_3,tt0473444,7
user_3,tt0473488,9
user_3,tt0473492,8
user_3,tt0473514,7
user_3,tt0473705,7
user_3,tt0473753,6
user_3,tt0475276,5
user_3,tt0475290,6
user_3,tt0475394,7
user_3,tt0475944,6
user_3,tt0476298,8
user_3,tt0476964,8
user_3,tt0477051,3
user_3,tt0477071,6
user_3,tt0477080,8
user_3,tt0477095,9
user_3,tt0477302,7
user_3,tt0477347,6
user_3,tt0477348,9
user_3,tt0478087,5
user_3,tt0478134,7
user_3,tt0478304,8
user_3,tt0478311,7
user_3,tt0478970,7
user_3,tt0478976,4
user_3,tt0479143,7
user_3,tt0479354,8
user_3,tt0479537,6
user_3,tt0479751,9
user_3,tt0479884,9
user_3,tt0479952,5
user_3,tt0479997,6
user_3,tt0480025,7
user_3,tt0480242,7
user_3,tt0480249,8
user_3,tt0480255,6
user_3,tt0480271,3
user_3,tt0480687,4
user_3,tt0481141,8
user_3,tt0481369,6
user_3,tt0481499,7
user_3,tt0481536,6
user_3,tt0482571,9
user_3,tt0482572,6
user_3,tt0482606,6
user_3,tt0482629,9
user_3,tt0483577,5
user_3,tt0484562,5
user_3,tt0484840,8
user_3,tt0485061,6
user_3,tt0485241,8
user_3,tt0485272,7
user_3,tt0485601,9
user_3,tt0485851,6
user_3,tt0485947,8
user_3,tt0486028,6
user_3,tt0486321,6
user_3,tt0486551,6
user_3,tt0486576,7
user_3,tt0486583,6
user_3,tt0486652,5
user_3,tt0486655,8
user_3,tt0486674,6
user_3,tt0486822,6
user_3,tt0486946,7
user_3,tt0487928,4
user_3,tt0488120,8
user_3,tt0488658,7
user_3,tt0489099,6
user_3,tt0489237,7
user_3,tt0489270,5
user_3,tt0490076,5
user_3,tt0490084,6
user_3,tt0490204,7
user_3,tt0490215,8
user_3,tt0491152,6
user_3,tt0491175,5
user_3,tt0491747,7
user_3,tt0492956,7
user_3,tt0493264,6
user_3,tt0493389,5
user_3,tt0493464,7
user_3,tt0493949,7
user_3,tt0494222,5
user_3,tt0494746,5
user_3,tt0495034,8
user_3,tt0495596,6
user_3,tt0496806,6
user_3,tt0497137,5
user_3,tt0497465,9
user_3,tt0497972,6
user_3,tt0498353,5
user_3,tt0498380,10
user_3,tt0498381,4
user_3,tt0498399,6
user_3,tt0499448,6
user_3,tt0499549,10
user_3,tt0499554,6
user_3,tt0499556,7
user_3,tt0756683,7
user_3,tt0758730,5
user_3,tt0758742,8
user_3,tt0758746,6
user_3,tt0758752,7
user_3,tt0758758,9
user_3,tt0758762,3
user_3,tt0758766,7
user_3,tt0758774,7
user_3,tt0758794,6
user_3,tt0760311,7
user_3,tt0762073,7
user_3,tt0762107,4
user_3,tt0763831,6
user_3,tt0765010,6
user_3,tt0765429,10
user_3,tt0765443,6
user_3,tt0765446,5
user_3,tt0765476,5
user_3,tt0770703,6
user_3,tt0770828,7
user_3,tt0777962,8
user_3,tt0780504,9
user_3,tt0780521,7
user_3,tt0780536,10
user_3,tt0780568,6
user_3,tt0780571,7
user_3,tt0780607,5
user_3,tt0780653,5
user_3,tt0783233,7
user_3,tt0783640,8
user_3,tt0785035,6
user_3,tt0787475,6
user_3,tt0790628,3
user_3,tt0790636,9
user_3,tt0790686,6
user_3,tt0790724,6
user_3,tt0790736,7
user_3,tt0794272,8
user_3,tt0795351,7
user_3,tt0795368,7
user_3,tt0795421,6
user_3,tt0795461,5
user_3,tt0796366,10
user_3,tt0798817,7
user_3,tt0799934,6
user_3,tt0799949,3
user_3,tt0800003,3
user_3,tt0800027,7
user_3,tt0800039,7
user_3,tt0800069,4
user_3,tt0800080,7
user_3,tt0800308,7
user_3,tt0800320,7
user_3,tt0800369,7
user_3,tt0801344,6
user_3,tt0803061,8
user_3,tt0803096,7
user_3,tt0804461,6
user_3,tt0804497,8
user_3,tt0804516,6
user_3,tt0805564,7
user_3,tt0808151,8
user_3,tt0808357,7
user_3,tt0808399,5
user_3,tt0808417,10
user_3,tt0808506,8
user_3,tt0810089,9
user_3,tt0810819,7
user_3,tt0810827,5
user_3,tt0810913,4
user_3,tt0810922,6
user_3,tt0811066,7
user_3,tt0811080,8
user_3,tt0811138,6
user_3,tt0814022,5
user_3,tt0814255,5
user_3,tt0814314,8
user_3,tt0815236,6
user_3,tt0815245,8
user_3,tt0816442,8
user_3,tt0816462,5
user_3,tt0816692,8
user_3,tt0816711,7
user_3,tt0817177,7
user_3,tt0817228,4
user_3,tt0817230,5
user_3,tt0818165,5
user_3,tt0821640,7
user_3,tt0822832,6
user_3,tt0822847,7
user_3,tt0822854,7
user_3,tt0824747,8
user_3,tt0825232,7
user_3,tt0829150,7
user_3,tt0829297,9
user_3,tt0829482,8
user_3,tt0830515,4
user_3,tt0830570,7
user_3,tt0831387,6
user_3,tt0831884,7
user_3,tt0831887,4
user_3,tt0832266,6
user_3,tt0834001,7
user_3,tt0837562,6
user_3,tt0837563,5
user_3,tt0838221,8
user_3,tt0838232,6
user_3,tt0838247,8
user_3,tt0838283,8
user_3,tt0839980,6
user_3,tt0840322,8
user_3,tt0840361,8
user_3,tt0841046,5
user_3,tt0842926,8
user_3,tt0843302,8
user_3,tt0844286,8
user_3,tt0844471,6
user_3,tt0844479,6
user_3,tt0845046,8
user_3,tt0848228,8
user_3,tt0848537,7
user_3,tt0848538,5
user_3,tt0848557,5
user_3,tt0852713,6
user_3,tt0857191,7
user_3,tt0857265,8
user_3,tt0859163,5
user_3,tt0861689,6
user_3,tt0861739,8
user_3,tt0862467,6
user_3,tt0862846,5
user_3,tt0862856,5
user_3,tt0864761,6
user_3,tt0865556,7
user_3,tt0866439,7
user_3,tt0870111,9
user_3,tt0870984,6
user_3,tt0871426,6
user_3,tt0871510,7
user_3,tt0873886,6
user_3,tt0875034,7
user_3,tt0876563,7
user_3,tt0878804,8
user_3,tt0879870,7
user_3,tt0881320,5
user_3,tt0882977,6
user_3,tt0884328,8
user_3,tt0887883,6
user_3,tt0887912,8
user_3,tt0888019,4
user_3,tt0889573,7
user_3,tt0889583,6
user_3,tt0890870,6
user_3,tt0892255,8
user_3,tt0892318,7
user_3,tt0892769,9
user_3,tt0892782,8
user_3,tt0892791,6
user_3,tt0893509,3
user_3,tt0896534,7
user_3,tt0898367,5
user_3,tt0901476,6
user_3,tt0901487,7
user_3,tt0901494,5
user_3,tt0903624,8
user_3,tt0903657,9
user_3,tt0905372,7
user_3,tt0907657,8
user_3,tt0910554,6
user_3,tt0910936,9
user_3,tt0910970,9
user_3,tt0913413,5
user_3,tt0913425,6
user_3,tt0913968,8
user_3,tt0914798,6
user_3,tt0914863,8
user_3,tt0918927,9
user_3,tt0918940,5
user_3,tt0926063,7
user_3,tt0926084,7
user_3,tt0929632,6
user_3,tt0936501,10
user_3,tt0938283,6
user_3,tt0940656,7
user_3,tt0942385,7
user_3,tt0944835,7
user_3,tt0945513,7
user_3,tt0945553,5
user_3,tt0947798,9
user_3,tt0947810,6
user_3,tt0948470,8
user_3,tt0949731,3
user_3,tt0950739,5
user_3,tt0952640,5
user_3,tt0955308,7
user_3,tt0959337,8
user_3,tt0960144,5
user_3,tt0960731,6
user_3,tt0960741,6
user_3,tt0961108,7
user_3,tt0962726,5
user_3,tt0963966,7
user_3,tt0964517,8
user_3,tt0964539,5
user_3,tt0970179,8
user_3,tt0970411,8
user_3,tt0970416,4
user_3,tt0970452,5
user_3,tt0970866,5
user_3,tt0971209,9
user_3,tt0972544,8
user_3,tt0974015,8
user_3,tt0974613,4
user_3,tt0974661,7
user_3,tt0976051,7
user_3,tt0978762,7
user_3,tt0978764,7
user_3,tt0980970,6
user_3,tt0982922,9
user_3,tt0983193,8
user_3,tt0985694,5
user_3,tt0985699,7
user_3,tt0986233,8
user_3,tt0986263,7
user_3,tt0986264,10
user_3,tt0988043,6
user_3,tt0988045,6
user_3,tt0988047,8
user_3,tt0988595,8
user_3,tt0989757,6
user_3,tt0990407,5
user_3,tt0992911,6
user_3,tt0993789,8
user_3,tt0993842,7
user_3,tt0993846,8
user_3,tt0995039,7
user_3,tt0995740,6
user_3,tt0995829,8
user_3,tt0997047,4
user_3,tt1000095,5
user_3,tt1000774,6
user_3,tt1001508,7
user_3,tt1001526,8
user_3,tt10055770,7
user_3,tt1007028,6
user_3,tt1007029,6
user_3,tt1010048,8
user_3,tt1012729,6
user_3,tt1013743,6
user_3,tt1013752,8
user_3,tt1013753,8
user_3,tt1014759,6
user_3,tt1017460,7
user_3,tt1019452,8
user_3,tt1020530,6
user_3,tt1020558,6
user_3,tt1022603,7
user_3,tt1023111,8
user_3,tt1023114,10
user_3,tt1023481,7
user_3,tt1023500,6
user_3,tt1024255,7
user_3,tt1024648,7
user_3,tt1024715,5
user_3,tt1027718,8
user_3,tt1028528,7
user_3,tt1028532,9
user_3,tt1029231,3
user_3,tt1029234,5
user_3,tt1031969,7
user_3,tt1032755,7
user_3,tt1032825,6
user_3,tt1032846,7
user_3,tt1033575,8
user_3,tt1033643,5
user_3,tt1034032,4
user_3,tt1034303,7
user_3,tt1034314,5
user_3,tt1034331,7
user_3,tt1035736,8
user_3,tt1037218,8
user_3,tt1037705,8
user_3,tt1038686,7
user_3,tt1038902,4
user_3,tt1038919,4
user_3,tt1038988,9
user_3,tt1041829,8
user_3,tt1045658,9
user_3,tt1045670,7
user_3,tt1045778,4
user_3,tt1046173,8
user_3,tt1046997,4
user_3,tt1047540,6
user_3,tt1047660,6
user_3,tt1049405,5
user_3,tt1049413,9
user_3,tt10515086,9
user_3,tt1051904,4
user_3,tt1051906,8
user_3,tt10519182,5
user_3,tt1053424,9
user_3,tt1054115,4
user_3,tt1054606,5
user_3,tt1055292,6
user_3,tt1055369,8
user_3,tt1057500,6
user_3,tt1058017,6
user_3,tt1059786,8
user_3,tt1059836,7
user_3,tt1059969,7
user_3,tt1060277,9
user_3,tt1063669,7
user_3,tt1064931,6
user_3,tt1065073,8
user_3,tt1065124,8
user_3,tt1067106,8
user_3,tt1067583,8
user_3,tt1067774,7
user_3,tt1068242,5
user_3,tt1068664,8
user_3,tt1068680,8
user_3,tt1071875,3
user_3,tt1073498,4
user_3,tt1074638,7
user_3,tt1075110,9
user_3,tt1075417,6
user_3,tt1077258,8
user_3,tt1077368,5
user_3,tt1078588,7
user_3,tt1078912,6
user_3,tt1078940,6
user_3,tt1080016,8
user_3,tt10817348,7
user_3,tt1081929,7
user_3,tt1082807,6
user_3,tt1082868,6
user_3,tt1082886,7
user_3,tt1083452,8
user_3,tt1083456,7
user_3,tt1084972,5
user_3,tt1085492,6
user_3,tt1086772,6
user_3,tt1087527,6
user_3,tt1091191,7
user_3,tt1091722,6
user_3,tt1092026,6
user_3,tt1092634,5
user_3,tt1093370,9
user_3,tt1093908,7
user_3,tt10944744,3
user_3,tt1095217,9
user_3,tt10964430,7
user_3,tt1098327,1
user_3,tt1099212,5
user_3,tt1100089,6
user_3,tt1101654,5
user_3,tt1103153,8
user_3,tt1104001,7
user_3,tt1104733,6
user_3,tt1106860,7
user_3,tt1109624,8
user_3,tt1111422,7
user_3,tt1114690,8
user_3,tt1114740,7
user_3,tt1117385,8
user_3,tt1119646,10
user_3,tt1120985,8
user_3,tt1121096,5
user_3,tt1121931,6
user_3,tt11231440,8
user_3,tt1124035,7
user_3,tt1124037,7
user_3,tt1125849,8
user_3,tt1126590,7
user_3,tt1126591,8
user_3,tt1127180,5
user_3,tt1129442,6
user_3,tt1130080,6
user_3,tt1130884,8
user_3,tt1130981,7
user_3,tt1130988,10
user_3,tt11316824,7
user_3,tt1131729,6
user_3,tt1131734,6
user_3,tt1132620,7
user_3,tt1132626,4
user_3,tt1133985,4
user_3,tt1135503,6
user_3,tt1135525,5
user_3,tt1135985,5
user_3,tt1136608,9
user_3,tt1137450,9
user_3,tt1139328,6
user_3,tt1139797,7
user_3,tt1142977,7
user_3,tt1142988,7
user_3,tt1144551,7
user_3,tt1144884,4
user_3,tt1148204,8
user_3,tt1149361,7
user_3,tt1149362,8
user_3,tt1151359,7
user_3,tt1152398,6
user_3,tt1152836,7
user_3,tt1155056,8
user_3,tt1155076,6
user_3,tt1156398,6
user_3,tt1160524,5
user_3,tt1160996,5
user_3,tt1161864,6
user_3,tt1164999,7
user_3,tt1170358,8
user_3,tt1171701,8
user_3,tt1172049,7
user_3,tt1172233,8
user_3,tt1172570,8
user_3,tt1172991,8
user_3,tt1172998,7
user_3,tt1174732,7
user_3,tt1175709,5
user_3,tt1179031,7
user_3,tt1179034,6
user_3,tt1179056,5
user_3,tt1179904,3
user_3,tt1179933,7
user_3,tt1181791,6
user_3,tt1182345,9
user_3,tt1183251,7
user_3,tt1183489,3
user_3,tt1183907,8
user_3,tt1183946,8
user_3,tt1185416,4
user_3,tt1185442,4
user_3,tt1185834,7
user_3,tt1187043,9
user_3,tt1187064,7
user_3,tt1188729,7
user_3,tt1188996,8
user_3,tt1189073,7
user_3,tt1189340,5
user_3,tt1190080,7
user_3,tt1190539,7
user_3,tt1192628,6
user_3,tt1193138,8
user_3,tt1193631,8
user_3,tt1194173,6
user_3,tt1195478,8
user_3,tt1196134,4
user_3,tt1196948,7
user_3,tt1196956,7
user_3,tt1197624,8
user_3,tt1201167,7
user_3,tt1201607,6
user_3,tt1204340,9
user_3,tt1204342,8
user_3,tt1204975,7
user_3,tt1205489,9
user_3,tt1205537,7
user_3,tt1205558,6
user_3,tt1205918,6
user_3,tt1206543,8
user_3,tt1210042,6
user_3,tt1210166,8
user_3,tt1210819,6
user_3,tt1211837,7
user_3,tt1211956,6
user_3,tt1212419,8
user_3,tt1212428,6
user_3,tt1212450,7
user_3,tt1213012,5
user_3,tt1213641,8
user_3,tt1213644,2
user_3,tt1213663,7
user_3,tt1213929,4
user_3,tt1214962,6
user_3,tt1216475,8
user_3,tt1216492,8
user_3,tt1217209,8
user_3,tt1217613,5
user_3,tt1219289,8
user_3,tt1219342,6
user_3,tt1219827,8
user_3,tt1220198,6
user_3,tt1220634,6
user_3,tt1220719,8
user_3,tt1225822,6
user_3,tt1226229,5
user_3,tt1226232,7
user_3,tt1226240,7
user_3,tt1226271,7
user_3,tt1226273,6
user_3,tt1226681,6
user_3,tt1226837,6
user_3,tt1228705,7
user_3,tt1228987,6
user_3,tt1229238,6
user_3,tt1229340,6
user_3,tt1229404,4
user_3,tt1229822,5
user_3,tt1230165,8
user_3,tt1230414,6
user_3,tt1230448,7
user_3,tt1231580,6
user_3,tt1231583,7
user_3,tt1231587,7
user_3,tt1232776,8
user_3,tt1232783,5
user_3,tt1232829,8
user_3,tt1233227,7
user_3,tt1233301,9
user_3,tt1234548,5
user_3,tt1234654,6
user_3,tt1234719,6
user_3,tt1234721,8
user_3,tt1235124,6
user_3,tt1235522,5
user_3,tt1235841,6
user_3,tt1239426,7
user_3,tt1240982,5
user_3,tt1241017,5
user_3,tt1241317,4
user_3,tt1242422,7
user_3,tt1242432,4
user_3,tt1242460,7
user_3,tt1242530,4
user_3,tt1243957,8
user_3,tt1243974,5
user_3,tt1244659,6
user_3,tt1245112,8
user_3,tt1245492,6
user_3,tt1245526,7
user_3,tt1247640,6
user_3,tt1247662,6
user_3,tt12491064,5
user_3,tt1250777,10
user_3,tt1253863,7
user_3,tt1253864,7
user_3,tt1255953,8
user_3,tt1258120,6
user_3,tt1258197,6
user_3,tt1258972,5
user_3,tt1259521,7
user_3,tt1259528,5
user_3,tt1259571,5
user_3,tt12607910,6
user_3,tt1261945,4
user_3,tt1262416,6
user_3,tt1262981,5
user_3,tt1263670,8
user_3,tt1266037,7
user_3,tt1267297,6
user_3,tt1270262,9
user_3,tt1270761,6
user_3,tt1270797,7
user_3,tt1270798,7
user_3,tt1272012,9
user_3,tt1272878,7
user_3,tt1273235,5
user_3,tt1273678,7
user_3,tt1274296,9
user_3,tt1276104,9
user_3,tt1277737,10
user_3,tt1277953,6
user_3,tt1278180,7
user_3,tt1278340,6
user_3,tt1279935,6
user_3,tt1280558,7
user_3,tt1282140,7
user_3,tt1284575,5
user_3,tt1285009,4
user_3,tt1285016,6
user_3,tt1285144,7
user_3,tt1285241,7
user_3,tt1288558,8
user_3,tt1289401,6
user_3,tt1289406,8
user_3,tt1291150,7
user_3,tt1291465,9
user_3,tt1291570,6
user_3,tt1291584,9
user_3,tt1291652,6
user_3,tt1292566,6
user_3,tt1292652,6
user_3,tt1293847,5
user_3,tt1294226,6
user_3,tt1294688,6
user_3,tt1295072,6
user_3,tt1297919,6
user_3,tt1298649,5
user_3,tt1298650,5
user_3,tt1300854,8
user_3,tt1302006,7
user_3,tt1302011,9
user_3,tt1302067,4
user_3,tt1303828,7
user_3,tt1305806,8
user_3,tt1306980,7
user_3,tt1307068,8
user_3,tt1308728,7
user_3,tt1313092,6
user_3,tt1314655,7
user_3,tt1315981,9
user_3,tt1318514,7
user_3,tt1319694,9
user_3,tt1320239,8
user_3,tt1320253,7
user_3,tt1321509,6
user_3,tt1321860,8
user_3,tt1321870,8
user_3,tt1323594,9
user_3,tt1324999,4
user_3,tt1325004,6
user_3,tt1327035,7
user_3,tt1327194,6
user_3,tt1327773,9
user_3,tt1327833,6
user_3,tt1331291,6
user_3,tt1332134,8
user_3,tt1333125,4
user_3,tt1334102,6
user_3,tt1334260,6
user_3,tt1334553,6
user_3,tt1335975,6
user_3,tt1339302,6
user_3,tt1340123,8
user_3,tt1340138,6
user_3,tt1340773,5
user_3,tt1340800,7
user_3,tt1341167,8
user_3,tt1341188,5
user_3,tt1343092,6
user_3,tt1343727,7
user_3,tt1345777,7
user_3,tt1345836,10
user_3,tt1351685,6
user_3,tt1355630,5
user_3,tt1355631,9
user_3,tt1355644,7
user_3,tt1355683,6
user_3,tt1360860,8
user_3,tt1363140,7
user_3,tt1365050,9
user_3,tt1365474,9
user_3,tt1365519,4
user_3,tt1366344,5
user_3,tt1368491,8
user_3,tt1371111,7
user_3,tt1371150,6
user_3,tt1371630,7
user_3,tt1374989,6
user_3,tt1375666,9
user_3,tt1375670,7
user_3,tt1379182,9
user_3,tt1385826,7
user_3,tt1385867,5
user_3,tt1386588,7
user_3,tt1386697,5
user_3,tt1386703,6
user_3,tt1386925,5
user_3,tt1386932,9
user_3,tt1389072,4
user_3,tt1389137,8
user_3,tt1390411,8
user_3,tt1391544,7
user_3,tt1392170,10
user_3,tt1392190,6
user_3,tt1392214,7
user_3,tt1396218,5
user_3,tt1396484,7
user_3,tt1397280,7
user_3,tt1397514,6
user_3,tt1398426,9
user_3,tt1399103,6
user_3,tt1399683,7
user_3,tt1401152,7
user_3,tt1403177,8
user_3,tt1403865,7
user_3,tt1403981,6
user_3,tt1408101,7
user_3,tt1408253,7
user_3,tt1409024,6
user_3,tt1411238,5
user_3,tt1411250,7
user_3,tt1411697,7
user_3,tt1412386,8
user_3,tt1412528,6
user_3,tt1415283,7
user_3,tt1418377,6
user_3,tt1424381,8
user_3,tt1428538,7
user_3,tt1430132,9
user_3,tt1430607,7
user_3,tt1431045,9
user_3,tt1431181,7
user_3,tt1431326,5
user_3,tt1433108,7
user_3,tt1435513,8
user_3,tt1436562,6
user_3,tt1437358,7
user_3,tt1438176,7
user_3,tt1438254,5
user_3,tt1438535,5
user_3,tt1440129,7
user_3,tt1440292,7
user_3,tt1440728,6
user_3,tt1440732,4
user_3,tt1441326,7
user_3,tt1441395,6
user_3,tt1441951,8
user_3,tt1441952,7
user_3,tt1442576,5
user_3,tt1446192,8
user_3,tt1446714,8
user_3,tt1447508,7
user_3,tt1448755,8
user_3,tt1449283,7
user_3,tt1450140,6
user_3,tt1450321,8
user_3,tt1453405,7
user_3,tt1454029,7
user_3,tt1454468,7
user_3,tt1456472,7
user_3,tt1456635,8
user_3,tt1457767,8
user_3,tt1458175,6
user_3,tt1462041,5
user_3,tt1462758,7
user_3,tt1462900,6
user_3,tt1464540,5
user_3,tt1465522,7
user_3,tt1466054,7
user_3,tt1467304,3
user_3,tt1468843,6
user_3,tt1469304,5
user_3,tt1470827,7
user_3,tt1477076,7
user_3,tt1477834,8
user_3,tt1478338,7
user_3,tt1478839,9
user_3,tt1478964,8
user_3,tt1481572,5
user_3,tt1482459,5
user_3,tt1483013,7
user_3,tt1483020,8
user_3,tt1485796,7
user_3,tt1486185,5
user_3,tt1486192,6
user_3,tt1486834,8
user_3,tt1488555,7
user_3,tt1488606,6
user_3,tt1489889,7
user_3,tt1490017,7
user_3,tt1496025,7
user_3,tt1499658,7
user_3,tt1502397,5
user_3,tt1502404,5
user_3,tt1502407,5
user_3,tt1502712,2
user_3,tt1504320,8
user_3,tt1506999,8
user_3,tt1509767,6
user_3,tt1512235,8
user_3,tt1515091,7
user_3,tt1517260,6
user_3,tt1517451,10
user_3,tt1523583,6
user_3,tt1523979,8
user_3,tt1524137,6
user_3,tt1524930,8
user_3,tt1526578,8
user_3,tt1527186,7
user_3,tt1528071,9
user_3,tt1528100,7
user_3,tt1528313,5
user_3,tt1528813,8
user_3,tt1528854,7
user_3,tt1529572,7
user_3,tt1532503,7
user_3,tt1533817,5
user_3,tt1535108,7
user_3,tt1535109,6
user_3,tt1535612,4
user_3,tt1535616,5
user_3,tt1536044,6
user_3,tt1536537,6
user_3,tt1538403,6
user_3,tt1540011,4
user_3,tt1540128,5
user_3,tt1542344,7
user_3,tt1542768,6
user_3,tt1545759,7
user_3,tt1547234,7
user_3,tt1548635,3
user_3,tt1549572,8
user_3,tt1549920,6
user_3,tt1552211,5
user_3,tt1554091,10
user_3,tt1560139,7
user_3,tt1560220,7
user_3,tt1560747,8
user_3,tt1560970,5
user_3,tt1560993,5
user_3,tt1562871,6
user_3,tt1563738,9
user_3,tt1564349,7
user_3,tt1564367,6
user_3,tt1564585,5
user_3,tt1567448,6
user_3,tt1567609,8
user_3,tt1568338,6
user_3,tt1568346,8
user_3,tt1568911,9
user_3,tt1568921,9
user_3,tt1570728,7
user_3,tt1571222,6
user_3,tt1571234,6
user_3,tt1571408,3
user_3,tt1572311,3
user_3,tt1572315,5
user_3,tt1575694,7
user_3,tt1578116,8
user_3,tt1582507,7
user_3,tt1583420,6
user_3,tt1583421,4
user_3,tt1584941,6
user_3,tt1586265,5
user_3,tt1586752,8
user_3,tt1587310,6
user_3,tt1588170,7
user_3,tt1588173,7
user_3,tt1588895,7
user_3,tt1590193,8
user_3,tt1591095,6
user_3,tt1591479,7
user_3,tt1592525,7
user_3,tt1592873,4
user_3,tt1596343,9
user_3,tt1596345,7
user_3,tt1596346,8
user_3,tt1596350,7
user_3,tt1596363,9
user_3,tt1596365,6
user_3,tt1598778,5
user_3,tt1598822,6
user_3,tt1598828,5
user_3,tt1599348,7
user_3,tt1600195,2
user_3,tt1600196,7
user_3,tt1601913,6
user_3,tt1602613,5
user_3,tt1602620,7
user_3,tt1603471,7
user_3,tt1605630,6
user_3,tt1605717,7
user_3,tt1605783,9
user_3,tt1606180,6
user_3,tt1606378,6
user_3,tt1606389,9
user_3,tt1609168,9
user_3,tt1611224,5
user_3,tt1614989,8
user_3,tt1615065,7
user_3,tt1615147,8
user_3,tt1615160,5
user_3,tt1615918,5
user_3,tt1616195,6
user_3,tt1617661,6
user_3,tt1618434,5
user_3,tt1619029,6
user_3,tt1619037,7
user_3,tt1620604,7
user_3,tt1620680,4
user_3,tt1620719,8
user_3,tt1620935,8
user_3,tt1622547,5
user_3,tt1622979,6
user_3,tt1623205,5
user_3,tt1623288,7
user_3,tt1623780,5
user_3,tt1625346,7
user_3,tt1626146,6
user_3,tt1628841,5
user_3,tt1629284,9
user_3,tt1629443,7
user_3,tt1631867,8
user_3,tt1632708,6
user_3,tt1633356,5
user_3,tt1634106,5
user_3,tt1634122,7
user_3,tt1636826,7
user_3,tt1637688,6
user_3,tt1637725,6
user_3,tt1638002,6
user_3,tt1638355,7
user_3,tt1639426,6
user_3,tt1641638,7
user_3,tt1645155,6
user_3,tt1645170,6
user_3,tt1646971,8
user_3,tt1646987,6
user_3,tt1648112,6
user_3,tt1648179,5
user_3,tt1648190,6
user_3,tt1648208,5
user_3,tt1649419,7
user_3,tt1650042,6
user_3,tt1650043,6
user_3,tt1650062,7
user_3,tt1650554,9
user_3,tt1653665,7
user_3,tt1655420,7
user_3,tt1655441,8
user_3,tt1655442,8
user_3,tt1656186,6
user_3,tt1656190,6
user_3,tt1656192,6
user_3,tt1657507,7
user_3,tt1659337,9
user_3,tt1661199,7
user_3,tt1661382,8
user_3,tt1663202,8
user_3,tt1663662,7
user_3,tt1666801,7
user_3,tt1667076,4
user_3,tt1667310,8
user_3,tt1667353,6
user_3,tt1667889,7
user_3,tt1670345,8
user_3,tt1672078,7
user_3,tt1673434,6
user_3,tt1674771,8
user_3,tt1675192,6
user_3,tt1675434,8
user_3,tt1677720,9
user_3,tt1679335,7
user_3,tt1680133,4
user_3,tt1682180,7
user_3,tt1682940,3
user_3,tt1686039,6
user_3,tt1686069,7
user_3,tt1687901,6
user_3,tt1690455,7
user_3,tt1690470,7
user_3,tt1690545,5
user_3,tt1690953,8
user_3,tt1691916,6
user_3,tt1691920,6
user_3,tt1692486,5
user_3,tt1692504,6
user_3,tt1694020,4
user_3,tt1694542,7
user_3,tt1700841,7
user_3,tt1701990,7
user_3,tt1702439,8
user_3,tt1703199,7
user_3,tt1704137,6
user_3,tt1706433,6
user_3,tt1706593,7
user_3,tt1706620,7
user_3,tt1707386,6
user_3,tt1707392,3
user_3,tt1712261,5
user_3,tt1714203,3
user_3,tt1714206,8
user_3,tt1714878,5
user_3,tt1714915,8
user_3,tt1716772,7
user_3,tt1716777,6
user_3,tt1717152,5
user_3,tt1720616,5
user_3,tt1723121,8
user_3,tt1723811,7
user_3,tt1725986,5
user_3,tt1726592,7
user_3,tt1726669,6
user_3,tt1727388,7
user_3,tt1727770,7
user_3,tt1727824,8
user_3,tt1729637,7
user_3,tt1731141,6
user_3,tt1735485,8
user_3,tt1735898,5
user_3,tt1741243,6
user_3,tt1742044,6
user_3,tt1742334,8
user_3,tt1748122,7
user_3,tt1748179,7
user_3,tt1748260,8
user_3,tt1753383,7
user_3,tt1754656,8
user_3,tt1758610,8
user_3,tt1758692,8
user_3,tt1758810,3
user_3,tt1758830,6
user_3,tt1760967,9
user_3,tt1763303,8
user_3,tt1764234,6
user_3,tt1764651,5
user_3,tt1770734,6
user_3,tt1772250,6
user_3,tt1772341,6
user_3,tt1777034,8
user_3,tt1778304,7
user_3,tt1781769,7
user_3,tt1783232,7
user_3,tt1783732,8
user_3,tt1788391,7
user_3,tt1790809,8
user_3,tt1790864,6
user_3,tt1790885,6
user_3,tt1790886,7
user_3,tt1791528,5
user_3,tt1798684,7
user_3,tt1798709,8
user_3,tt1800241,8
user_3,tt1800246,7
user_3,tt1800302,8
user_3,tt1800741,7
user_3,tt1806913,7
user_3,tt1807950,8
user_3,tt1808197,9
user_3,tt1809398,6
user_3,tt1810697,7
user_3,tt1815862,5
user_3,tt1817273,9
user_3,tt1821426,7
user_3,tt1821549,7
user_3,tt1821680,7
user_3,tt1821694,6
user_3,tt1823672,7
user_3,tt1825683,6
user_3,tt1832382,7
user_3,tt1833844,5
user_3,tt1838544,7
user_3,tt1838722,4
user_3,tt1839492,5
user_3,tt1840309,7
user_3,tt1840417,7
user_3,tt1843866,9
user_3,tt1844628,4
user_3,tt1846589,7
user_3,tt1850457,5
user_3,tt1853728,8
user_3,tt1853739,6
user_3,tt1854564,6
user_3,tt1855199,7
user_3,tt1855325,4
user_3,tt1856101,9
user_3,tt1859446,6
user_3,tt1859650,5
user_3,tt1860213,7
user_3,tt1860242,7
user_3,tt1860353,6
user_3,tt1860357,9
user_3,tt1862079,5
user_3,tt1865505,8
user_3,tt1872181,8
user_3,tt1872194,8
user_3,tt1872818,8
user_3,tt1877832,8
user_3,tt1878870,9
user_3,tt1881002,6
user_3,tt1893256,7
user_3,tt1895315,6
user_3,tt1895587,8
user_3,tt1896788,8
user_3,tt1899285,5
user_3,tt1899353,8
user_3,tt1900908,7
user_3,tt1904996,6
user_3,tt1905040,5
user_3,tt1905041,7
user_3,tt1907668,7
user_3,tt1911607,7
user_3,tt1911644,7
user_3,tt1911658,7
user_3,tt1912398,8
user_3,tt1915581,7
user_3,tt1920849,6
user_3,tt1921064,6
user_3,tt1922685,8
user_3,tt1922777,7
user_3,tt1924396,9
user_3,tt1924429,8
user_3,tt1924435,6
user_3,tt1930463,7
user_3,tt1931435,5
user_3,tt1931533,10
user_3,tt1932767,6
user_3,tt1935179,9
user_3,tt1935859,6
user_3,tt1937390,7
user_3,tt1939659,6
user_3,tt1945062,5
user_3,tt1950186,7
user_3,tt1951261,6
user_3,tt1951264,9
user_3,tt1951265,7
user_3,tt1951266,7
user_3,tt1954258,9
user_3,tt1954470,7
user_3,tt1956620,5
user_3,tt1959332,6
user_3,tt1959490,5
user_3,tt1959563,7
user_3,tt1964418,6
user_3,tt1967614,8
user_3,tt1971352,8
user_3,tt1972591,6
user_3,tt1972779,7
user_3,tt1974419,4
user_3,tt1976000,7
user_3,tt1976009,8
user_3,tt1976989,6
user_3,tt1979320,10
user_3,tt1979376,8
user_3,tt1979388,7
user_3,tt1980209,6
user_3,tt1980929,8
user_3,tt1981115,7
user_3,tt1981128,7
user_3,tt1981677,8
user_3,tt1985949,5
user_3,tt1985966,9
user_3,tt1987680,8
user_3,tt1990314,7
user_3,tt1991245,4
user_3,tt1999910,7
user_3,tt2002718,5
user_3,tt2004420,5
user_3,tt2005151,8
user_3,tt2015381,9
user_3,tt2017020,5
user_3,tt2017038,6
user_3,tt2023587,7
user_3,tt2024432,5
user_3,tt2024469,5
user_3,tt2024519,8
user_3,tt2024544,7
user_3,tt2025690,7
user_3,tt2027140,7
user_3,tt2034800,6
user_3,tt2039393,5
user_3,tt2040578,5
user_3,tt2042568,9
user_3,tt2051941,9
user_3,tt2053425,9
user_3,tt2053463,8
user_3,tt2059255,7
user_3,tt2066051,7
user_3,tt2070776,6
user_3,tt2070862,7
user_3,tt2071500,5
user_3,tt2071550,7
user_3,tt2072233,6
user_3,tt2080374,9
user_3,tt2082197,7
user_3,tt2083383,7
user_3,tt2084970,8
user_3,tt2094766,4
user_3,tt2096672,5
user_3,tt2096673,9
user_3,tt2101441,6
user_3,tt2101569,8
user_3,tt2103254,6
user_3,tt2103281,6
user_3,tt2106361,6
user_3,tt2106476,7
user_3,tt2106651,7
user_3,tt2109184,5
user_3,tt2109248,5
user_3,tt2112131,6
user_3,tt2112210,5
user_3,tt2118624,6
user_3,tt2119532,8
user_3,tt2120120,5
user_3,tt2121382,8
user_3,tt2123129,8
user_3,tt2125435,7
user_3,tt2126355,6
user_3,tt2126357,7
user_3,tt2131532,6
user_3,tt2132285,7
user_3,tt2139555,6
user_3,tt2140373,8
user_3,tt2140379,8
user_3,tt2140479,8
user_3,tt2140619,8
user_3,tt2142711,6
user_3,tt2170439,6
user_3,tt2170593,8
user_3,tt2172071,6
user_3,tt2172934,6
user_3,tt2177771,6
user_3,tt2179116,6
user_3,tt2179121,8
user_3,tt2179136,7
user_3,tt2180411,8
user_3,tt2184339,5
user_3,tt2187153,7
user_3,tt2191701,8
user_3,tt2193215,4
user_3,tt2194499,7
user_3,tt2198241,5
user_3,tt2199571,6
user_3,tt2199711,8
user_3,tt2203939,7
user_3,tt2204243,7
user_3,tt2205697,7
user_3,tt2209418,8
user_3,tt2209764,6
user_3,tt2215285,7
user_3,tt2215457,4
user_3,tt2223990,7
user_3,tt2224026,7
user_3,tt2226347,6
user_3,tt2226417,9
user_3,tt2226597,5
user_3,tt2229499,5
user_3,tt2231461,8
user_3,tt2234011,6
user_3,tt2234155,6
user_3,tt2238050,7
user_3,tt2239822,7
user_3,tt2241351,9
user_3,tt2244901,6
user_3,tt2245084,7
user_3,tt2245544,9
user_3,tt2250912,7
user_3,tt2251281,5
user_3,tt2261331,7
user_3,tt2262227,7
user_3,tt2265171,7
user_3,tt2265398,8
user_3,tt2267968,8
user_3,tt2267998,7
user_3,tt2268016,7
user_3,tt2268458,9
user_3,tt2273657,5
user_3,tt2274648,3
user_3,tt2275813,6
user_3,tt2275946,6
user_3,tt2277860,8
user_3,tt2278388,8
user_3,tt2278871,8
user_3,tt2279339,8
user_3,tt2281159,5
user_3,tt2281587,6
user_3,tt2283336,5
user_3,tt2283362,5
user_3,tt2283748,9
user_3,tt2286990,7
user_3,tt2290553,7
user_3,tt2293138,6
user_3,tt2293640,7
user_3,tt2294449,8
user_3,tt2294629,8
user_3,tt2294677,8
user_3,tt2302755,6
user_3,tt2302966,9
user_3,tt2304933,5
user_3,tt2305051,7
user_3,tt2308773,8
user_3,tt2310332,8
user_3,tt2311526,5
user_3,tt2312718,9
user_3,tt2316204,8
user_3,tt2316411,7
user_3,tt2317337,6
user_3,tt2318092,6
user_3,tt2318527,5
user_3,tt2321549,7
user_3,tt2322441,3
user_3,tt2327239,7
user_3,tt2331047,6
user_3,tt2333784,7
user_3,tt2334871,5
user_3,tt2334873,9
user_3,tt2334879,7
user_3,tt2338151,8
user_3,tt2338454,7
user_3,tt2340888,5
user_3,tt2343793,7
user_3,tt2345567,4
user_3,tt2345759,5
user_3,tt2350496,8
user_3,tt2355765,6
user_3,tt2357129,7
user_3,tt2357291,7
user_3,tt2358891,9
user_3,tt2358913,7
user_3,tt2359024,7
user_3,tt2361509,7
user_3,tt2366608,5
user_3,tt2369135,7
user_3,tt2369154,5
user_3,tt2370248,7
user_3,tt2372222,6
user_3,tt2372251,5
user_3,tt2375559,8
user_3,tt2377322,6
user_3,tt2378884,6
user_3,tt2379713,6
user_3,tt2380307,8
user_3,tt2381111,8
user_3,tt2381249,9
user_3,tt2381941,7
user_3,tt2381991,6
user_3,tt2386490,7
user_3,tt2387559,7
user_3,tt2388715,7
user_3,tt2388920,3
user_3,tt2395427,8
user_3,tt2396224,7
user_3,tt2396721,6
user_3,tt2397535,6
user_3,tt2400463,6
user_3,tt2402603,6
user_3,tt2402927,7
user_3,tt2404233,5
user_3,tt2404311,8
user_3,tt2404425,8
user_3,tt2404435,6
user_3,tt2404463,7
user_3,tt2404639,5
user_3,tt2406566,7
user_3,tt2414766,9
user_3,tt2418558,6
user_3,tt2423132,5
user_3,tt2431286,5
user_3,tt2436386,6
user_3,tt2446042,5
user_3,tt2446980,7
user_3,tt2452200,7
user_3,tt2452386,8
user_3,tt2461132,7
user_3,tt2461520,8
user_3,tt2463288,6
user_3,tt2467046,4
user_3,tt2473510,6
user_3,tt2473682,5
user_3,tt2479478,6
user_3,tt2481498,6
user_3,tt2486678,7
user_3,tt2488496,10
user_3,tt2490326,6
user_3,tt2493486,7
user_3,tt2494362,6
user_3,tt2503944,7
user_3,tt2510894,8
user_3,tt2513074,6
user_3,tt2515034,7
user_3,tt2527336,6
user_3,tt2527338,5
user_3,tt2528814,7
user_3,tt2534634,7
user_3,tt2537176,8
user_3,tt2543164,10
user_3,tt2543472,9
user_3,tt2547584,7
user_3,tt2548396,6
user_3,tt2551396,6
user_3,tt2554270,6
user_3,tt2554274,6
user_3,tt2556936,5
user_3,tt2557478,7
user_3,tt2557490,8
user_3,tt2561572,7
user_3,tt2562232,8
user_3,tt2567026,8
user_3,tt2567712,6
user_3,tt2574698,1
user_3,tt2582496,7
user_3,tt2582576,6
user_3,tt2582782,8
user_3,tt2582784,6
user_3,tt2582802,9
user_3,tt2582846,8
user_3,tt2584384,7
user_3,tt2586118,5
user_3,tt2592614,3
user_3,tt2608224,8
user_3,tt2614684,9
user_3,tt2620590,3
user_3,tt2631186,7
user_3,tt2637276,8
user_3,tt2637294,6
user_3,tt2639336,7
user_3,tt2649554,5
user_3,tt2658126,8
user_3,tt2660888,6
user_3,tt2671706,7
user_3,tt2674426,8
user_3,tt2679042,7
user_3,tt2679552,6
user_3,tt2692250,5
user_3,tt2692904,9
user_3,tt2698966,6
user_3,tt2702724,7
user_3,tt2704998,7
user_3,tt2707858,7
user_3,tt2709692,8
user_3,tt2709768,7
user_3,tt2713180,8
user_3,tt2717822,6
user_3,tt2719848,6
user_3,tt2726552,6
user_3,tt2726560,8
user_3,tt2735996,6
user_3,tt2737304,6
user_3,tt2763304,7
user_3,tt2767354,6
user_3,tt2771200,5
user_3,tt2771372,8
user_3,tt2786780,5
user_3,tt2788710,7
user_3,tt2788732,7
user_3,tt2798920,7
user_3,tt2799166,7
user_3,tt2802144,7
user_3,tt2802154,9
user_3,tt2820852,7
user_3,tt2823054,7
user_3,tt2835494,7
user_3,tt2837574,9
user_3,tt2848292,8
user_3,tt2852400,6
user_3,tt2854926,8
user_3,tt2866360,9
user_3,tt2870756,8
user_3,tt2872256,3
user_3,tt2872718,9
user_3,tt2872732,7
user_3,tt2873282,7
user_3,tt2883434,8
user_3,tt2883512,7
user_3,tt2884018,7
user_3,tt2884206,8
user_3,tt2886632,6
user_3,tt2887426,5
user_3,tt2901736,8
user_3,tt2908446,8
user_3,tt2910904,7
user_3,tt2911666,7
user_3,tt2911674,4
user_3,tt2918436,8
user_3,tt2935510,5
user_3,tt2948356,8
user_3,tt2948712,6
user_3,tt2948790,4
user_3,tt2962876,7
user_3,tt2969656,7
user_3,tt2974918,6
user_3,tt2975578,6
user_3,tt2975590,8
user_3,tt2978426,6
user_3,tt2980210,6
user_3,tt2980516,8
user_3,tt2980592,7
user_3,tt2980648,7
user_3,tt2987732,6
user_3,tt2991296,6
user_3,tt2992524,6
user_3,tt3007132,5
user_3,tt3011894,9
user_3,tt3014666,7
user_3,tt3014866,7
user_3,tt3029558,9
user_3,tt3040964,7
user_3,tt3045616,8
user_3,tt3053228,3
user_3,tt3062096,8
user_3,tt3063516,6
user_3,tt3064298,7
user_3,tt3065204,6
user_3,tt3072482,9
user_3,tt3076658,9
user_3,tt3079380,7
user_3,tt3097204,7
user_3,tt3099498,4
user_3,tt3104988,8
user_3,tt3106120,6
user_3,tt3110958,7
user_3,tt3119416,5
user_3,tt3120280,5
user_3,tt3125324,6
user_3,tt3140100,7
user_3,tt3147312,8
user_3,tt3148502,8
user_3,tt3148834,7
user_3,tt3152098,4
user_3,tt3152624,5
user_3,tt3168230,7
user_3,tt3169706,9
user_3,tt3170832,7
user_3,tt3183660,7
user_3,tt3195644,5
user_3,tt3201640,5
user_3,tt3202202,7
user_3,tt3203616,6
user_3,tt3210686,10
user_3,tt3218580,5
user_3,tt3225318,5
user_3,tt3235888,7
user_3,tt3263904,7
user_3,tt3278224,7
user_3,tt3281548,9
user_3,tt3283714,7
user_3,tt3289712,3
user_3,tt3289728,5
user_3,tt3289956,5
user_3,tt3300542,6
user_3,tt3300980,8
user_3,tt3315342,10
user_3,tt3316948,7
user_3,tt3316960,8
user_3,tt3319920,6
user_3,tt3322364,9
user_3,tt3322420,8
user_3,tt3322940,4
user_3,tt3332064,6
user_3,tt3341170,5
user_3,tt3348730,4
user_3,tt3361792,8
user_3,tt3371366,5
user_3,tt3381008,7
user_3,tt3385516,7
user_3,tt3385524,7
user_3,tt3387266,7
user_3,tt3387520,6
user_3,tt3390572,6
user_3,tt3393786,8
user_3,tt3397884,6
user_3,tt3399484,4
user_3,tt3402236,6
user_3,tt3410834,5
user_3,tt3411432,5
user_3,tt3416532,7
user_3,tt3416742,6
user_3,tt3416828,6
user_3,tt3419894,7
user_3,tt3442006,9
user_3,tt3450958,8
user_3,tt3460252,6
user_3,tt3461252,8
user_3,tt3464902,7
user_3,tt3469046,6
user_3,tt3470600,7
user_3,tt3479316,7
user_3,tt3488710,8
user_3,tt3498820,9
user_3,tt3501632,7
user_3,tt3513498,7
user_3,tt3521126,8
user_3,tt3521164,7
user_3,tt3522806,8
user_3,tt3530002,6
user_3,tt3531824,7
user_3,tt3532216,7
user_3,tt3532544,7
user_3,tt3540136,4
user_3,tt3541524,5
user_3,tt3544082,8
user_3,tt3544112,7
user_3,tt3553442,7
user_3,tt3553976,9
user_3,tt3560686,7
user_3,tt3567288,7
user_3,tt3567666,3
user_3,tt3569230,7
user_3,tt3605418,6
user_3,tt3606752,7
user_3,tt3606756,6
user_3,tt3612126,5
user_3,tt3622592,6
user_3,tt3631112,6
user_3,tt3640424,8
user_3,tt3659388,8
user_3,tt3661798,4
user_3,tt3666024,7
user_3,tt3675748,4
user_3,tt3682448,8
user_3,tt3689910,7
user_3,tt3698408,10
user_3,tt3705412,8
user_3,tt3708886,5
user_3,tt3717252,5
user_3,tt3717490,7
user_3,tt3721954,7
user_3,tt3722234,6
user_3,tt3726704,8
user_3,tt3731562,6
user_3,tt3733774,7
user_3,tt3741700,5
user_3,tt3741834,9
user_3,tt3748172,7
user_3,tt3748528,6
user_3,tt3766354,8
user_3,tt3766394,8
user_3,tt3767372,8
user_3,tt3771510,4
user_3,tt3774114,7
user_3,tt3774790,6
user_3,tt3776826,7
user_3,tt3778644,8
user_3,tt3781476,8
user_3,tt3783958,9
user_3,tt3799694,6
user_3,tt3808342,7
user_3,tt3813310,6
user_3,tt3829266,3
user_3,tt3829920,10
user_3,tt3831344,10
user_3,tt3832096,4
user_3,tt3846674,8
user_3,tt3848892,7
user_3,tt3850214,8
user_3,tt3850590,7
user_3,tt3859980,7
user_3,tt3862750,4
user_3,tt3864024,7
user_3,tt3874544,6
user_3,tt3881784,7
user_3,tt3882082,7
user_3,tt3890160,4
user_3,tt3892172,7
user_3,tt3896198,9
user_3,tt3922678,7
user_3,tt3922816,7
user_3,tt3923662,5
user_3,tt3949660,6
user_3,tt3960412,5
user_3,tt3967856,7
user_3,tt3991412,7
user_3,tt4003440,7
user_3,tt4005402,8
user_3,tt4016934,10
user_3,tt4034228,8
user_3,tt4034354,6
user_3,tt4034452,6
user_3,tt4046784,7
user_3,tt4048272,8
user_3,tt4050240,5
user_3,tt4052882,8
user_3,tt4062536,8
user_3,tt4073790,5
user_3,tt4080728,8
user_3,tt4082524,7
user_3,tt4085084,6
user_3,tt4094724,7
user_3,tt4107858,9
user_3,tt4116284,7
user_3,tt4123430,5
user_3,tt4126476,5
user_3,tt4136084,7
user_3,tt4139588,7
user_3,tt4154664,7
user_3,tt4154756,9
user_3,tt4154796,6
user_3,tt4154916,4
user_3,tt4158096,7
user_3,tt4158876,6
user_3,tt4160708,7
user_3,tt4163224,4
user_3,tt4172146,6
user_3,tt4172430,9
user_3,tt4176826,8
user_3,tt4178092,9
user_3,tt4190530,6
user_3,tt4196776,6
user_3,tt4196848,8
user_3,tt4203284,8
user_3,tt4209788,7
user_3,tt4211312,6
user_3,tt4216902,4
user_3,tt4218572,5
user_3,tt4225622,7
user_3,tt4228810,7
user_3,tt4240654,7
user_3,tt4244162,7
user_3,tt4255304,6
user_3,tt4263482,6
user_3,tt4273292,7
user_3,tt4276820,8
user_3,tt4287320,6
user_3,tt4290746,9
user_3,tt4302938,7
user_3,tt4302956,7
user_3,tt4348012,6
user_3,tt4382872,5
user_3,tt4385888,6
user_3,tt4387040,8
user_3,tt4400174,6
user_3,tt4411504,8
user_3,tt4418168,8
user_3,tt4425200,8
user_3,tt4428814,8
user_3,tt4430136,8
user_3,tt4438848,5
user_3,tt4441098,6
user_3,tt4456982,4
user_3,tt4458206,1
user_3,tt4465564,6
user_3,tt4466936,8
user_3,tt4468634,5
user_3,tt4468740,8
user_3,tt4477536,5
user_3,tt4481414,8
user_3,tt4481514,4
user_3,tt4490824,5
user_3,tt4500922,6
user_3,tt4501244,6
user_3,tt4504044,7
user_3,tt4510398,6
user_3,tt4513674,6
user_3,tt4520364,6
user_3,tt4520988,9
user_3,tt4526546,5
user_3,tt4530884,6
user_3,tt4547056,5
user_3,tt4550098,8
user_3,tt4555426,8
user_3,tt4558376,6
user_3,tt4572514,7
user_3,tt4572792,8
user_3,tt4575576,9
user_3,tt4581576,7
user_3,tt4624424,8
user_3,tt4630562,7
user_3,tt4633690,9
user_3,tt4633694,6
user_3,tt4645330,6
user_3,tt4647788,8
user_3,tt4649466,7
user_3,tt4651520,6
user_3,tt4669252,6
user_3,tt4680182,7
user_3,tt4680196,5
user_3,tt4682786,7
user_3,tt4682804,5
user_3,tt4686844,7
user_3,tt4687108,7
user_3,tt4687276,9
user_3,tt4687464,7
user_3,tt4695012,6
user_3,tt4695434,6
user_3,tt4698684,7
user_3,tt4701182,6
user_3,tt4708346,6
user_3,tt4728338,6
user_3,tt4729430,10
user_3,tt4733536,5
user_3,tt4769836,5
user_3,tt4776998,6
user_3,tt4777008,8
user_3,tt4779682,5
user_3,tt4786282,5
user_3,tt4795124,4
user_3,tt4805316,8
user_3,tt4833824,10
user_3,tt4846340,7
user_3,tt4849438,9
user_3,tt4857264,7
user_3,tt4877122,4
user_3,tt4881806,7
user_3,tt4901306,8
user_3,tt4911940,7
user_3,tt4912910,8
user_3,tt4916630,7
user_3,tt4925292,7
user_3,tt4932286,5
user_3,tt4935418,7
user_3,tt4948040,8
user_3,tt4954522,7
user_3,tt4971344,7
user_3,tt4972582,8
user_3,tt4975722,8
user_3,tt4987556,7
user_3,tt4995790,5
user_3,tt5001718,7
user_3,tt5013056,7
user_3,tt5016946,7
user_3,tt5020372,3
user_3,tt5022702,6
user_3,tt5027774,8
user_3,tt5028340,7
user_3,tt5033998,6
user_3,tt5039088,4
user_3,tt5052448,7
user_3,tt5052474,8
user_3,tt5068650,5
user_3,tt5074352,8
user_3,tt5078158,7
user_3,tt5078204,6
user_3,tt5080556,7
user_3,tt5083738,8
user_3,tt5086104,9
user_3,tt5093026,7
user_3,tt5095030,8
user_3,tt5104604,10
user_3,tt5109784,7
user_3,tt5112578,7
user_3,tt5117670,5
user_3,tt5120640,8
user_3,tt5125930,7
user_3,tt5140878,5
user_3,tt5158522,6
user_3,tt5164214,5
user_3,tt5164432,9
user_3,tt5165344,8
user_3,tt5168192,8
user_3,tt5186714,8
user_3,tt5193790,7
user_3,tt5208252,8
user_3,tt5222918,7
user_3,tt5229228,8
user_3,tt5238824,5
user_3,tt5246700,5
user_3,tt5247022,8
user_3,tt5254868,7
user_3,tt5294550,6
user_3,tt5308322,6
user_3,tt5311514,9
user_3,tt5322012,4
user_3,tt5323662,9
user_3,tt5354160,10
user_3,tt5360996,5
user_3,tt5362988,8
user_3,tt5378092,6
user_3,tt5390066,5
user_3,tt5390504,8
user_3,tt5397194,5
user_3,tt5439796,8
user_3,tt5440700,6
user_3,tt5442430,7
user_3,tt5462602,7
user_3,tt5463162,8
user_3,tt5477194,9
user_3,tt5478478,7
user_3,tt5481184,4
user_3,tt5501104,5
user_3,tt5503686,7
user_3,tt5519340,6
user_3,tt5580036,8
user_3,tt5580390,7
user_3,tt5592248,7
user_3,tt5594444,6
user_3,tt5600714,9
user_3,tt5606664,7
user_3,tt5610554,8
user_3,tt5616294,4
user_3,tt5638642,6
user_3,tt5649144,8
user_3,tt5657846,3
user_3,tt5662556,5
user_3,tt5664636,6
user_3,tt5673714,3
user_3,tt5697572,4
user_3,tt5700672,7
user_3,tt5710514,8
user_3,tt5715874,8
user_3,tt5717492,5
user_3,tt5719748,6
user_3,tt5721088,5
user_3,tt5726086,4
user_3,tt5726616,8
user_3,tt5727208,7
user_3,tt5729348,6
user_3,tt5736592,5
user_3,tt5742374,7
user_3,tt5758778,7
user_3,tt5765192,7
user_3,tt5776858,6
user_3,tt5785116,5
user_3,tt5785170,8
user_3,tt5813916,9
user_3,tt5814060,6
user_3,tt5834262,6
user_3,tt5839938,6
user_3,tt5848272,8
user_3,tt5862312,5
user_3,tt5884052,9
user_3,tt5886046,8
user_3,tt5944812,10
user_3,tt5946128,8
user_3,tt5956284,8
user_3,tt5962210,8
user_3,tt5968394,6
user_3,tt5970844,3
user_3,tt5979920,8
user_3,tt6012380,7
user_3,tt6032090,5
user_3,tt6048922,7
user_3,tt6074834,9
user_3,tt6079702,7
user_3,tt6105098,8
user_3,tt6108178,6
user_3,tt6113122,6
user_3,tt6114940,7
user_3,tt6116856,9
user_3,tt6119856,5
user_3,tt6131126,4
user_3,tt6139732,6
user_3,tt6146586,9
user_3,tt6155172,6
user_3,tt6167894,9
user_3,tt6170484,5
user_3,tt6173484,6
user_3,tt6189022,7
user_3,tt6205872,6
user_3,tt6211976,5
user_3,tt6212478,7
user_3,tt6217306,7
user_3,tt6259380,6
user_3,tt6265828,7
user_3,tt6265988,5
user_3,tt6266538,6
user_3,tt6288250,6
user_3,tt6293516,9
user_3,tt6294822,7
user_3,tt6303866,7
user_3,tt6304162,7
user_3,tt6306064,6
user_3,tt6320628,7
user_3,tt6335734,6
user_3,tt6340640,8
user_3,tt6343314,7
user_3,tt6359956,5
user_3,tt6394270,7
user_3,tt6398184,7
user_3,tt6411590,7
user_3,tt6412452,7
user_3,tt6450804,6
user_3,tt6476140,5
user_3,tt6484982,8
user_3,tt6499752,7
user_3,tt6513120,7
user_3,tt6516314,6
user_3,tt6543652,7
user_3,tt6565702,5
user_3,tt6588966,10
user_3,tt6597832,8
user_3,tt6628394,9
user_3,tt6642396,5
user_3,tt6644200,7
user_3,tt6663582,6
user_3,tt6679794,8
user_3,tt6723592,9
user_3,tt6742252,6
user_3,tt6751668,9
user_3,tt6755892,9
user_3,tt6769280,6
user_3,tt6791096,5
user_3,tt6803046,7
user_3,tt6806448,7
user_3,tt6820256,8
user_3,tt6823368,6
user_3,tt6843812,7
user_3,tt6850820,7
user_3,tt6857112,7
user_3,tt6864046,8
user_3,tt6865690,7
user_3,tt6908274,8
user_3,tt6911608,5
user_3,tt6924650,7
user_3,tt6952604,8
user_3,tt6952960,7
user_3,tt6957966,5
user_3,tt6966692,7
user_3,tt6998518,6
user_3,tt7008872,7
user_3,tt7027850,4
user_3,tt7040874,8
user_3,tt7055592,6
user_3,tt7125860,8
user_3,tt7131622,9
user_3,tt7139936,7
user_3,tt7146812,7
user_3,tt7153766,7
user_3,tt7204348,8
user_3,tt7205942,7
user_3,tt7282468,8
user_3,tt7286456,7
user_3,tt7312940,5
user_3,tt7315484,4
user_3,tt7329858,5
user_3,tt7343762,8
user_3,tt7349662,7
user_3,tt7349950,7
user_3,tt7363076,10
user_3,tt7365604,7
user_3,tt7401588,8
user_3,tt7404868,5
user_3,tt7415466,5
user_3,tt7456310,7
user_3,tt7465992,10
user_3,tt7523180,7
user_3,tt7541200,6
user_3,tt7550000,6
user_3,tt7556122,6
user_3,tt7578566,7
user_3,tt7584702,4
user_3,tt7608028,6
user_3,tt7608418,6
user_3,tt7616798,5
user_3,tt7642818,8
user_3,tt7653254,8
user_3,tt7668842,6
user_3,tt7668870,9
user_3,tt7713068,6
user_3,tt7752126,6
user_3,tt7767866,5
user_3,tt7772580,7
user_3,tt7772582,7
user_3,tt7784604,7
user_3,tt7798634,6
user_3,tt7825208,2
user_3,tt7838252,7
user_3,tt7886848,3
user_3,tt7901268,7
user_3,tt7914416,5
user_3,tt7959026,9
user_3,tt7975244,6
user_3,tt7976208,3
user_3,tt7984734,7
user_3,tt7984766,7
user_3,tt8011328,6
user_3,tt8075192,8
user_3,tt8079248,5
user_3,tt8085790,5
user_3,tt8106534,5
user_3,tt8108202,7
user_3,tt8108268,7
user_3,tt8108274,8
user_3,tt8110330,9
user_3,tt8110640,7
user_3,tt8169446,5
user_3,tt8228288,7
user_3,tt8267604,9
user_3,tt8287690,7
user_3,tt8291224,10
user_3,tt8359848,6
user_3,tt8364368,7
user_3,tt8367814,9
user_3,tt8385474,8
user_3,tt8404614,8
user_3,tt8439854,6
user_3,tt8526872,7
user_3,tt8579674,9
user_3,tt8613070,7
user_3,tt8623904,7
user_3,tt8663516,7
user_3,tt8688634,6
user_3,tt8695030,6
user_3,tt8707922,6
user_3,tt8709036,7
user_3,tt8722346,5
user_3,tt8747548,6
user_3,tt8764144,6
user_3,tt8772262,6
user_3,tt8816194,6
user_3,tt8908002,6
user_3,tt8936646,7
user_3,tt8941440,10
user_3,tt8946378,9
user_3,tt9062342,6
user_3,tt9076562,6
user_3,tt9081562,7
user_3,tt9124428,8
user_3,tt9172422,8
user_3,tt9243946,8
user_3,tt9252508,6
user_3,tt9354944,8
user_3,tt9398640,7
user_3,tt9419834,7
user_3,tt9426210,10
user_3,tt9484998,8
user_3,tt9558612,4
user_3,tt9664078,6
user_3,tt9683478,7
user_3,tt9815714,6
user_3,tt9911196,8
user_4,tt0003419,6
user_4,tt0004181,10
user_4,tt0010323,8
user_4,tt0010962,6
user_4,tt0012349,8
user_4,tt0013140,6
user_4,tt0013442,9
user_4,tt0014945,7
user_4,tt0015163,9
user_4,tt0015624,9
user_4,tt0015648,7
user_4,tt0015864,8
user_4,tt0016220,7
user_4,tt0017136,9
user_4,tt0017925,8
user_4,tt0018113,9
user_4,tt0020475,7
user_4,tt0021749,8
user_4,tt0021884,9
user_4,tt0022100,8
user_4,tt0023042,7
user_4,tt0023158,8
user_4,tt0023238,6
user_4,tt0023969,10
user_4,tt0024034,7
user_4,tt0024188,8
user_4,tt0024216,8
user_4,tt0025316,9
user_4,tt0025452,6
user_4,tt0025878,7
user_4,tt0025907,7
user_4,tt0026138,6
user_4,tt0026198,9
user_4,tt0026525,7
user_4,tt0026778,9
user_4,tt0027420,4
user_4,tt0027607,5
user_4,tt0027977,9
user_4,tt0028096,8
user_4,tt0028216,7
user_4,tt0028757,6
user_4,tt0028773,6
user_4,tt0029583,8
user_4,tt0029843,9
user_4,tt0029947,10
user_4,tt0030341,8
user_4,tt0030696,5
user_4,tt0031299,5
user_4,tt0031381,7
user_4,tt0031398,7
user_4,tt0031514,9
user_4,tt0031679,7
user_4,tt0031762,6
user_4,tt0031971,8
user_4,tt0032138,9
user_4,tt0032225,8
user_4,tt0032234,9
user_4,tt0032376,7
user_4,tt0032455,7
user_4,tt0032457,5
user_4,tt0032551,8
user_4,tt0032553,8
user_4,tt0032599,8
user_4,tt0032671,7
user_4,tt0032904,7
user_4,tt0032910,7
user_4,tt0032935,9
user_4,tt0032976,9
user_4,tt0033253,8
user_4,tt0033276,6
user_4,tt0033432,8
user_4,tt0033459,5
user_4,tt0033467,7
user_4,tt0033533,6
user_4,tt0033563,6
user_4,tt0033704,7
user_4,tt0033870,9
user_4,tt0034266,8
user_4,tt0034296,8
user_4,tt0034303,6
user_4,tt0034398,7
user_4,tt0034492,8
user_4,tt0034583,8
user_4,tt0034862,8
user_4,tt0035317,6
user_4,tt0035423,5
user_4,tt0035446,8
user_4,tt0035530,8
user_4,tt0035614,5
user_4,tt0035899,6
user_4,tt0036244,9
user_4,tt0036348,7
user_4,tt0036775,8
user_4,tt0037549,8
user_4,tt0037800,7
user_4,tt0037824,7
user_4,tt0037884,7
user_4,tt0037913,8
user_4,tt0037939,8
user_4,tt0037991,7
user_4,tt0038109,8
user_4,tt0038190,7
user_4,tt0038355,8
user_4,tt0038453,6
user_4,tt0038559,9
user_4,tt0038650,8
user_4,tt0038762,7
user_4,tt0038831,6
user_4,tt0039190,9
user_4,tt0039211,6
user_4,tt0039307,9
user_4,tt0039416,7
user_4,tt0039743,4
user_4,tt0039808,10
user_4,tt0039887,8
user_4,tt0040112,8
user_4,tt0040366,7
user_4,tt0040506,9
user_4,tt0040522,8
user_4,tt0040724,8
user_4,tt0040725,8
user_4,tt0040746,10
user_4,tt0040877,7
user_4,tt0040887,9
user_4,tt0040897,7
user_4,tt0041090,6
user_4,tt0041154,7
user_4,tt0041162,7
user_4,tt0041452,9
user_4,tt0041460,7
user_4,tt0041699,7
user_4,tt0041855,7
user_4,tt0041931,7
user_4,tt0041959,9
user_4,tt0041996,8
user_4,tt0042192,8
user_4,tt0042208,8
user_4,tt0042276,10
user_4,tt0042332,7
user_4,tt0042546,9
user_4,tt0042646,6
user_4,tt0042804,8
user_4,tt0042876,8
user_4,tt0042994,6
user_4,tt0043014,10
user_4,tt0043255,6
user_4,tt0043274,8
user_4,tt0043456,8
user_4,tt0043733,8
user_4,tt0044040,5
user_4,tt0044079,7
user_4,tt0044081,8
user_4,tt0044121,5
user_4,tt0044429,8
user_4,tt0044509,8
user_4,tt0044557,8
user_4,tt0044706,8
user_4,tt0044741,7
user_4,tt0044744,8
user_4,tt0044905,7
user_4,tt0045152,9
user_4,tt0045537,8
user_4,tt0045591,7
user_4,tt0045897,7
user_4,tt0045943,7
user_4,tt0045981,8
user_4,tt0046183,9
user_4,tt0046250,6
user_4,tt0046268,8
user_4,tt0046359,8
user_4,tt0046438,7
user_4,tt0046478,9
user_4,tt0046828,7
user_4,tt0046911,8
user_4,tt0046912,10
user_4,tt0047203,7
user_4,tt0047244,4
user_4,tt0047296,7
user_4,tt0047396,6
user_4,tt0047437,7
user_4,tt0047472,8
user_4,tt0047478,8
user_4,tt0047528,9
user_4,tt0047630,9
user_4,tt0047688,8
user_4,tt0048140,7
user_4,tt0048280,9
user_4,tt0048312,9
user_4,tt0048545,8
user_4,tt0048579,6
user_4,tt0048728,6
user_4,tt0048750,7
user_4,tt0048960,5
user_4,tt0049012,7
user_4,tt0049291,6
user_4,tt0049314,8
user_4,tt0049593,7
user_4,tt0049730,8
user_4,tt0049833,6
user_4,tt0050083,8
user_4,tt0050212,7
user_4,tt0050306,7
user_4,tt0050468,8
user_4,tt0050613,7
user_4,tt0050706,8
user_4,tt0050783,9
user_4,tt0050825,7
user_4,tt0050894,7
user_4,tt0050976,8
user_4,tt0050986,8
user_4,tt0051036,9
user_4,tt0051201,8
user_4,tt0051378,8
user_4,tt0051418,6
user_4,tt0051459,8
user_4,tt0051554,9
user_4,tt0051600,8
user_4,tt0051948,7
user_4,tt0052151,9
user_4,tt0052205,7
user_4,tt0052287,7
user_4,tt0052357,9
user_4,tt0052618,8
user_4,tt0052722,8
user_4,tt0052905,8
user_4,tt0053085,7
user_4,tt0053125,9
user_4,tt0053143,6
user_4,tt0053198,8
user_4,tt0053250,6
user_4,tt0053285,7
user_4,tt0053291,8
user_4,tt0053472,8
user_4,tt0053561,7
user_4,tt0053604,8
user_4,tt0053611,5
user_4,tt0053779,8
user_4,tt0053793,10
user_4,tt0053925,8
user_4,tt0054047,9
user_4,tt0054067,6
user_4,tt0054167,7
user_4,tt0054215,10
user_4,tt0054331,8
user_4,tt0054387,7
user_4,tt0054407,8
user_4,tt0054698,9
user_4,tt0054803,8
user_4,tt0054847,9
user_4,tt0054997,8
user_4,tt0055031,8
user_4,tt0055032,8
user_4,tt0055106,5
user_4,tt0055254,7
user_4,tt0055277,7
user_4,tt0055310,9
user_4,tt0055572,8
user_4,tt0055601,9
user_4,tt0055614,7
user_4,tt0055630,7
user_4,tt0055719,6
user_4,tt0055798,7
user_4,tt0055928,7
user_4,tt0056172,9
user_4,tt0056193,8
user_4,tt0056215,8
user_4,tt0056279,6
user_4,tt0056291,8
user_4,tt0056307,7
user_4,tt0056576,7
user_4,tt0056592,8
user_4,tt0056736,7
user_4,tt0056800,8
user_4,tt0056801,9
user_4,tt0056869,7
user_4,tt0057012,9
user_4,tt0057076,7
user_4,tt0057115,9
user_4,tt0057187,8
user_4,tt0057193,8
user_4,tt0057372,6
user_4,tt0057405,6
user_4,tt0057413,9
user_4,tt0057546,6
user_4,tt0057569,5
user_4,tt0057598,6
user_4,tt0057694,9
user_4,tt0057840,7
user_4,tt0057940,7
user_4,tt0058003,7
user_4,tt0058083,9
user_4,tt0058089,8
user_4,tt0058150,7
user_4,tt0058286,7
user_4,tt0058311,3
user_4,tt0058331,8
user_4,tt0058385,7
user_4,tt0058450,7
user_4,tt0058461,9
user_4,tt0058548,5
user_4,tt0058586,7
user_4,tt0058620,6
user_4,tt0058706,5
user_4,tt0058725,7
user_4,tt0058777,8
user_4,tt0059084,5
user_4,tt0059170,6
user_4,tt0059183,10
user_4,tt0059260,7
user_4,tt0059418,8
user_4,tt0059431,6
user_4,tt0059575,9
user_4,tt0059578,8
user_4,tt0059742,7
user_4,tt0059798,7
user_4,tt0059800,9
user_4,tt0060097,7
user_4,tt0060138,7
user_4,tt0060153,9
user_4,tt0060196,10
user_4,tt0060223,9
user_4,tt0060390,8
user_4,tt0060665,8
user_4,tt0060827,7
user_4,tt0060866,7
user_4,tt0061081,5
user_4,tt0061138,9
user_4,tt0061405,7
user_4,tt0061418,8
user_4,tt0061512,10
user_4,tt0061578,9
user_4,tt0061619,9
user_4,tt0061655,8
user_4,tt0061722,7
user_4,tt0061770,9
user_4,tt0061811,10
user_4,tt0061852,8
user_4,tt0061883,9
user_4,tt0062138,8
user_4,tt0062157,5
user_4,tt0062266,7
user_4,tt0062493,6
user_4,tt0062512,10
user_4,tt0062622,10
user_4,tt0062663,7
user_4,tt0062803,8
user_4,tt0063350,8
user_4,tt0063415,7
user_4,tt0063442,9
user_4,tt0063462,9
user_4,tt0063522,8
user_4,tt0063555,7
user_4,tt0063633,9
user_4,tt0063759,8
user_4,tt0063803,8
user_4,tt0063991,7
user_4,tt0064115,9
user_4,tt0064116,8
user_4,tt0064177,8
user_4,tt0064276,8
user_4,tt0064505,8
user_4,tt0064624,5
user_4,tt0064665,7
user_4,tt0064757,5
user_4,tt0065126,8
user_4,tt0065143,7
user_4,tt0065214,7
user_4,tt0065234,9
user_4,tt0065421,8
user_4,tt0065521,7
user_4,tt0065651,9
user_4,tt0065724,7
user_4,tt0065832,2
user_4,tt0065938,8
user_4,tt0066011,9
user_4,tt0066026,8
user_4,tt0066206,8
user_4,tt0066214,6
user_4,tt0066445,8
user_4,tt0066579,9
user_4,tt0066769,7
user_4,tt0066808,6
user_4,tt0066817,8
user_4,tt0066858,9
user_4,tt0066921,10
user_4,tt0066963,8
user_4,tt0066995,9
user_4,tt0066999,9
user_4,tt0067116,7
user_4,tt0067140,8
user_4,tt0067185,7
user_4,tt0067224,7
user_4,tt0067328,8
user_4,tt0067333,9
user_4,tt0067411,8
user_4,tt0067482,9
user_4,tt0067656,7
user_4,tt0067690,6
user_4,tt0067741,7
user_4,tt0067774,6
user_4,tt0067866,8
user_4,tt0067927,8
user_4,tt0067992,7
user_4,tt0068182,7
user_4,tt0068327,8
user_4,tt0068456,5
user_4,tt0068473,10
user_4,tt0068505,7
user_4,tt0068555,8
user_4,tt0068612,6
user_4,tt0068636,7
user_4,tt0068646,10
user_4,tt0068675,4
user_4,tt0068713,6
user_4,tt0068833,5
user_4,tt0068902,8
user_4,tt0068935,8
user_4,tt0069278,6
user_4,tt0069279,6
user_4,tt0069280,8
user_4,tt0069281,6
user_4,tt0069293,8
user_4,tt0069495,8
user_4,tt0069704,7
user_4,tt0069762,8
user_4,tt0069947,9
user_4,tt0069995,9
user_4,tt0070034,8
user_4,tt0070047,9
user_4,tt0070122,6
user_4,tt0070170,7
user_4,tt0070222,7
user_4,tt0070239,8
user_4,tt0070297,7
user_4,tt0070328,6
user_4,tt0070355,9
user_4,tt0070379,8
user_4,tt0070404,5
user_4,tt0070510,9
user_4,tt0070511,9
user_4,tt0070518,7
user_4,tt0070552,8
user_4,tt0070608,7
user_4,tt0070666,9
user_4,tt0070707,8
user_4,tt0070735,7
user_4,tt0070917,10
user_4,tt0071230,8
user_4,tt0071315,6
user_4,tt0071360,6
user_4,tt0071455,7
user_4,tt0071464,6
user_4,tt0071487,8
user_4,tt0071562,8
user_4,tt0071566,4
user_4,tt0071615,7
user_4,tt0071790,6
user_4,tt0071807,6
user_4,tt0071853,9
user_4,tt0071970,7
user_4,tt0072271,7
user_4,tt0072308,8
user_4,tt0072431,9
user_4,tt0072684,5
user_4,tt0072730,8
user_4,tt0072890,8
user_4,tt0072895,6
user_4,tt0073052,8
user_4,tt0073075,6
user_4,tt0073113,6
user_4,tt0073195,7
user_4,tt0073207,7
user_4,tt0073312,7
user_4,tt0073341,8
user_4,tt0073440,9
user_4,tt0073486,9
user_4,tt0073540,10
user_4,tt0073582,7
user_4,tt0073629,6
user_4,tt0073688,6
user_4,tt0073756,8
user_4,tt0073768,7
user_4,tt0073812,6
user_4,tt0074119,6
user_4,tt0074214,7
user_4,tt0074258,7
user_4,tt0074285,8
user_4,tt0074292,8
user_4,tt0074486,7
user_4,tt0074494,5
user_4,tt0074686,9
user_4,tt0074695,8
user_4,tt0074777,8
user_4,tt0074860,6
user_4,tt0074958,8
user_4,tt0075005,6
user_4,tt0075029,10
user_4,tt0075148,9
user_4,tt0075164,6
user_4,tt0075174,5
user_4,tt0075194,5
user_4,tt0075213,7
user_4,tt0075222,7
user_4,tt0075314,10
user_4,tt0075612,7
user_4,tt0075686,8
user_4,tt0075860,9
user_4,tt0076009,4
user_4,tt0076085,8
user_4,tt0076141,9
user_4,tt0076618,8
user_4,tt0076666,8
user_4,tt0076759,9
user_4,tt0076786,7
user_4,tt0077215,6
user_4,tt0077294,6
user_4,tt0077402,9
user_4,tt0077405,8
user_4,tt0077416,7
user_4,tt0077482,7
user_4,tt0077523,6
user_4,tt0077588,6
user_4,tt0077631,6
user_4,tt0077651,9
user_4,tt0077713,4
user_4,tt0077766,6
user_4,tt0077928,6
user_4,tt0077975,8
user_4,tt0078346,7
user_4,tt0078748,8
user_4,tt0078767,5
user_4,tt0078788,9
user_4,tt0078846,6
user_4,tt0078875,7
user_4,tt0078902,7
user_4,tt0078950,8
user_4,tt0079095,8
user_4,tt0079116,9
user_4,tt0079417,7
user_4,tt0079450,6
user_4,tt0079470,10
user_4,tt0079489,5
user_4,tt0079501,7
user_4,tt0079522,9
user_4,tt0079540,7
user_4,tt0079574,7
user_4,tt0079641,9
user_4,tt0079668,9
user_4,tt0079766,8
user_4,tt0079770,5
user_4,tt0079817,7
user_4,tt0079833,8
user_4,tt0079858,6
user_4,tt0079911,6
user_4,tt0079944,8
user_4,tt0080120,8
user_4,tt0080130,8
user_4,tt0080319,7
user_4,tt0080339,8
user_4,tt0080379,6
user_4,tt0080406,8
user_4,tt0080455,8
user_4,tt0080487,6
user_4,tt0080661,7
user_4,tt0080678,8
user_4,tt0080684,8
user_4,tt0080716,5
user_4,tt0080736,7
user_4,tt0080761,8
user_4,tt0080801,6
user_4,tt0080889,8
user_4,tt0081114,8
user_4,tt0081207,7
user_4,tt0081283,8
user_4,tt0081353,5
user_4,tt0081375,6
user_4,tt0081398,8
user_4,tt0081505,8
user_4,tt0081568,7
user_4,tt0081573,8
user_4,tt0081809,7
user_4,tt0082010,8
user_4,tt0082085,8
user_4,tt0082096,9
user_4,tt0082100,7
user_4,tt0082136,7
user_4,tt0082146,6
user_4,tt0082198,6
user_4,tt0082247,8
user_4,tt0082307,6
user_4,tt0082340,7
user_4,tt0082398,7
user_4,tt0082406,8
user_4,tt0082432,9
user_4,tt0082495,7
user_4,tt0082509,6
user_4,tt0082517,6
user_4,tt0082533,6
user_4,tt0082669,1
user_4,tt0082694,8
user_4,tt0082700,7
user_4,tt0082766,6
user_4,tt0082842,8
user_4,tt0082869,7
user_4,tt0082902,5
user_4,tt0082971,8
user_4,tt0083189,6
user_4,tt0083530,7
user_4,tt0083658,8
user_4,tt0083722,5
user_4,tt0083767,7
user_4,tt0083791,7
user_4,tt0083866,9
user_4,tt0083888,6
user_4,tt0083907,6
user_4,tt0083929,8
user_4,tt0083944,8
user_4,tt0083946,10
user_4,tt0083987,8
user_4,tt0084018,7
user_4,tt0084503,7
user_4,tt0084516,9
user_4,tt0084522,7
user_4,tt0084602,7
user_4,tt0084726,6
user_4,tt0084740,8
user_4,tt0084745,6
user_4,tt0084787,7
user_4,tt0084805,6
user_4,tt0084827,7
user_4,tt0085154,3
user_4,tt0085333,8
user_4,tt0085334,8
user_4,tt0085542,5
user_4,tt0085597,7
user_4,tt0085636,7
user_4,tt0085794,8
user_4,tt0085959,8
user_4,tt0085995,7
user_4,tt0086006,5
user_4,tt0086022,9
user_4,tt0086034,6
user_4,tt0086066,8
user_4,tt0086190,9
user_4,tt0086200,6
user_4,tt0086231,10
user_4,tt0086250,8
user_4,tt0086308,7
user_4,tt0086383,7
user_4,tt0086423,6
user_4,tt0086425,8
user_4,tt0086465,7
user_4,tt0086525,8
user_4,tt0086541,5
user_4,tt0086543,8
user_4,tt0086567,7
user_4,tt0086617,6
user_4,tt0086879,8
user_4,tt0086960,10
user_4,tt0086979,7
user_4,tt0087050,8
user_4,tt0087078,6
user_4,tt0087127,4
user_4,tt0087182,8
user_4,tt0087247,6
user_4,tt0087277,8
user_4,tt0087298,7
user_4,tt0087332,8
user_4,tt0087363,6
user_4,tt0087469,8
user_4,tt0087527,6
user_4,tt0087538,9
user_4,tt0087544,8
user_4,tt0087564,7
user_4,tt0087644,8
user_4,tt0087679,6
user_4,tt0087800,7
user_4,tt0087803,7
user_4,tt0087843,8
user_4,tt0087884,10
user_4,tt0087892,9
user_4,tt0087928,6
user_4,tt0087985,6
user_4,tt0087995,8
user_4,tt0088000,5
user_4,tt0088011,9
user_4,tt0088027,6
user_4,tt0088128,9
user_4,tt0088161,8
user_4,tt0088170,7
user_4,tt0088184,10
user_4,tt0088247,8
user_4,tt0088258,7
user_4,tt0088286,6
user_4,tt0088323,7
user_4,tt0088680,10
user_4,tt0088763,8
user_4,tt0088765,5
user_4,tt0088794,8
user_4,tt0088846,9
user_4,tt0088847,8
user_4,tt0088930,6
user_4,tt0088944,7
user_4,tt0089017,6
user_4,tt0089129,7
user_4,tt0089155,9
user_4,tt0089173,4
user_4,tt0089175,5
user_4,tt0089218,7
user_4,tt0089469,7
user_4,tt0089491,7
user_4,tt0089530,6
user_4,tt0089670,6
user_4,tt0089755,5
user_4,tt0089767,6
user_4,tt0089880,6
user_4,tt0089881,8
user_4,tt0089885,6
user_4,tt0089886,8
user_4,tt0089927,8
user_4,tt0089941,7
user_4,tt0090056,7
user_4,tt0090060,8
user_4,tt0090190,7
user_4,tt0090270,6
user_4,tt0090305,8
user_4,tt0090327,6
user_4,tt0090329,9
user_4,tt0090555,5
user_4,tt0090605,7
user_4,tt0090678,9
user_4,tt0090685,4
user_4,tt0090728,8
user_4,tt0090756,7
user_4,tt0090768,8
user_4,tt0090856,6
user_4,tt0090859,7
user_4,tt0090863,7
user_4,tt0090886,7
user_4,tt0090985,7
user_4,tt0091042,8
user_4,tt0091059,8
user_4,tt0091064,9
user_4,tt0091083,6
user_4,tt0091149,9
user_4,tt0091188,6
user_4,tt0091203,6
user_4,tt0091209,7
user_4,tt0091223,8
user_4,tt0091251,9
user_4,tt0091306,6
user_4,tt0091326,6
user_4,tt0091355,7
user_4,tt0091369,8
user_4,tt0091419,7
user_4,tt0091474,9
user_4,tt0091530,6
user_4,tt0091541,7
user_4,tt0091584,6
user_4,tt0091605,9
user_4,tt0091630,7
user_4,tt0091763,10
user_4,tt0091828,5
user_4,tt0091877,6
user_4,tt0091920,8
user_4,tt0091949,7
user_4,tt0091954,8
user_4,tt0092005,9
user_4,tt0092067,10
user_4,tt0092099,6
user_4,tt0092106,9
user_4,tt0092240,5
user_4,tt0092263,7
user_4,tt0092513,8
user_4,tt0092563,6
user_4,tt0092585,5
user_4,tt0092637,6
user_4,tt0092641,8
user_4,tt0092644,6
user_4,tt0092669,6
user_4,tt0092718,7
user_4,tt0092783,6
user_4,tt0092796,6
user_4,tt0092890,7
user_4,tt0092925,8
user_4,tt0092965,8
user_4,tt0092991,8
user_4,tt0093010,6
user_4,tt0093058,7
user_4,tt0093105,6
user_4,tt0093177,7
user_4,tt0093191,7
user_4,tt0093278,3
user_4,tt0093389,8
user_4,tt0093409,8
user_4,tt0093412,7
user_4,tt0093428,7
user_4,tt0093435,6
user_4,tt0093437,7
user_4,tt0093565,8
user_4,tt0093605,6
user_4,tt0093692,6
user_4,tt0093733,8
user_4,tt0093748,8
user_4,tt0093773,10
user_4,tt0093779,9
user_4,tt0093822,7
user_4,tt0093870,9
user_4,tt0093886,5
user_4,tt0093894,8
user_4,tt0094006,8
user_4,tt0094012,8
user_4,tt0094072,8
user_4,tt0094137,6
user_4,tt0094226,7
user_4,tt0094269,7
user_4,tt0094291,6
user_4,tt0094332,7
user_4,tt0094336,7
user_4,tt0094625,8
user_4,tt0094669,6
user_4,tt0094695,5
user_4,tt0094721,8
user_4,tt0094737,4
user_4,tt0094764,6
user_4,tt0094862,7
user_4,tt0094889,5
user_4,tt0094898,9
user_4,tt0094924,8
user_4,tt0094947,7
user_4,tt0095016,9
user_4,tt0095082,7
user_4,tt0095088,5
user_4,tt0095159,7
user_4,tt0095174,6
user_4,tt0095253,8
user_4,tt0095294,6
user_4,tt0095327,7
user_4,tt0095357,3
user_4,tt0095452,7
user_4,tt0095475,8
user_4,tt0095489,9
user_4,tt0095560,2
user_4,tt0095631,6
user_4,tt0095638,8
user_4,tt0095647,10
user_4,tt0095687,6
user_4,tt0095705,8
user_4,tt0095742,4
user_4,tt0095765,8
user_4,tt0095900,5
user_4,tt0095953,10
user_4,tt0095956,6
user_4,tt0095963,6
user_4,tt0096018,9
user_4,tt0096180,6
user_4,tt0096251,7
user_4,tt0096256,5
user_4,tt0096283,7
user_4,tt0096320,6
user_4,tt0096438,7
user_4,tt0096446,7
user_4,tt0096734,7
user_4,tt0096754,8
user_4,tt0096794,7
user_4,tt0096874,9
user_4,tt0096895,7
user_4,tt0096928,7
user_4,tt0096933,6
user_4,tt0096969,7
user_4,tt0097108,7
user_4,tt0097162,6
user_4,tt0097165,9
user_4,tt0097216,9
user_4,tt0097239,7
user_4,tt0097351,8
user_4,tt0097428,5
user_4,tt0097441,9
user_4,tt0097474,7
user_4,tt0097481,5
user_4,tt0097493,8
user_4,tt0097523,7
user_4,tt0097576,7
user_4,tt0097607,7
user_4,tt0097637,8
user_4,tt0097659,7
user_4,tt0097722,8
user_4,tt0097733,7
user_4,tt0097742,7
user_4,tt0097757,6
user_4,tt0097778,7
user_4,tt0097814,7
user_4,tt0097815,6
user_4,tt0097826,7
user_4,tt0097880,6
user_4,tt0097898,3
user_4,tt0097958,9
user_4,tt0098067,7
user_4,tt0098084,7
user_4,tt0098253,6
user_4,tt0098258,8
user_4,tt0098282,6
user_4,tt0098327,9
user_4,tt0098384,6
user_4,tt0098439,8
user_4,tt0098519,7
user_4,tt0098536,6
user_4,tt0098554,6
user_4,tt0098635,7
user_4,tt0098663,6
user_4,tt0098724,8
user_4,tt0099005,6
user_4,tt0099077,6
user_4,tt0099088,7
user_4,tt0099128,6
user_4,tt0099173,4
user_4,tt0099180,6
user_4,tt0099204,6
user_4,tt0099253,6
user_4,tt0099348,9
user_4,tt0099365,6
user_4,tt0099371,5
user_4,tt0099422,5
user_4,tt0099423,7
user_4,tt0099487,8
user_4,tt0099575,6
user_4,tt0099582,6
user_4,tt0099587,7
user_4,tt0099653,6
user_4,tt0099674,9
user_4,tt0099685,10
user_4,tt0099700,4
user_4,tt0099703,7
user_4,tt0099739,6
user_4,tt0099740,5
user_4,tt0099785,8
user_4,tt0099800,7
user_4,tt0099810,7
user_4,tt0099871,9
user_4,tt0099938,7
user_4,tt0099994,5
user_4,tt0100029,8
user_4,tt0100054,7
user_4,tt0100107,7
user_4,tt0100150,6
user_4,tt0100157,8
user_4,tt0100161,8
user_4,tt0100212,5
user_4,tt0100234,8
user_4,tt0100240,5
user_4,tt0100258,8
user_4,tt0100403,5
user_4,tt0100405,7
user_4,tt0100419,6
user_4,tt0100449,8
user_4,tt0100464,6
user_4,tt0100502,6
user_4,tt0100507,6
user_4,tt0100685,7
user_4,tt0100758,8
user_4,tt0100802,8
user_4,tt0100814,9
user_4,tt0100935,6
user_4,tt0100994,6
user_4,tt0101272,7
user_4,tt0101318,9
user_4,tt0101393,7
user_4,tt0101410,8
user_4,tt0101414,10
user_4,tt0101507,10
user_4,tt0101540,7
user_4,tt0101545,6
user_4,tt0101616,8
user_4,tt0101635,5
user_4,tt0101700,7
user_4,tt0101757,7
user_4,tt0101761,8
user_4,tt0101846,6
user_4,tt0101862,7
user_4,tt0101889,6
user_4,tt0101917,4
user_4,tt0102005,6
user_4,tt0102034,5
user_4,tt0102057,6
user_4,tt0102059,7
user_4,tt0102070,6
user_4,tt0102138,9
user_4,tt0102141,9
user_4,tt0102209,4
user_4,tt0102216,5
user_4,tt0102250,7
user_4,tt0102266,9
user_4,tt0102279,6
user_4,tt0102293,6
user_4,tt0102307,7
user_4,tt0102492,8
user_4,tt0102494,6
user_4,tt0102510,6
user_4,tt0102526,8
user_4,tt0102558,5
user_4,tt0102587,8
user_4,tt0102685,8
user_4,tt0102798,7
user_4,tt0102803,7
user_4,tt0102900,6
user_4,tt0102926,9
user_4,tt0102945,6
user_4,tt0103060,5
user_4,tt0103064,8
user_4,tt0103074,8
user_4,tt0103112,8
user_4,tt0103241,8
user_4,tt0103639,6
user_4,tt0103644,7
user_4,tt0103772,6
user_4,tt0103776,9
user_4,tt0103786,7
user_4,tt0103855,7
user_4,tt0103873,7
user_4,tt0103874,9
user_4,tt0103893,7
user_4,tt0103919,8
user_4,tt0103924,6
user_4,tt0103939,7
user_4,tt0103956,5
user_4,tt0104012,7
user_4,tt0104036,8
user_4,tt0104070,5
user_4,tt0104114,7
user_4,tt0104231,7
user_4,tt0104254,7
user_4,tt0104257,8
user_4,tt0104348,7
user_4,tt0104431,6
user_4,tt0104452,9
user_4,tt0104466,6
user_4,tt0104561,7
user_4,tt0104652,8
user_4,tt0104684,8
user_4,tt0104691,7
user_4,tt0104694,7
user_4,tt0104714,7
user_4,tt0104868,5
user_4,tt0104952,6
user_4,tt0105046,8
user_4,tt0105112,8
user_4,tt0105191,7
user_4,tt0105226,7
user_4,tt0105236,8
user_4,tt0105275,8
user_4,tt0105323,7
user_4,tt0105327,7
user_4,tt0105328,8
user_4,tt0105415,8
user_4,tt0105417,7
user_4,tt0105428,5
user_4,tt0105435,8
user_4,tt0105466,6
user_4,tt0105477,5
user_4,tt0105585,7
user_4,tt0105665,7
user_4,tt0105690,7
user_4,tt0105695,8
user_4,tt0105698,7
user_4,tt0105759,5
user_4,tt0105793,8
user_4,tt0105812,9
user_4,tt0105864,5
user_4,tt0106220,7
user_4,tt0106223,6
user_4,tt0106226,8
user_4,tt0106266,6
user_4,tt0106308,7
user_4,tt0106335,8
user_4,tt0106342,8
user_4,tt0106387,8
user_4,tt0106400,5
user_4,tt0106489,7
user_4,tt0106519,8
user_4,tt0106521,3
user_4,tt0106582,7
user_4,tt0106611,7
user_4,tt0106664,7
user_4,tt0106673,8
user_4,tt0106677,9
user_4,tt0106693,8
user_4,tt0106697,6
user_4,tt0106856,6
user_4,tt0106918,8
user_4,tt0106926,6
user_4,tt0106950,5
user_4,tt0106977,7
user_4,tt0107007,8
user_4,tt0107048,7
user_4,tt0107050,7
user_4,tt0107076,6
user_4,tt0107120,7
user_4,tt0107144,6
user_4,tt0107206,10
user_4,tt0107207,8
user_4,tt0107254,3
user_4,tt0107277,6
user_4,tt0107290,10
user_4,tt0107302,7
user_4,tt0107311,6
user_4,tt0107362,6
user_4,tt0107554,7
user_4,tt0107614,5
user_4,tt0107616,7
user_4,tt0107659,6
user_4,tt0107688,7
user_4,tt0107692,8
user_4,tt0107798,6
user_4,tt0107808,7
user_4,tt0107818,7
user_4,tt0107943,9
user_4,tt0107969,7
user_4,tt0107977,8
user_4,tt0108002,7
user_4,tt0108037,8
user_4,tt0108052,8
user_4,tt0108101,6
user_4,tt0108122,10
user_4,tt0108160,5
user_4,tt0108162,5
user_4,tt0108174,5
user_4,tt0108255,4
user_4,tt0108306,6
user_4,tt0108317,5
user_4,tt0108330,7
user_4,tt0108358,8
user_4,tt0108394,8
user_4,tt0108399,6
user_4,tt0108410,7
user_4,tt0108550,8
user_4,tt0109040,6
user_4,tt0109045,7
user_4,tt0109117,7
user_4,tt0109162,5
user_4,tt0109254,7
user_4,tt0109303,6
user_4,tt0109306,6
user_4,tt0109402,4
user_4,tt0109417,6
user_4,tt0109439,5
user_4,tt0109444,6
user_4,tt0109445,9
user_4,tt0109506,8
user_4,tt0109635,6
user_4,tt0109686,7
user_4,tt0109707,9
user_4,tt0109809,5
user_4,tt0109813,6
user_4,tt0109830,8
user_4,tt0109831,6
user_4,tt0109836,7
user_4,tt0110005,6
user_4,tt0110074,7
user_4,tt0110148,8
user_4,tt0110167,7
user_4,tt0110200,9
user_4,tt0110216,4
user_4,tt0110246,7
user_4,tt0110265,7
user_4,tt0110305,6
user_4,tt0110322,8
user_4,tt0110357,7
user_4,tt0110367,8
user_4,tt0110399,6
user_4,tt0110413,8
user_4,tt0110443,7
user_4,tt0110475,7
user_4,tt0110478,8
user_4,tt0110598,8
user_4,tt0110622,6
user_4,tt0110632,8
user_4,tt0110729,7
user_4,tt0110737,7
user_4,tt0110912,8
user_4,tt0110932,7
user_4,tt0111048,6
user_4,tt0111070,6
user_4,tt0111149,6
user_4,tt0111161,9
user_4,tt0111255,5
user_4,tt0111257,6
user_4,tt0111280,5
user_4,tt0111282,6
user_4,tt0111301,4
user_4,tt0111345,4
user_4,tt0111419,6
user_4,tt0111495,8
user_4,tt0111496,6
user_4,tt0111503,7
user_4,tt0111549,6
user_4,tt0111686,7
user_4,tt0111693,7
user_4,tt0111756,7
user_4,tt0111845,9
user_4,tt0112281,8
user_4,tt0112384,9
user_4,tt0112401,6
user_4,tt0112431,7
user_4,tt0112442,8
user_4,tt0112453,8
user_4,tt0112461,6
user_4,tt0112462,7
user_4,tt0112471,8
user_4,tt0112508,6
user_4,tt0112571,7
user_4,tt0112573,10
user_4,tt0112579,8
user_4,tt0112588,5
user_4,tt0112641,7
user_4,tt0112642,7
user_4,tt0112682,5
user_4,tt0112697,6
user_4,tt0112715,7
user_4,tt0112740,8
user_4,tt0112817,8
user_4,tt0112818,8
user_4,tt0112851,6
user_4,tt0112857,7
user_4,tt0112864,9
user_4,tt0112870,8
user_4,tt0113071,7
user_4,tt0113101,8
user_4,tt0113117,6
user_4,tt0113118,8
user_4,tt0113161,6
user_4,tt0113189,8
user_4,tt0113198,8
user_4,tt0113243,6
user_4,tt0113247,6
user_4,tt0113253,5
user_4,tt0113259,4
user_4,tt0113269,6
user_4,tt0113277,7
user_4,tt0113326,6
user_4,tt0113360,7
user_4,tt0113442,6
user_4,tt0113481,4
user_4,tt0113492,5
user_4,tt0113497,7
user_4,tt0113568,8
user_4,tt0113627,6
user_4,tt0113670,7
user_4,tt0113749,8
user_4,tt0113824,10
user_4,tt0113851,5
user_4,tt0113855,7
user_4,tt0113952,7
user_4,tt0113957,5
user_4,tt0113972,7
user_4,tt0113981,6
user_4,tt0113986,4
user_4,tt0114069,6
user_4,tt0114148,8
user_4,tt0114168,7
user_4,tt0114277,8
user_4,tt0114319,6
user_4,tt0114369,8
user_4,tt0114388,8
user_4,tt0114436,4
user_4,tt0114508,5
user_4,tt0114558,7
user_4,tt0114577,6
user_4,tt0114594,6
user_4,tt0114660,6
user_4,tt0114682,7
user_4,tt0114709,6
user_4,tt0114746,7
user_4,tt0114798,6
user_4,tt0114814,8
user_4,tt0114857,5
user_4,tt0114887,5
user_4,tt0114898,6
user_4,tt0114906,6
user_4,tt0114924,8
user_4,tt0115433,5
user_4,tt0115438,7
user_4,tt0115632,5
user_4,tt0115639,9
user_4,tt0115641,6
user_4,tt0115683,6
user_4,tt0115685,6
user_4,tt0115736,9
user_4,tt0115751,8
user_4,tt0115759,6
user_4,tt0115760,9
user_4,tt0115798,7
user_4,tt0115862,8
user_4,tt0115963,9
user_4,tt0115964,4
user_4,tt0115996,9
user_4,tt0116040,7
user_4,tt0116041,7
user_4,tt0116136,9
user_4,tt0116209,9
user_4,tt0116213,6
user_4,tt0116225,4
user_4,tt0116231,9
user_4,tt0116282,8
user_4,tt0116287,7
user_4,tt0116361,7
user_4,tt0116367,7
user_4,tt0116422,5
user_4,tt0116426,8
user_4,tt0116456,7
user_4,tt0116465,6
user_4,tt0116483,7
user_4,tt0116583,8
user_4,tt0116629,7
user_4,tt0116669,4
user_4,tt0116683,7
user_4,tt0116695,8
user_4,tt0116705,7
user_4,tt0116731,7
user_4,tt0116756,3
user_4,tt0116778,9
user_4,tt0116830,7
user_4,tt0116908,5
user_4,tt0116922,9
user_4,tt0116996,5
user_4,tt0116999,7
user_4,tt0117008,8
user_4,tt0117011,5
user_4,tt0117038,7
user_4,tt0117039,8
user_4,tt0117060,8
user_4,tt0117218,5
user_4,tt0117318,7
user_4,tt0117331,5
user_4,tt0117381,7
user_4,tt0117407,9
user_4,tt0117438,6
user_4,tt0117473,5
user_4,tt0117500,5
user_4,tt0117509,9
user_4,tt0117571,7
user_4,tt0117608,6
user_4,tt0117665,6
user_4,tt0117666,8
user_4,tt0117705,7
user_4,tt0117731,10
user_4,tt0117802,6
user_4,tt0117913,7
user_4,tt0117918,6
user_4,tt0117951,8
user_4,tt0117965,8
user_4,tt0117998,7
user_4,tt0118073,6
user_4,tt0118111,8
user_4,tt0118564,9
user_4,tt0118571,3
user_4,tt0118583,7
user_4,tt0118607,7
user_4,tt0118615,6
user_4,tt0118617,9
user_4,tt0118644,6
user_4,tt0118655,7
user_4,tt0118688,3
user_4,tt0118689,7
user_4,tt0118694,8
user_4,tt0118708,6
user_4,tt0118715,9
user_4,tt0118749,9
user_4,tt0118799,9
user_4,tt0118804,8
user_4,tt0118819,7
user_4,tt0118842,7
user_4,tt0118845,10
user_4,tt0118849,9
user_4,tt0118866,6
user_4,tt0118880,6
user_4,tt0118883,8
user_4,tt0118884,6
user_4,tt0118887,6
user_4,tt0118928,6
user_4,tt0118929,7
user_4,tt0118971,8
user_4,tt0118998,7
user_4,tt0119008,10
user_4,tt0119038,9
user_4,tt0119051,9
user_4,tt0119081,8
user_4,tt0119094,8
user_4,tt0119109,6
user_4,tt0119116,10
user_4,tt0119123,4
user_4,tt0119164,7
user_4,tt0119167,5
user_4,tt0119173,7
user_4,tt0119174,9
user_4,tt0119177,9
user_4,tt0119190,7
user_4,tt0119209,3
user_4,tt0119215,7
user_4,tt0119217,10
user_4,tt0119229,8
user_4,tt0119280,9
user_4,tt0119282,8
user_4,tt0119303,4
user_4,tt0119304,8
user_4,tt0119311,6
user_4,tt0119313,6
user_4,tt0119345,6
user_4,tt0119347,7
user_4,tt0119349,7
user_4,tt0119368,7
user_4,tt0119395,7
user_4,tt0119396,7
user_4,tt0119468,7
user_4,tt0119485,9
user_4,tt0119488,9
user_4,tt0119522,6
user_4,tt0119528,6
user_4,tt0119535,6
user_4,tt0119558,8
user_4,tt0119567,5
user_4,tt0119578,6
user_4,tt0119642,7
user_4,tt0119643,9
user_4,tt0119654,6
user_4,tt0119675,7
user_4,tt0119683,9
user_4,tt0119698,10
user_4,tt0119715,9
user_4,tt0119738,6
user_4,tt0119794,5
user_4,tt0119822,8
user_4,tt0119859,7
user_4,tt0119874,6
user_4,tt0119891,5
user_4,tt0119925,7
user_4,tt0119937,9
user_4,tt0119942,6
user_4,tt0120008,5
user_4,tt0120034,6
user_4,tt0120053,7
user_4,tt0120082,8
user_4,tt0120102,6
user_4,tt0120148,6
user_4,tt0120177,5
user_4,tt0120179,4
user_4,tt0120184,5
user_4,tt0120188,8
user_4,tt0120201,7
user_4,tt0120241,7
user_4,tt0120257,6
user_4,tt0120324,5
user_4,tt0120338,8
user_4,tt0120347,6
user_4,tt0120353,4
user_4,tt0120363,7
user_4,tt0120382,8
user_4,tt0120458,5
user_4,tt0120484,6
user_4,tt0120514,8
user_4,tt0120520,6
user_4,tt0120577,6
user_4,tt0120586,9
user_4,tt0120587,8
user_4,tt0120591,4
user_4,tt0120596,5
user_4,tt0120601,9
user_4,tt0120610,5
user_4,tt0120611,8
user_4,tt0120616,6
user_4,tt0120623,7
user_4,tt0120630,6
user_4,tt0120632,8
user_4,tt0120647,8
user_4,tt0120655,8
user_4,tt0120657,6
user_4,tt0120660,8
user_4,tt0120663,7
user_4,tt0120667,5
user_4,tt0120669,9
user_4,tt0120679,7
user_4,tt0120681,7
user_4,tt0120684,7
user_4,tt0120685,5
user_4,tt0120689,8
user_4,tt0120693,7
user_4,tt0120694,8
user_4,tt0120703,6
user_4,tt0120731,7
user_4,tt0120735,6
user_4,tt0120737,9
user_4,tt0120738,5
user_4,tt0120744,9
user_4,tt0120746,6
user_4,tt0120749,9
user_4,tt0120755,6
user_4,tt0120762,8
user_4,tt0120768,7
user_4,tt0120770,5
user_4,tt0120780,7
user_4,tt0120783,6
user_4,tt0120784,7
user_4,tt0120787,7
user_4,tt0120788,6
user_4,tt0120789,8
user_4,tt0120791,7
user_4,tt0120794,9
user_4,tt0120797,5
user_4,tt0120804,7
user_4,tt0120812,8
user_4,tt0120815,8
user_4,tt0120832,5
user_4,tt0120855,8
user_4,tt0120857,7
user_4,tt0120863,8
user_4,tt0120873,5
user_4,tt0120877,8
user_4,tt0120879,7
user_4,tt0120888,8
user_4,tt0120889,6
user_4,tt0120890,6
user_4,tt0120891,5
user_4,tt0120901,8
user_4,tt0120902,7
user_4,tt0120903,7
user_4,tt0120906,7
user_4,tt0120907,7
user_4,tt0120912,4
user_4,tt0120915,6
user_4,tt0120917,7
user_4,tt0121164,8
user_4,tt0121765,6
user_4,tt0121766,7
user_4,tt0122151,8
user_4,tt0122690,6
user_4,tt0122718,6
user_4,tt0122933,6
user_4,tt0123330,8
user_4,tt0123755,6
user_4,tt0123964,7
user_4,tt0124298,9
user_4,tt0124315,7
user_4,tt0124819,7
user_4,tt0125439,7
user_4,tt0125664,7
user_4,tt0126029,7
user_4,tt0126388,7
user_4,tt0126604,8
user_4,tt0127536,8
user_4,tt0128278,6
user_4,tt0128442,7
user_4,tt0128445,9
user_4,tt0128853,6
user_4,tt0129167,10
user_4,tt0129290,6
user_4,tt0129387,7
user_4,tt0130018,5
user_4,tt0130827,8
user_4,tt0131325,6
user_4,tt0131704,4
user_4,tt0131857,8
user_4,tt0132245,7
user_4,tt0132477,9
user_4,tt0132885,5
user_4,tt0133046,6
user_4,tt0133093,9
user_4,tt0133152,4
user_4,tt0133240,9
user_4,tt0133327,6
user_4,tt0133385,5
user_4,tt0133751,7
user_4,tt0133952,7
user_4,tt0133985,7
user_4,tt0134033,7
user_4,tt0134067,3
user_4,tt0134084,7
user_4,tt0134119,7
user_4,tt0134273,6
user_4,tt0134847,9
user_4,tt0137363,7
user_4,tt0137494,7
user_4,tt0137523,6
user_4,tt0138097,5
user_4,tt0138510,7
user_4,tt0138524,7
user_4,tt0138704,10
user_4,tt0138749,5
user_4,tt0139076,5
user_4,tt0139134,6
user_4,tt0139414,5
user_4,tt0139426,5
user_4,tt0139654,9
user_4,tt0139809,7
user_4,tt0140352,9
user_4,tt0140379,8
user_4,tt0140888,9
user_4,tt0141109,4
user_4,tt0141926,5
user_4,tt0142239,7
user_4,tt0142240,7
user_4,tt0142342,5
user_4,tt0142688,6
user_4,tt0143145,5
user_4,tt0144084,9
user_4,tt0144117,6
user_4,tt0144120,5
user_4,tt0144201,8
user_4,tt0144214,7
user_4,tt0144814,5
user_4,tt0144964,5
user_4,tt0145487,5
user_4,tt0145531,8
user_4,tt0145660,8
user_4,tt0145681,8
user_4,tt0146309,5
user_4,tt0146316,5
user_4,tt0146675,6
user_4,tt0146838,7
user_4,tt0146882,8
user_4,tt0146984,7
user_4,tt0147599,6
user_4,tt0147800,6
user_4,tt0148631,6
user_4,tt0149261,5
user_4,tt0151738,5
user_4,tt0151804,7
user_4,tt0154420,8
user_4,tt0154421,6
user_4,tt0154506,7
user_4,tt0155975,5
user_4,tt0156729,6
user_4,tt0156887,8
user_4,tt0158371,5
user_4,tt0158983,7
user_4,tt0159097,7
user_4,tt0159273,7
user_4,tt0159365,8
user_4,tt0160127,5
user_4,tt0160184,4
user_4,tt0160399,5
user_4,tt0160749,8
user_4,tt0160797,7
user_4,tt0160862,4
user_4,tt0161081,6
user_4,tt0162222,7
user_4,tt0162346,8
user_4,tt0162661,7
user_4,tt0162930,3
user_4,tt0163025,7
user_4,tt0163187,7
user_4,tt0163651,7
user_4,tt0163978,8
user_4,tt0164052,5
user_4,tt0164181,7
user_4,tt0164184,7
user_4,tt0164334,7
user_4,tt0164538,9
user_4,tt0164707,9
user_4,tt0164912,6
user_4,tt0165798,6
user_4,tt0166276,5
user_4,tt0166485,6
user_4,tt0166813,7
user_4,tt0166896,7
user_4,tt0166924,7
user_4,tt0167190,6
user_4,tt0167260,8
user_4,tt0167261,9
user_4,tt0167400,9
user_4,tt0167404,9
user_4,tt0168629,9
user_4,tt0168987,8
user_4,tt0169102,8
user_4,tt0169547,9
user_4,tt0170016,6
user_4,tt0170691,8
user_4,tt0171433,6
user_4,tt0171804,6
user_4,tt0172156,4
user_4,tt0172493,6
user_4,tt0172495,9
user_4,tt0172684,7
user_4,tt0173840,6
user_4,tt0175142,5
user_4,tt0175880,6
user_4,tt0176783,7
user_4,tt0177347,6
user_4,tt0177789,7
user_4,tt0177971,6
user_4,tt0178737,9
user_4,tt0178868,6
user_4,tt0179626,6
user_4,tt0180073,6
user_4,tt0180093,9
user_4,tt0180748,8
user_4,tt0181051,6
user_4,tt0181627,6
user_4,tt0181689,7
user_4,tt0181739,6
user_4,tt0181852,7
user_4,tt0181865,7
user_4,tt0181875,7
user_4,tt0182789,8
user_4,tt0183505,7
user_4,tt0183523,7
user_4,tt0183649,7
user_4,tt0183790,6
user_4,tt0183869,7
user_4,tt0184894,5
user_4,tt0185014,8
user_4,tt0185125,8
user_4,tt0185183,3
user_4,tt0185431,5
user_4,tt0185481,9
user_4,tt0185937,7
user_4,tt0186045,5
user_4,tt0186151,6
user_4,tt0186566,6
user_4,tt0186894,5
user_4,tt0187078,6
user_4,tt0187393,7
user_4,tt0187738,8
user_4,tt0189584,8
user_4,tt0189916,5
user_4,tt0190138,8
user_4,tt0190230,4
user_4,tt0190268,7
user_4,tt0190332,7
user_4,tt0190590,6
user_4,tt0195685,7
user_4,tt0195714,6
user_4,tt0196223,4
user_4,tt0196229,6
user_4,tt0196857,4
user_4,tt0197384,6
user_4,tt0198021,8
user_4,tt0198781,7
user_4,tt0199753,6
user_4,tt0200465,8
user_4,tt0200550,5
user_4,tt0200654,8
user_4,tt0201631,8
user_4,tt0202470,7
user_4,tt0203009,9
user_4,tt0203019,9
user_4,tt0203119,7
user_4,tt0203540,8
user_4,tt0203632,9
user_4,tt0203975,4
user_4,tt0204137,5
user_4,tt0204626,6
user_4,tt0204946,5
user_4,tt0205000,7
user_4,tt0205418,3
user_4,tt0206314,5
user_4,tt0206420,4
user_4,tt0206634,8
user_4,tt0207201,6
user_4,tt0208003,5
user_4,tt0208092,8
user_4,tt0209144,9
user_4,tt0209163,4
user_4,tt0209475,7
user_4,tt0209958,6
user_4,tt0209972,3
user_4,tt0210234,7
user_4,tt0210358,6
user_4,tt0210727,8
user_4,tt0210945,7
user_4,tt0211181,5
user_4,tt0211915,8
user_4,tt0211933,8
user_4,tt0212338,8
user_4,tt0212346,6
user_4,tt0212380,8
user_4,tt0212712,7
user_4,tt0212720,7
user_4,tt0212985,7
user_4,tt0213149,8
user_4,tt0213847,7
user_4,tt0214265,7
user_4,tt0215129,5
user_4,tt0215750,7
user_4,tt0216216,5
user_4,tt0216787,6
user_4,tt0217505,7
user_4,tt0217680,6
user_4,tt0217869,8
user_4,tt0218839,7
user_4,tt0218967,8
user_4,tt0219699,7
user_4,tt0219854,6
user_4,tt0219965,6
user_4,tt0220099,8
user_4,tt0221027,7
user_4,tt0222012,8
user_4,tt0222851,8
user_4,tt0223490,5
user_4,tt0223897,6
user_4,tt0226873,7
user_4,tt0227066,7
user_4,tt0227445,6
user_4,tt0227538,5
user_4,tt0228750,5
user_4,tt0230011,9
user_4,tt0230030,7
user_4,tt0230600,6
user_4,tt0230838,8
user_4,tt0231448,6
user_4,tt0232500,8
user_4,tt0233142,6
user_4,tt0233289,4
user_4,tt0234215,6
user_4,tt0235198,6
user_4,tt0235606,4
user_4,tt0236493,5
user_4,tt0237038,10
user_4,tt0237534,8
user_4,tt0238380,7
user_4,tt0239395,4
user_4,tt0240772,8
user_4,tt0240890,8
user_4,tt0241025,5
user_4,tt0241303,10
user_4,tt0241527,7
user_4,tt0242423,5
user_4,tt0242508,5
user_4,tt0242653,9
user_4,tt0242998,5
user_4,tt0243133,8
user_4,tt0243155,7
user_4,tt0243255,5
user_4,tt0243585,7
user_4,tt0243655,7
user_4,tt0244244,5
user_4,tt0245429,10
user_4,tt0245562,6
user_4,tt0245574,7
user_4,tt0245674,4
user_4,tt0245686,6
user_4,tt0245712,8
user_4,tt0245803,6
user_4,tt0245844,9
user_4,tt0246460,7
user_4,tt0246578,8
user_4,tt0246894,4
user_4,tt0246989,5
user_4,tt0247425,5
user_4,tt0247638,6
user_4,tt0247745,7
user_4,tt0248126,6
user_4,tt0248408,6
user_4,tt0248667,7
user_4,tt0249462,9
user_4,tt0250081,7
user_4,tt0250223,8
user_4,tt0250224,6
user_4,tt0250258,7
user_4,tt0250415,6
user_4,tt0250478,8
user_4,tt0250494,6
user_4,tt0250687,8
user_4,tt0250797,7
user_4,tt0251075,7
user_4,tt0251127,8
user_4,tt0251160,8
user_4,tt0251736,7
user_4,tt0252076,7
user_4,tt0252488,8
user_4,tt0252490,10
user_4,tt0252503,5
user_4,tt0252866,7
user_4,tt0253474,8
user_4,tt0253556,8
user_4,tt0253754,7
user_4,tt0253779,9
user_4,tt0253867,5
user_4,tt0253991,10
user_4,tt0253997,10
user_4,tt0254455,7
user_4,tt0254686,6
user_4,tt0255140,7
user_4,tt0255289,7
user_4,tt0256380,5
user_4,tt0256415,6
user_4,tt0256524,6
user_4,tt0256692,7
user_4,tt0257044,7
user_4,tt0257076,7
user_4,tt0257106,6
user_4,tt0257360,6
user_4,tt0257516,6
user_4,tt0257909,8
user_4,tt0258000,5
user_4,tt0258153,8
user_4,tt0258463,8
user_4,tt0258470,5
user_4,tt0258816,7
user_4,tt0259324,7
user_4,tt0259446,6
user_4,tt0259711,6
user_4,tt0260991,8
user_4,tt0261392,5
user_4,tt0262527,5
user_4,tt0263488,6
user_4,tt0263757,6
user_4,tt0264395,9
user_4,tt0264464,7
user_4,tt0264472,7
user_4,tt0264616,8
user_4,tt0264761,6
user_4,tt0264935,7
user_4,tt0265029,5
user_4,tt0265086,9
user_4,tt0265208,7
user_4,tt0265349,6
user_4,tt0265459,5
user_4,tt0265666,7
user_4,tt0266308,6
user_4,tt0266452,7
user_4,tt0266465,7
user_4,tt0266543,10
user_4,tt0266697,7
user_4,tt0266915,7
user_4,tt0266987,7
user_4,tt0267626,6
user_4,tt0267913,6
user_4,tt0268126,9
user_4,tt0268380,9
user_4,tt0268695,6
user_4,tt0268978,7
user_4,tt0268995,8
user_4,tt0269281,7
user_4,tt0269347,8
user_4,tt0270707,5
user_4,tt0271027,6
user_4,tt0271367,7
user_4,tt0272152,8
user_4,tt0272207,9
user_4,tt0272338,8
user_4,tt0273923,8
user_4,tt0273982,6
user_4,tt0274117,8
user_4,tt0274166,7
user_4,tt0274309,8
user_4,tt0274558,8
user_4,tt0274812,9
user_4,tt0275277,8
user_4,tt0275491,7
user_4,tt0275719,8
user_4,tt0275847,9
user_4,tt0276751,8
user_4,tt0276919,10
user_4,tt0277027,8
user_4,tt0277296,6
user_4,tt0277371,5
user_4,tt0277434,7
user_4,tt0278435,7
user_4,tt0278504,7
user_4,tt0279111,8
user_4,tt0280460,5
user_4,tt0280486,5
user_4,tt0280590,8
user_4,tt0280609,8
user_4,tt0280665,6
user_4,tt0280760,9
user_4,tt0281358,7
user_4,tt0281373,5
user_4,tt0282687,6
user_4,tt0283003,7
user_4,tt0283026,5
user_4,tt0283111,6
user_4,tt0283426,5
user_4,tt0283509,7
user_4,tt0284837,6
user_4,tt0285492,6
user_4,tt0285531,6
user_4,tt0285742,7
user_4,tt0285823,8
user_4,tt0286106,6
user_4,tt0286112,6
user_4,tt0286179,8
user_4,tt0286499,6
user_4,tt0286635,8
user_4,tt0286716,5
user_4,tt0287400,4
user_4,tt0287467,7
user_4,tt0287537,7
user_4,tt0287978,4
user_4,tt0288477,6
user_4,tt0289043,8
user_4,tt0289408,6
user_4,tt0289765,9
user_4,tt0289848,6
user_4,tt0289879,8
user_4,tt0289944,5
user_4,tt0289992,7
user_4,tt0290002,8
user_4,tt0290095,6
user_4,tt0290329,6
user_4,tt0290334,9
user_4,tt0290673,9
user_4,tt0291502,5
user_4,tt0292490,9
user_4,tt0292506,7
user_4,tt0292963,9
user_4,tt0293508,9
user_4,tt0293564,6
user_4,tt0293662,7
user_4,tt0293715,10
user_4,tt0294280,5
user_4,tt0294870,7
user_4,tt0295178,7
user_4,tt0295254,4
user_4,tt0295297,7
user_4,tt0295700,5
user_4,tt0295701,4
user_4,tt0296042,7
user_4,tt0296572,7
user_4,tt0296696,7
user_4,tt0298050,6
user_4,tt0298130,9
user_4,tt0298148,9
user_4,tt0298203,7
user_4,tt0298228,7
user_4,tt0298814,6
user_4,tt0298845,8
user_4,tt0299040,7
user_4,tt0299117,7
user_4,tt0299658,8
user_4,tt0299977,8
user_4,tt0300051,6
user_4,tt0300471,8
user_4,tt0300556,7
user_4,tt0301357,8
user_4,tt0301634,9
user_4,tt0302640,5
user_4,tt0302886,7
user_4,tt0303243,8
user_4,tt0303816,5
user_4,tt0304141,7
user_4,tt0304415,6
user_4,tt0304669,5
user_4,tt0305224,8
user_4,tt0305357,5
user_4,tt0306047,4
user_4,tt0306359,7
user_4,tt0306846,7
user_4,tt0306951,7
user_4,tt0307453,6
user_4,tt0307479,6
user_4,tt0307901,8
user_4,tt0307987,7
user_4,tt0308055,8
user_4,tt0308383,7
user_4,tt0308506,5
user_4,tt0308644,8
user_4,tt0309377,5
user_4,tt0309530,6
user_4,tt0309593,7
user_4,tt0309698,8
user_4,tt0309820,7
user_4,tt0309987,6
user_4,tt0310203,8
user_4,tt0310298,5
user_4,tt0310775,8
user_4,tt0311113,6
user_4,tt0311289,6
user_4,tt0311429,7
user_4,tt0311519,7
user_4,tt0312004,8
user_4,tt0313443,7
user_4,tt0313542,6
user_4,tt0313737,6
user_4,tt0314180,6
user_4,tt0314331,8
user_4,tt0314353,8
user_4,tt0314498,6
user_4,tt0314786,5
user_4,tt0315327,7
user_4,tt0315642,5
user_4,tt0315733,10
user_4,tt0315824,5
user_4,tt0315983,8
user_4,tt0316356,7
user_4,tt0316396,7
user_4,tt0316465,8
user_4,tt0316654,6
user_4,tt0316788,5
user_4,tt0317198,6
user_4,tt0317219,8
user_4,tt0317248,8
user_4,tt0317303,4
user_4,tt0317648,6
user_4,tt0317705,8
user_4,tt0317740,7
user_4,tt0317919,7
user_4,tt0318155,7
user_4,tt0318374,4
user_4,tt0318462,7
user_4,tt0318627,6
user_4,tt0318761,9
user_4,tt0319061,9
user_4,tt0319262,9
user_4,tt0319343,8
user_4,tt0320661,8
user_4,tt0320691,8
user_4,tt0322259,5
user_4,tt0322330,6
user_4,tt0322589,6
user_4,tt0324133,7
user_4,tt0324216,6
user_4,tt0325123,6
user_4,tt0325703,6
user_4,tt0325710,6
user_4,tt0325805,8
user_4,tt0325980,8
user_4,tt0327056,7
user_4,tt0327084,7
user_4,tt0327247,4
user_4,tt0327437,6
user_4,tt0327554,4
user_4,tt0327597,8
user_4,tt0327850,8
user_4,tt0328107,8
user_4,tt0328538,9
user_4,tt0328828,7
user_4,tt0328880,8
user_4,tt0329101,5
user_4,tt0330373,7
user_4,tt0330793,8
user_4,tt0331282,5
user_4,tt0331632,6
user_4,tt0331811,8
user_4,tt0331953,6
user_4,tt0332047,8
user_4,tt0332136,9
user_4,tt0332280,9
user_4,tt0332379,9
user_4,tt0332452,8
user_4,tt0333766,9
user_4,tt0335119,8
user_4,tt0335245,6
user_4,tt0335266,7
user_4,tt0335345,7
user_4,tt0335438,7
user_4,tt0337563,7
user_4,tt0337578,7
user_4,tt0337579,7
user_4,tt0337689,3
user_4,tt0337741,7
user_4,tt0337921,6
user_4,tt0337978,7
user_4,tt0338013,7
user_4,tt0338094,4
user_4,tt0338309,7
user_4,tt0338337,7
user_4,tt0338348,6
user_4,tt0338526,4
user_4,tt0338564,9
user_4,tt0338751,9
user_4,tt0338763,6
user_4,tt0339135,7
user_4,tt0339291,6
user_4,tt0339357,6
user_4,tt0340012,7
user_4,tt0340163,6
user_4,tt0340855,8
user_4,tt0342167,7
user_4,tt0342258,8
user_4,tt0343135,6
user_4,tt0343660,7
user_4,tt0343737,7
user_4,tt0343818,7
user_4,tt0344510,8
user_4,tt0345551,8
user_4,tt0345950,8
user_4,tt0346156,5
user_4,tt0346457,5
user_4,tt0346491,6
user_4,tt0346631,6
user_4,tt0347048,7
user_4,tt0347149,8
user_4,tt0347304,8
user_4,tt0347618,8
user_4,tt0348150,5
user_4,tt0348333,6
user_4,tt0348529,5
user_4,tt0348836,5
user_4,tt0349205,7
user_4,tt0349683,5
user_4,tt0349903,5
user_4,tt0350258,9
user_4,tt0351283,7
user_4,tt0351977,6
user_4,tt0352248,9
user_4,tt0353014,6
user_4,tt0353969,9
user_4,tt0355295,7
user_4,tt0355702,6
user_4,tt0356150,7
user_4,tt0356470,6
user_4,tt0356618,4
user_4,tt0356680,5
user_4,tt0356803,5
user_4,tt0356910,6
user_4,tt0357110,7
user_4,tt0357277,5
user_4,tt0357413,6
user_4,tt0358082,6
user_4,tt0358273,9
user_4,tt0359013,7
user_4,tt0359950,8
user_4,tt0360139,6
user_4,tt0360201,7
user_4,tt0360323,5
user_4,tt0360486,7
user_4,tt0360717,6
user_4,tt0361620,5
user_4,tt0361748,8
user_4,tt0361862,7
user_4,tt0361925,4
user_4,tt0362004,7
user_4,tt0362120,6
user_4,tt0362165,2
user_4,tt0362225,7
user_4,tt0362227,8
user_4,tt0362270,6
user_4,tt0362506,8
user_4,tt0363163,8
user_4,tt0363282,5
user_4,tt0363547,9
user_4,tt0363589,6
user_4,tt0363771,8
user_4,tt0363988,6
user_4,tt0364045,7
user_4,tt0364569,7
user_4,tt0364647,8
user_4,tt0364725,7
user_4,tt0364970,5
user_4,tt0365376,9
user_4,tt0365485,6
user_4,tt0365686,8
user_4,tt0365737,8
user_4,tt0365748,7
user_4,tt0365830,6
user_4,tt0365907,4
user_4,tt0365929,7
user_4,tt0366180,6
user_4,tt0366292,7
user_4,tt0366548,6
user_4,tt0366551,6
user_4,tt0366627,8
user_4,tt0367085,4
user_4,tt0367110,8
user_4,tt0367479,6
user_4,tt0367495,8
user_4,tt0367594,5
user_4,tt0367652,5
user_4,tt0367882,6
user_4,tt0367913,6
user_4,tt0367959,6
user_4,tt0368008,8
user_4,tt0368447,5
user_4,tt0368709,7
user_4,tt0368794,7
user_4,tt0368891,6
user_4,tt0368909,7
user_4,tt0368913,6
user_4,tt0369226,4
user_4,tt0369339,8
user_4,tt0369436,6
user_4,tt0369441,7
user_4,tt0369610,6
user_4,tt0370032,5
user_4,tt0370263,6
user_4,tt0370986,9
user_4,tt0371246,5
user_4,tt0371257,6
user_4,tt0371606,6
user_4,tt0371724,8
user_4,tt0371746,8
user_4,tt0372183,6
user_4,tt0372588,6
user_4,tt0372784,9
user_4,tt0372824,9
user_4,tt0373024,9
user_4,tt0373051,5
user_4,tt0373074,9
user_4,tt0373469,8
user_4,tt0373883,6
user_4,tt0373889,5
user_4,tt0373908,4
user_4,tt0373926,6
user_4,tt0373981,6
user_4,tt0374102,6
user_4,tt0374252,5
user_4,tt0374271,8
user_4,tt0374536,7
user_4,tt0374546,9
user_4,tt0374563,5
user_4,tt0374583,7
user_4,tt0374887,7
user_4,tt0374900,7
user_4,tt0375063,8
user_4,tt0375100,6
user_4,tt0375173,7
user_4,tt0375210,7
user_4,tt0375679,8
user_4,tt0375735,6
user_4,tt0375912,7
user_4,tt0376136,5
user_4,tt0376541,6
user_4,tt0376994,7
user_4,tt0377062,7
user_4,tt0377084,7
user_4,tt0377092,8
user_4,tt0377109,4
user_4,tt0377713,6
user_4,tt0377818,6
user_4,tt0378109,4
user_4,tt0378194,8
user_4,tt0378284,6
user_4,tt0378897,8
user_4,tt0379217,6
user_4,tt0379725,7
user_4,tt0379786,6
user_4,tt0379865,5
user_4,tt0379956,6
user_4,tt0380510,7
user_4,tt0381061,8
user_4,tt0381442,5
user_4,tt0381681,8
user_4,tt0381707,5
user_4,tt0381849,6
user_4,tt0382077,6
user_4,tt0382330,7
user_4,tt0382625,6
user_4,tt0382628,5
user_4,tt0382932,7
user_4,tt0383028,7
user_4,tt0383216,5
user_4,tt0383222,3
user_4,tt0383574,8
user_4,tt0384116,8
user_4,tt0384504,9
user_4,tt0384537,6
user_4,tt0384680,8
user_4,tt0384793,6
user_4,tt0384806,4
user_4,tt0385002,9
user_4,tt0385004,6
user_4,tt0385568,7
user_4,tt0385752,9
user_4,tt0385880,7
user_4,tt0386064,7
user_4,tt0386117,8
user_4,tt0386140,6
user_4,tt0386588,7
user_4,tt0386820,7
user_4,tt0387131,8
user_4,tt0387514,6
user_4,tt0387564,9
user_4,tt0387575,5
user_4,tt0387808,6
user_4,tt0387877,5
user_4,tt0387898,10
user_4,tt0388125,6
user_4,tt0388473,8
user_4,tt0388482,7
user_4,tt0388500,7
user_4,tt0388505,8
user_4,tt0388795,5
user_4,tt0388838,9
user_4,tt0388980,8
user_4,tt0389722,6
user_4,tt0389790,5
user_4,tt0389860,7
user_4,tt0390221,9
user_4,tt0390384,7
user_4,tt0391198,6
user_4,tt0391304,6
user_4,tt0393109,7
user_4,tt0393162,8
user_4,tt0395169,8
user_4,tt0395584,7
user_4,tt0395699,6
user_4,tt0395972,7
user_4,tt0396171,8
user_4,tt0396269,6
user_4,tt0396555,7
user_4,tt0397065,6
user_4,tt0397078,5
user_4,tt0397101,7
user_4,tt0397535,8
user_4,tt0397892,8
user_4,tt0398017,6
user_4,tt0398165,5
user_4,tt0398286,7
user_4,tt0398375,6
user_4,tt0398712,6
user_4,tt0398808,7
user_4,tt0399072,9
user_4,tt0399146,7
user_4,tt0399201,7
user_4,tt0399295,6
user_4,tt0399854,7
user_4,tt0400717,6
user_4,tt0401233,6
user_4,tt0401383,6
user_4,tt0401445,8
user_4,tt0401711,7
user_4,tt0401729,7
user_4,tt0401792,10
user_4,tt0401855,6
user_4,tt0402022,3
user_4,tt0402115,4
user_4,tt0402399,8
user_4,tt0402607,3
user_4,tt0402894,5
user_4,tt0403508,7
user_4,tt0404030,9
user_4,tt0404032,8
user_4,tt0404203,9
user_4,tt0404390,10
user_4,tt0405094,9
user_4,tt0405159,8
user_4,tt0405163,7
user_4,tt0405296,8
user_4,tt0405325,6
user_4,tt0405422,7
user_4,tt0405508,8
user_4,tt0406375,7
user_4,tt0406816,6
user_4,tt0407251,6
user_4,tt0407304,7
user_4,tt0407621,6
user_4,tt0407887,9
user_4,tt0408236,8
user_4,tt0408253,4
user_4,tt0408306,7
user_4,tt0408345,7
user_4,tt0408790,7
user_4,tt0408839,7
user_4,tt0408961,5
user_4,tt0409182,7
user_4,tt0409459,9
user_4,tt0409847,6
user_4,tt0410297,8
user_4,tt0410764,6
user_4,tt0411061,5
user_4,tt0411270,7
user_4,tt0411477,6
user_4,tt0411815,5
user_4,tt0412019,8
user_4,tt0412080,5
user_4,tt0412637,8
user_4,tt0412922,10
user_4,tt0413099,5
user_4,tt0413267,7
user_4,tt0413300,9
user_4,tt0413466,6
user_4,tt0413895,8
user_4,tt0414055,7
user_4,tt0414387,6
user_4,tt0414852,6
user_4,tt0414853,6
user_4,tt0414982,6
user_4,tt0414993,8
user_4,tt0415306,8
user_4,tt0415489,5
user_4,tt0415678,5
user_4,tt0415978,7
user_4,tt0416044,7
user_4,tt0416212,8
user_4,tt0416236,5
user_4,tt0416315,5
user_4,tt0416316,7
user_4,tt0416320,7
user_4,tt0416449,6
user_4,tt0416508,8
user_4,tt0417001,6
user_4,tt0417148,6
user_4,tt0417189,8
user_4,tt0417241,8
user_4,tt0417433,6
user_4,tt0417658,6
user_4,tt0417741,8
user_4,tt0418279,8
user_4,tt0418455,8
user_4,tt0418689,7
user_4,tt0418763,9
user_4,tt0418773,8
user_4,tt0418819,5
user_4,tt0419198,8
user_4,tt0419706,6
user_4,tt0419887,8
user_4,tt0419946,4
user_4,tt0420087,7
user_4,tt0420223,8
user_4,tt0420238,6
user_4,tt0420294,6
user_4,tt0420509,8
user_4,tt0421054,6
user_4,tt0421073,5
user_4,tt0421082,7
user_4,tt0421238,8
user_4,tt0421239,5
user_4,tt0421715,8
user_4,tt0422720,8
user_4,tt0422774,5
user_4,tt0423866,7
user_4,tt0423977,8
user_4,tt0424095,7
user_4,tt0424136,8
user_4,tt0424345,9
user_4,tt0424774,4
user_4,tt0424867,5
user_4,tt0424880,8
user_4,tt0424993,5
user_4,tt0425061,9
user_4,tt0425112,9
user_4,tt0425123,6
user_4,tt0425196,7
user_4,tt0425210,8
user_4,tt0425235,9
user_4,tt0425326,9
user_4,tt0425413,6
user_4,tt0426883,7
user_4,tt0426931,9
user_4,tt0427152,6
user_4,tt0427229,5
user_4,tt0427309,8
user_4,tt0427327,7
user_4,tt0427392,6
user_4,tt0427944,5
user_4,tt0427969,6
user_4,tt0429177,7
user_4,tt0429493,7
user_4,tt0430105,7
user_4,tt0430304,7
user_4,tt0430357,5
user_4,tt0430922,4
user_4,tt0431021,6
user_4,tt0431197,6
user_4,tt0431308,8
user_4,tt0432021,6
user_4,tt0432283,10
user_4,tt0432348,7
user_4,tt0433035,7
user_4,tt0433362,6
user_4,tt0433383,7
user_4,tt0433387,8
user_4,tt0433400,5
user_4,tt0434409,9
user_4,tt0435625,7
user_4,tt0435651,6
user_4,tt0435705,8
user_4,tt0435761,9
user_4,tt0436697,6
user_4,tt0437086,9
user_4,tt0437407,8
user_4,tt0437857,6
user_4,tt0437863,4
user_4,tt0438097,5
user_4,tt0438488,7
user_4,tt0439434,9
user_4,tt0439477,6
user_4,tt0439815,6
user_4,tt0440445,6
user_4,tt0440963,8
user_4,tt0441048,5
user_4,tt0441773,9
user_4,tt0441909,7
user_4,tt0442933,6
user_4,tt0443272,8
user_4,tt0443274,6
user_4,tt0443453,8
user_4,tt0443465,6
user_4,tt0443473,4
user_4,tt0443536,8
user_4,tt0443543,8
user_4,tt0443559,8
user_4,tt0443567,6
user_4,tt0443649,5
user_4,tt0443680,8
user_4,tt0443701,7
user_4,tt0443706,7
user_4,tt0445691,5
user_4,tt0445922,7
user_4,tt0445934,5
user_4,tt0445953,9
user_4,tt0445990,9
user_4,tt0446013,5
user_4,tt0446029,8
user_4,tt0446747,6
user_4,tt0446755,8
user_4,tt0448011,5
user_4,tt0448115,8
user_4,tt0448134,6
user_4,tt0448157,7
user_4,tt0448564,4
user_4,tt0448694,6
user_4,tt0449010,5
user_4,tt0449059,9
user_4,tt0449061,6
user_4,tt0449088,10
user_4,tt0449089,5
user_4,tt0449467,5
user_4,tt0449471,5
user_4,tt0449869,7
user_4,tt0450188,8
user_4,tt0450232,5
user_4,tt0450259,8
user_4,tt0450278,7
user_4,tt0450345,5
user_4,tt0450385,6
user_4,tt0450405,4
user_4,tt0451079,7
user_4,tt0451094,7
user_4,tt0451134,8
user_4,tt0451279,8
user_4,tt0452594,5
user_4,tt0452598,7
user_4,tt0452608,6
user_4,tt0452623,5
user_4,tt0452625,7
user_4,tt0452637,5
user_4,tt0452643,7
user_4,tt0452694,7
user_4,tt0452702,5
user_4,tt0453451,5
user_4,tt0453453,6
user_4,tt0453467,7
user_4,tt0453562,8
user_4,tt0454841,5
user_4,tt0454848,8
user_4,tt0454876,9
user_4,tt0454921,9
user_4,tt0454945,8
user_4,tt0455323,6
user_4,tt0455407,7
user_4,tt0455590,7
user_4,tt0455760,7
user_4,tt0455824,8
user_4,tt0455857,5
user_4,tt0455944,8
user_4,tt0456149,9
user_4,tt0456554,8
user_4,tt0457400,6
user_4,tt0457430,8
user_4,tt0457433,4
user_4,tt0457495,6
user_4,tt0457510,6
user_4,tt0457513,5
user_4,tt0457572,9
user_4,tt0457655,9
user_4,tt0457939,7
user_4,tt0458339,9
user_4,tt0458352,7
user_4,tt0458481,6
user_4,tt0458525,5
user_4,tt0460740,6
user_4,tt0460745,7
user_4,tt0460780,3
user_4,tt0460791,6
user_4,tt0460792,5
user_4,tt0460829,8
user_4,tt0460898,5
user_4,tt0460989,8
user_4,tt0461770,7
user_4,tt0462200,6
user_4,tt0462322,8
user_4,tt0462396,5
user_4,tt0462499,8
user_4,tt0462504,7
user_4,tt0462538,7
user_4,tt0462590,7
user_4,tt0463034,6
user_4,tt0463854,7
user_4,tt0463985,7
user_4,tt0463998,8
user_4,tt0464141,7
user_4,tt0464154,5
user_4,tt0465234,8
user_4,tt0465494,6
user_4,tt0465538,8
user_4,tt0465551,8
user_4,tt0465580,6
user_4,tt0465602,7
user_4,tt0466342,3
user_4,tt0466460,8
user_4,tt0467197,6
user_4,tt0467200,6
user_4,tt0467406,9
user_4,tt0468492,6
user_4,tt0468569,9
user_4,tt0469021,7
user_4,tt0469494,7
user_4,tt0469623,8
user_4,tt0469641,6
user_4,tt0470752,9
user_4,tt0471041,6
user_4,tt0471042,6
user_4,tt0472033,8
user_4,tt0472043,9
user_4,tt0472062,7
user_4,tt0472160,7
user_4,tt0472181,5
user_4,tt0472198,6
user_4,tt0472399,9
user_4,tt0473075,8
user_4,tt0473308,9
user_4,tt0473356,6
user_4,tt0473360,6
user_4,tt0473367,9
user_4,tt0473705,8
user_4,tt0475263,5
user_4,tt0475276,7
user_4,tt0475290,6
user_4,tt0475298,4
user_4,tt0475394,6
user_4,tt0475944,6
user_4,tt0476735,9
user_4,tt0476964,7
user_4,tt0477051,5
user_4,tt0477080,7
user_4,tt0477139,7
user_4,tt0477302,7
user_4,tt0477347,5
user_4,tt0477348,7
user_4,tt0478087,7
user_4,tt0478304,8
user_4,tt0478311,7
user_4,tt0478329,4
user_4,tt0478970,9
user_4,tt0479143,8
user_4,tt0479884,7
user_4,tt0479952,7
user_4,tt0479968,4
user_4,tt0479997,4
user_4,tt0480025,7
user_4,tt0480242,7
user_4,tt0480249,8
user_4,tt0480255,8
user_4,tt0480687,7
user_4,tt0481141,9
user_4,tt0481369,7
user_4,tt0481499,8
user_4,tt0481536,6
user_4,tt0482088,7
user_4,tt0482571,9
user_4,tt0482572,7
user_4,tt0482599,4
user_4,tt0482606,5
user_4,tt0483607,5
user_4,tt0485851,6
user_4,tt0485863,7
user_4,tt0485947,8
user_4,tt0486551,7
user_4,tt0486572,8
user_4,tt0486576,6
user_4,tt0486655,8
user_4,tt0486674,6
user_4,tt0486822,6
user_4,tt0486946,4
user_4,tt0488023,5
user_4,tt0488120,8
user_4,tt0488164,4
user_4,tt0488604,5
user_4,tt0488798,8
user_4,tt0489099,6
user_4,tt0489270,8
user_4,tt0489281,7
user_4,tt0490181,6
user_4,tt0490204,9
user_4,tt0490215,8
user_4,tt0491175,5
user_4,tt0492044,7
user_4,tt0492956,8
user_4,tt0493402,4
user_4,tt0493464,6
user_4,tt0494222,7
user_4,tt0494238,8
user_4,tt0496436,4
user_4,tt0496806,6
user_4,tt0497137,5
user_4,tt0497465,7
user_4,tt0497915,8
user_4,tt0498097,7
user_4,tt0498353,5
user_4,tt0498380,8
user_4,tt0498399,9
user_4,tt0499262,9
user_4,tt0499448,7
user_4,tt0499549,7
user_4,tt0756683,8
user_4,tt0756703,6
user_4,tt0757223,7
user_4,tt0758730,1
user_4,tt0758746,3
user_4,tt0758752,7
user_4,tt0758758,9
user_4,tt0758766,7
user_4,tt0758774,7
user_4,tt0758794,8
user_4,tt0760329,8
user_4,tt0762107,3
user_4,tt0762125,6
user_4,tt0765010,7
user_4,tt0765120,7
user_4,tt0765429,7
user_4,tt0765443,7
user_4,tt0768212,7
user_4,tt0770703,7
user_4,tt0770752,5
user_4,tt0770772,4
user_4,tt0770828,8
user_4,tt0772176,6
user_4,tt0775552,4
user_4,tt0778784,7
user_4,tt0780504,9
user_4,tt0780521,8
user_4,tt0780536,8
user_4,tt0780571,6
user_4,tt0780622,5
user_4,tt0780653,7
user_4,tt0783233,8
user_4,tt0783532,9
user_4,tt0785007,5
user_4,tt0785077,2
user_4,tt0787475,8
user_4,tt0790623,7
user_4,tt0790636,9
user_4,tt0790686,5
user_4,tt0790712,7
user_4,tt0790724,6
user_4,tt0790736,5
user_4,tt0795368,8
user_4,tt0795421,8
user_4,tt0795461,4
user_4,tt0795493,7
user_4,tt0796366,8
user_4,tt0796375,6
user_4,tt0798817,6
user_4,tt0799949,3
user_4,tt0800027,8
user_4,tt0800039,7
user_4,tt0800069,4
user_4,tt0800080,6
user_4,tt0800241,8
user_4,tt0800320,5
user_4,tt0800369,7
user_4,tt0803096,9
user_4,tt0804443,6
user_4,tt0804497,5
user_4,tt0804522,7
user_4,tt0805526,7
user_4,tt0805564,7
user_4,tt0805570,7
user_4,tt0807758,6
user_4,tt0808151,7
user_4,tt0808244,6
user_4,tt0808279,8
user_4,tt0808357,7
user_4,tt0808417,9
user_4,tt0808510,7
user_4,tt0810819,8
user_4,tt0811080,6
user_4,tt0813547,8
user_4,tt0814022,6
user_4,tt0814255,5
user_4,tt0814314,8
user_4,tt0815236,7
user_4,tt0816442,7
user_4,tt0816462,5
user_4,tt0816692,10
user_4,tt0816711,6
user_4,tt0817230,7
user_4,tt0819714,7
user_4,tt0821640,5
user_4,tt0822832,8
user_4,tt0822847,5
user_4,tt0822854,8
user_4,tt0824747,7
user_4,tt0824758,5
user_4,tt0825232,7
user_4,tt0827503,8
user_4,tt0828103,5
user_4,tt0829150,5
user_4,tt0829297,8
user_4,tt0829459,7
user_4,tt0829482,8
user_4,tt0830515,8
user_4,tt0831387,6
user_4,tt0831887,4
user_4,tt0832266,7
user_4,tt0834001,5
user_4,tt0834541,8
user_4,tt0837562,7
user_4,tt0837563,6
user_4,tt0838221,8
user_4,tt0838247,7
user_4,tt0838283,8
user_4,tt0840361,8
user_4,tt0841046,6
user_4,tt0842926,7
user_4,tt0842929,8
user_4,tt0844286,7
user_4,tt0844471,7
user_4,tt0844479,5
user_4,tt0844847,8
user_4,tt0848228,10
user_4,tt0848537,8
user_4,tt0851578,8
user_4,tt0852713,3
user_4,tt0854670,8
user_4,tt0855895,6
user_4,tt0857376,6
user_4,tt0859163,6
user_4,tt0861689,6
user_4,tt0861739,8
user_4,tt0862467,6
user_4,tt0862856,8
user_4,tt0864835,7
user_4,tt0865556,7
user_4,tt0866439,7
user_4,tt0869977,7
user_4,tt0870111,7
user_4,tt0870984,7
user_4,tt0871510,9
user_4,tt0873886,5
user_4,tt0874306,4
user_4,tt0876563,10
user_4,tt0878804,7
user_4,tt0880578,7
user_4,tt0881320,6
user_4,tt0882977,6
user_4,tt0884328,7
user_4,tt0884732,6
user_4,tt0887883,6
user_4,tt0887912,7
user_4,tt0887971,5
user_4,tt0889573,7
user_4,tt0889583,7
user_4,tt0890870,5
user_4,tt0891592,4
user_4,tt0892318,7
user_4,tt0892769,10
user_4,tt0892782,8
user_4,tt0892791,5
user_4,tt0893412,5
user_4,tt0897361,4
user_4,tt0898367,6
user_4,tt0900387,5
user_4,tt0901476,7
user_4,tt0903624,7
user_4,tt0905372,7
user_4,tt0906665,6
user_4,tt0907657,10
user_4,tt0910936,7
user_4,tt0910970,9
user_4,tt0914798,6
user_4,tt0914863,7
user_4,tt0918927,8
user_4,tt0918940,7
user_4,tt0920464,8
user_4,tt0924129,8
user_4,tt0926084,9
user_4,tt0926129,5
user_4,tt0929425,7
user_4,tt0929632,5
user_4,tt0935075,7
user_4,tt0936501,9
user_4,tt0938283,5
user_4,tt0942385,6
user_4,tt0944835,8
user_4,tt0945513,7
user_4,tt0947798,9
user_4,tt0947802,5
user_4,tt0947810,7
user_4,tt0948470,6
user_4,tt0949731,6
user_4,tt0951335,4
user_4,tt0952640,5
user_4,tt0955306,6
user_4,tt0955308,6
user_4,tt0959337,7
user_4,tt0960144,7
user_4,tt0960731,6
user_4,tt0961097,6
user_4,tt0962711,7
user_4,tt0962726,5
user_4,tt0962736,6
user_4,tt0963178,6
user_4,tt0963794,5
user_4,tt0963966,8
user_4,tt0964517,10
user_4,tt0964539,6
user_4,tt0970179,6
user_4,tt0970411,7
user_4,tt0970416,4
user_4,tt0970452,5
user_4,tt0970866,6
user_4,tt0972857,3
user_4,tt0974015,7
user_4,tt0974661,7
user_4,tt0975645,5
user_4,tt0976051,8
user_4,tt0976238,5
user_4,tt0978759,9
user_4,tt0978762,8
user_4,tt0978764,6
user_4,tt0980970,6
user_4,tt0981227,5
user_4,tt0983193,7
user_4,tt0985694,6
user_4,tt0985699,7
user_4,tt0986213,7
user_4,tt0986233,9
user_4,tt0986263,7
user_4,tt0986264,8
user_4,tt0988045,7
user_4,tt0988108,9
user_4,tt0988595,7
user_4,tt0989000,7
user_4,tt0989757,6
user_4,tt0990407,6
user_4,tt0993842,7
user_4,tt0993846,10
user_4,tt0994917,8
user_4,tt0995039,7
user_4,tt0995752,4
user_4,tt1000774,5
user_4,tt1001508,6
user_4,tt1001526,6
user_4,tt10017956,7
user_4,tt1006926,5
user_4,tt1007028,8
user_4,tt1007029,6
user_4,tt1010048,8
user_4,tt1013743,6
user_4,tt1013752,7
user_4,tt1013753,8
user_4,tt1013860,5
user_4,tt1014672,8
user_4,tt1014759,5
user_4,tt1014763,7
user_4,tt1016301,7
user_4,tt1017451,5
user_4,tt1017456,9
user_4,tt1017460,7
user_4,tt1018765,6
user_4,tt1018785,7
user_4,tt1019452,8
user_4,tt1020072,7
user_4,tt1020530,7
user_4,tt1020558,8
user_4,tt1020773,6
user_4,tt1020885,5
user_4,tt1022603,9
user_4,tt1023111,6
user_4,tt1023114,7
user_4,tt1023481,7
user_4,tt1024648,7
user_4,tt1024715,6
user_4,tt1024943,7
user_4,tt1027718,8
user_4,tt1027820,6
user_4,tt1028528,7
user_4,tt1028532,8
user_4,tt1028576,8
user_4,tt1029137,7
user_4,tt1029234,6
user_4,tt1029360,4
user_4,tt1032751,7
user_4,tt1032755,6
user_4,tt1032815,6
user_4,tt1032825,8
user_4,tt1033575,9
user_4,tt1033643,8
user_4,tt1034010,4
user_4,tt1034032,5
user_4,tt1034303,7
user_4,tt1034314,8
user_4,tt1034415,7
user_4,tt1035736,7
user_4,tt1037705,7
user_4,tt1038686,4
user_4,tt1038919,5
user_4,tt1038988,7
user_4,tt1041829,9
user_4,tt1045658,8
user_4,tt1045772,8
user_4,tt1045778,6
user_4,tt1046173,8
user_4,tt1046947,7
user_4,tt1049413,8
user_4,tt1050160,7
user_4,tt1051904,7
user_4,tt1051906,6
user_4,tt1053424,6
user_4,tt1053810,7
user_4,tt1054606,7
user_4,tt1055292,8
user_4,tt1055369,6
user_4,tt1057500,7
user_4,tt1058017,7
user_4,tt1059786,7
user_4,tt1060277,7
user_4,tt1063669,8
user_4,tt1064932,7
user_4,tt1065073,9
user_4,tt1067106,7
user_4,tt1067583,8
user_4,tt1067774,7
user_4,tt1068649,9
user_4,tt1068680,6
user_4,tt1070750,5
user_4,tt1071875,5
user_4,tt1073105,6
user_4,tt1073498,4
user_4,tt1074638,7
user_4,tt1075417,4
user_4,tt1077258,5
user_4,tt1077368,7
user_4,tt1078588,7
user_4,tt1078912,6
user_4,tt1078940,6
user_4,tt1080016,6
user_4,tt1082009,6
user_4,tt1082868,7
user_4,tt1082886,6
user_4,tt1083452,8
user_4,tt1083462,5
user_4,tt1086772,5
user_4,tt1091191,9
user_4,tt1091722,8
user_4,tt1092026,9
user_4,tt1092633,6
user_4,tt1093357,6
user_4,tt1093908,6
user_4,tt1094278,7
user_4,tt1095217,6
user_4,tt10964430,6
user_4,tt1098327,2
user_4,tt1099212,6
user_4,tt1100089,5
user_4,tt1103153,4
user_4,tt1104001,8
user_4,tt1109624,7
user_4,tt1111422,6
user_4,tt1112782,6
user_4,tt1114677,5
user_4,tt1114740,5
user_4,tt1117385,8
user_4,tt1119191,7
user_4,tt1119646,8
user_4,tt1120985,7
user_4,tt1121096,5
user_4,tt1121794,8
user_4,tt1121931,5
user_4,tt1124035,7
user_4,tt1124037,10
user_4,tt1125849,6
user_4,tt1126590,6
user_4,tt1127180,7
user_4,tt1127715,8
user_4,tt1127883,5
user_4,tt1129442,7
user_4,tt1130080,6
user_4,tt1130884,7
user_4,tt1130981,7
user_4,tt1131729,7
user_4,tt1131734,7
user_4,tt1132620,7
user_4,tt1132626,5
user_4,tt1133985,5
user_4,tt1134629,7
user_4,tt1135487,7
user_4,tt1135503,9
user_4,tt1135985,7
user_4,tt1136608,8
user_4,tt1137450,8
user_4,tt1139328,6
user_4,tt1139797,7
user_4,tt1142977,5
user_4,tt1142988,7
user_4,tt1144884,5
user_4,tt1148204,7
user_4,tt1151922,5
user_4,tt1152836,8
user_4,tt1153706,6
user_4,tt1155056,7
user_4,tt1155076,6
user_4,tt1156173,6
user_4,tt1156398,7
user_4,tt1160996,6
user_4,tt1161864,8
user_4,tt1164999,9
user_4,tt1166100,8
user_4,tt1170358,6
user_4,tt1172049,6
user_4,tt1172233,8
user_4,tt1172570,10
user_4,tt1174732,8
user_4,tt1176960,7
user_4,tt1178663,6
user_4,tt1179034,8
user_4,tt1179056,5
user_4,tt1179904,8
user_4,tt1179933,9
user_4,tt1181614,6
user_4,tt1182345,7
user_4,tt1182884,4
user_4,tt1183252,8
user_4,tt1185416,6
user_4,tt1185834,6
user_4,tt1186367,8
user_4,tt1186830,7
user_4,tt1187043,10
user_4,tt1187064,8
user_4,tt1188729,8
user_4,tt1188982,6
user_4,tt1188990,7
user_4,tt1188996,9
user_4,tt1189073,8
user_4,tt1189340,9
user_4,tt1190080,6
user_4,tt1190536,6
user_4,tt1192628,6
user_4,tt1193138,7
user_4,tt1193507,7
user_4,tt1193516,5
user_4,tt1194173,8
user_4,tt1194263,8
user_4,tt1195478,6
user_4,tt1197624,7
user_4,tt1197628,5
user_4,tt1201167,6
user_4,tt1201607,8
user_4,tt1204342,7
user_4,tt1204975,7
user_4,tt1204977,4
user_4,tt1205489,8
user_4,tt1205537,6
user_4,tt1206543,6
user_4,tt1206885,5
user_4,tt1210106,5
user_4,tt1210166,10
user_4,tt1210361,5
user_4,tt1210819,6
user_4,tt1211837,8
user_4,tt1211956,6
user_4,tt1212419,6
user_4,tt1212450,6
user_4,tt1213641,8
user_4,tt1213644,2
user_4,tt1213663,6
user_4,tt1214962,6
user_4,tt1216475,5
user_4,tt1216487,7
user_4,tt1216492,8
user_4,tt1217209,7
user_4,tt1217613,7
user_4,tt1219289,8
user_4,tt1219827,8
user_4,tt1220198,6
user_4,tt1220634,7
user_4,tt1220719,9
user_4,tt1222817,6
user_4,tt1225822,8
user_4,tt1226229,8
user_4,tt1226753,7
user_4,tt1226774,7
user_4,tt1228705,7
user_4,tt1228987,6
user_4,tt1229238,7
user_4,tt1229340,6
user_4,tt1230213,7
user_4,tt1230385,9
user_4,tt1230414,6
user_4,tt1231583,6
user_4,tt1231587,5
user_4,tt1231593,5
user_4,tt1232200,4
user_4,tt1232776,6
user_4,tt1232829,5
user_4,tt1233227,6
user_4,tt1233301,6
user_4,tt1234548,7
user_4,tt1234654,6
user_4,tt1234721,6
user_4,tt1235124,5
user_4,tt1235189,6
user_4,tt1235522,5
user_4,tt1235841,8
user_4,tt1238304,3
user_4,tt1240982,6
user_4,tt1241317,3
user_4,tt1242432,6
user_4,tt1242460,7
user_4,tt1243957,8
user_4,tt1243974,8
user_4,tt1244754,8
user_4,tt1245492,6
user_4,tt1245526,8
user_4,tt1245539,6
user_4,tt1247640,6
user_4,tt1247657,7
user_4,tt1247690,7
user_4,tt1250777,9
user_4,tt1251761,5
user_4,tt1253863,8
user_4,tt1253864,6
user_4,tt1255953,8
user_4,tt1258137,6
user_4,tt1258197,8
user_4,tt1258972,5
user_4,tt1259521,5
user_4,tt1259528,7
user_4,tt1259571,6
user_4,tt1260567,5
user_4,tt12607910,6
user_4,tt1261945,6
user_4,tt1262416,8
user_4,tt1265990,7
user_4,tt1267297,7
user_4,tt1267406,7
user_4,tt1270262,7
user_4,tt1270761,7
user_4,tt1270797,6
user_4,tt1270798,8
user_4,tt1270835,6
user_4,tt1272878,5
user_4,tt1273235,4
user_4,tt1274296,8
user_4,tt1276104,7
user_4,tt1277953,6
user_4,tt1278340,8
user_4,tt1279935,8
user_4,tt1280558,8
user_4,tt1282140,9
user_4,tt1283542,4
user_4,tt1284575,6
user_4,tt1285016,8
user_4,tt1286126,7
user_4,tt1288558,7
user_4,tt1289401,4
user_4,tt1289403,7
user_4,tt1289406,6
user_4,tt1291150,6
user_4,tt1291570,8
user_4,tt1291584,8
user_4,tt1292566,7
user_4,tt1293847,6
user_4,tt1295072,7
user_4,tt1297919,5
user_4,tt1298649,4
user_4,tt1298650,6
user_4,tt1300854,7
user_4,tt1302006,7
user_4,tt1302011,8
user_4,tt1305806,9
user_4,tt1306980,8
user_4,tt1307068,7
user_4,tt1308728,6
user_4,tt1311699,7
user_4,tt1313092,7
user_4,tt1314655,6
user_4,tt1315981,7
user_4,tt1316037,1
user_4,tt1316536,8
user_4,tt1316622,4
user_4,tt1318514,6
user_4,tt1319569,9
user_4,tt1320244,7
user_4,tt1320253,6
user_4,tt1320261,5
user_4,tt1321860,6
user_4,tt1321870,8
user_4,tt1322269,6
user_4,tt1322312,7
user_4,tt1322930,5
user_4,tt1323045,6
user_4,tt1323594,8
user_4,tt1324059,7
user_4,tt1324999,7
user_4,tt1325004,6
user_4,tt1327194,7
user_4,tt1327601,4
user_4,tt1327773,8
user_4,tt1333092,7
user_4,tt1333125,4
user_4,tt1334102,7
user_4,tt1334260,8
user_4,tt1334470,5
user_4,tt1335975,7
user_4,tt1336006,6
user_4,tt1336617,5
user_4,tt1340138,6
user_4,tt1340800,8
user_4,tt1341167,7
user_4,tt1343092,7
user_4,tt1343097,8
user_4,tt1343727,8
user_4,tt1343740,5
user_4,tt1345836,9
user_4,tt1351224,8
user_4,tt1351685,6
user_4,tt1352824,7
user_4,tt1355630,4
user_4,tt1355631,7
user_4,tt1355644,6
user_4,tt1355683,6
user_4,tt1360860,7
user_4,tt1362103,5
user_4,tt1365050,9
user_4,tt1365519,6
user_4,tt1366344,6
user_4,tt1371111,6
user_4,tt1371150,6
user_4,tt1374992,6
user_4,tt1375666,8
user_4,tt1375670,6
user_4,tt1379182,8
user_4,tt1385826,7
user_4,tt1385867,5
user_4,tt1386588,7
user_4,tt1386691,6
user_4,tt1386697,9
user_4,tt1386703,7
user_4,tt1386932,6
user_4,tt1389072,5
user_4,tt1389096,7
user_4,tt1389137,6
user_4,tt1390411,5
user_4,tt1392170,5
user_4,tt1392190,8
user_4,tt1392214,8
user_4,tt1396218,6
user_4,tt1396484,8
user_4,tt1397280,6
user_4,tt1397514,5
user_4,tt1398426,8
user_4,tt1399103,8
user_4,tt1399683,8
user_4,tt1401152,6
user_4,tt1402488,8
user_4,tt1403865,9
user_4,tt1403981,6
user_4,tt1405365,8
user_4,tt1407084,6
user_4,tt1408101,9
user_4,tt1408253,6
user_4,tt1409024,6
user_4,tt1410063,7
user_4,tt1411238,5
user_4,tt1411250,7
user_4,tt1411697,8
user_4,tt1411704,7
user_4,tt1412386,7
user_4,tt1412393,5
user_4,tt1412528,5
user_4,tt1413492,8
user_4,tt1414382,7
user_4,tt1416801,7
user_4,tt1418377,5
user_4,tt1423995,6
user_4,tt1424381,5
user_4,tt1424797,8
user_4,tt1426361,7
user_4,tt1428538,6
user_4,tt1430132,4
user_4,tt1430607,6
user_4,tt1430612,7
user_4,tt1430626,5
user_4,tt1431045,7
user_4,tt1431181,8
user_4,tt1433108,6
user_4,tt1433207,6
user_4,tt1433811,8
user_4,tt1434447,7
user_4,tt1435513,6
user_4,tt1436045,5
user_4,tt1436562,7
user_4,tt1438176,6
user_4,tt1438298,8
user_4,tt1439572,7
user_4,tt1440129,5
user_4,tt1440161,6
user_4,tt1440292,9
user_4,tt1440728,6
user_4,tt1440732,5
user_4,tt1441326,7
user_4,tt1441395,6
user_4,tt1441952,7
user_4,tt1446192,9
user_4,tt1446714,8
user_4,tt1448755,6
user_4,tt1450321,8
user_4,tt1451409,8
user_4,tt1452628,4
user_4,tt1453405,5
user_4,tt1454029,9
user_4,tt1454468,8
user_4,tt1455811,5
user_4,tt1456635,7
user_4,tt1457767,8
user_4,tt1458175,7
user_4,tt1462041,6
user_4,tt1462050,3
user_4,tt1462758,7
user_4,tt1462769,7
user_4,tt1464174,6
user_4,tt1464540,5
user_4,tt1464763,6
user_4,tt1465487,8
user_4,tt1465522,8
user_4,tt1467304,5
user_4,tt1468703,3
user_4,tt1469304,6
user_4,tt1470023,7
user_4,tt1470827,5
user_4,tt1472584,5
user_4,tt1477076,6
user_4,tt1477109,7
user_4,tt1477834,7
user_4,tt1478338,8
user_4,tt1478964,6
user_4,tt1480295,5
user_4,tt1481572,8
user_4,tt1482459,7
user_4,tt1483013,6
user_4,tt1485796,6
user_4,tt1486185,5
user_4,tt1486190,8
user_4,tt1486834,5
user_4,tt1488555,5
user_4,tt1488606,7
user_4,tt1489887,6
user_4,tt1489889,6
user_4,tt1490017,8
user_4,tt1496025,6
user_4,tt1496422,6
user_4,tt1499658,7
user_4,tt1502397,7
user_4,tt1502404,5
user_4,tt1502407,6
user_4,tt1502712,7
user_4,tt1504320,8
user_4,tt1506999,6
user_4,tt1509767,6
user_4,tt1512235,8
user_4,tt1515091,9
user_4,tt1517260,7
user_4,tt1517451,9
user_4,tt1517489,4
user_4,tt1521197,7
user_4,tt1523483,7
user_4,tt1524137,8
user_4,tt1527186,6
user_4,tt1528100,5
user_4,tt1528854,6
user_4,tt1529240,5
user_4,tt1529572,6
user_4,tt1530535,8
user_4,tt1531663,7
user_4,tt1532503,9
user_4,tt1535108,5
user_4,tt1535109,8
user_4,tt1535438,6
user_4,tt1535612,4
user_4,tt1535616,7
user_4,tt1536044,5
user_4,tt1536537,7
user_4,tt1538403,7
user_4,tt1540133,8
user_4,tt1540741,5
user_4,tt1542344,10
user_4,tt1547230,5
user_4,tt1547234,6
user_4,tt1549572,9
user_4,tt1549920,10
user_4,tt1550312,7
user_4,tt1551621,6
user_4,tt1559547,7
user_4,tt1560220,8
user_4,tt1560747,6
user_4,tt1562871,5
user_4,tt1563738,8
user_4,tt1563742,5
user_4,tt1564367,6
user_4,tt1564585,5
user_4,tt1565958,7
user_4,tt1567609,9
user_4,tt1568338,7
user_4,tt1568346,8
user_4,tt1568911,7
user_4,tt1568921,7
user_4,tt1570728,10
user_4,tt1571222,7
user_4,tt1571234,6
user_4,tt1571249,6
user_4,tt1572306,5
user_4,tt1572315,5
user_4,tt1577052,5
user_4,tt1578275,5
user_4,tt1578882,3
user_4,tt1582507,4
user_4,tt1583420,7
user_4,tt1583421,5
user_4,tt1587310,7
user_4,tt1588170,6
user_4,tt1588173,9
user_4,tt1588334,4
user_4,tt1588398,4
user_4,tt1588880,9
user_4,tt1590089,7
user_4,tt1590193,7
user_4,tt1591095,5
user_4,tt1592525,5
user_4,tt1592873,6
user_4,tt1596343,8
user_4,tt1596346,6
user_4,tt1596350,6
user_4,tt1596363,8
user_4,tt1596365,7
user_4,tt1598778,7
user_4,tt1598822,5
user_4,tt1598828,7
user_4,tt1598873,6
user_4,tt1599348,7
user_4,tt1600196,7
user_4,tt1601913,8
user_4,tt1602613,8
user_4,tt1602620,6
user_4,tt1605630,6
user_4,tt1605717,7
user_4,tt1605783,7
user_4,tt1606180,7
user_4,tt1606378,4
user_4,tt1606389,8
user_4,tt1606392,8
user_4,tt1606761,7
user_4,tt1609479,7
user_4,tt1611224,6
user_4,tt1614989,8
user_4,tt1615065,5
user_4,tt1615147,8
user_4,tt1615160,7
user_4,tt1616195,7
user_4,tt1617661,4
user_4,tt1618430,6
user_4,tt1618434,5
user_4,tt1618442,7
user_4,tt1620719,7
user_4,tt1620935,6
user_4,tt1620981,5
user_4,tt1622547,6
user_4,tt1622979,4
user_4,tt1623205,7
user_4,tt1623288,7
user_4,tt1625346,6
user_4,tt1626135,4
user_4,tt1626146,8
user_4,tt1628055,4
user_4,tt1628841,4
user_4,tt1631867,6
user_4,tt1632544,8
user_4,tt1632708,7
user_4,tt1634003,7
user_4,tt1634122,7
user_4,tt1636826,8
user_4,tt1637688,6
user_4,tt1637706,8
user_4,tt1637725,7
user_4,tt1638002,7
user_4,tt1638328,6
user_4,tt1638355,8
user_4,tt1639426,9
user_4,tt1640459,5
user_4,tt1645170,7
user_4,tt1646971,9
user_4,tt1646987,6
user_4,tt1648112,4
user_4,tt1648179,7
user_4,tt1648190,5
user_4,tt1649303,10
user_4,tt1649419,9
user_4,tt1650062,8
user_4,tt1650554,8
user_4,tt1653665,7
user_4,tt1653690,7
user_4,tt1655420,8
user_4,tt1655441,9
user_4,tt1655442,7
user_4,tt1656190,8
user_4,tt1657507,7
user_4,tt1659337,7
user_4,tt1659619,7
user_4,tt1661199,7
user_4,tt1661382,6
user_4,tt1661420,7
user_4,tt1663143,6
user_4,tt1663202,9
user_4,tt1663662,8
user_4,tt1664806,8
user_4,tt1666186,4
user_4,tt1666287,6
user_4,tt1666801,8
user_4,tt1667321,7
user_4,tt1667353,5
user_4,tt1667889,5
user_4,tt1670345,10
user_4,tt1673434,6
user_4,tt1673734,9
user_4,tt1674771,6
user_4,tt1675192,5
user_4,tt1675434,8
user_4,tt1677720,8
user_4,tt1678044,5
user_4,tt1679335,6
user_4,tt1682180,6
user_4,tt1684548,4
user_4,tt1686067,8
user_4,tt1686784,7
user_4,tt1687901,5
user_4,tt1690953,6
user_4,tt1691916,7
user_4,tt1691917,4
user_4,tt1692486,7
user_4,tt1699513,3
user_4,tt1699755,6
user_4,tt1700841,6
user_4,tt1700844,6
user_4,tt1702439,9
user_4,tt1703199,6
user_4,tt1706593,10
user_4,tt1706620,7
user_4,tt1707386,7
user_4,tt1709143,6
user_4,tt1710417,5
user_4,tt1710627,5
user_4,tt1711425,6
user_4,tt1712170,6
user_4,tt1712192,8
user_4,tt1712261,6
user_4,tt1714203,5
user_4,tt1714206,6
user_4,tt1714209,3
user_4,tt1714866,7
user_4,tt1715873,6
user_4,tt1716777,6
user_4,tt1717715,4
user_4,tt1718199,7
user_4,tt1723121,8
user_4,tt1723811,6
user_4,tt1725795,7
user_4,tt1726592,6
user_4,tt1726669,7
user_4,tt1727388,7
user_4,tt1727770,6
user_4,tt1727776,7
user_4,tt1727824,9
user_4,tt1729637,7
user_4,tt1731141,9
user_4,tt1733105,7
user_4,tt1734493,6
user_4,tt1735898,6
user_4,tt1740047,9
user_4,tt1740707,7
user_4,tt1741243,5
user_4,tt1742334,6
user_4,tt1748122,8
user_4,tt1748197,5
user_4,tt1748227,7
user_4,tt1754656,9
user_4,tt1756799,7
user_4,tt1757769,6
user_4,tt1758595,4
user_4,tt1758830,6
user_4,tt1763264,5
user_4,tt1763303,8
user_4,tt1764234,7
user_4,tt1764651,7
user_4,tt1766094,8
user_4,tt1772264,7
user_4,tt1772341,8
user_4,tt1776143,7
user_4,tt1780798,6
user_4,tt1781769,8
user_4,tt1781922,8
user_4,tt1783732,6
user_4,tt1783781,2
user_4,tt1787988,8
user_4,tt1788391,6
user_4,tt1790809,6
user_4,tt1790864,7
user_4,tt1790885,6
user_4,tt1790886,7
user_4,tt1791528,6
user_4,tt1791682,6
user_4,tt1798188,7
user_4,tt1798684,7
user_4,tt1798709,8
user_4,tt1800241,5
user_4,tt1800246,5
user_4,tt1800302,8
user_4,tt1800741,8
user_4,tt1804642,7
user_4,tt1806913,5
user_4,tt1808015,6
user_4,tt1809398,8
user_4,tt1814621,4
user_4,tt1815862,7
user_4,tt1817273,8
user_4,tt1821480,9
user_4,tt1821549,10
user_4,tt1821658,6
user_4,tt1821694,5
user_4,tt1821700,8
user_4,tt1823672,7
user_4,tt1825683,9
user_4,tt1826590,6
user_4,tt1827487,8
user_4,tt1832381,6
user_4,tt1832382,7
user_4,tt1837703,6
user_4,tt1838544,5
user_4,tt1838571,8
user_4,tt1839492,8
user_4,tt1839596,8
user_4,tt1840309,6
user_4,tt1840417,6
user_4,tt1843866,8
user_4,tt1849718,5
user_4,tt1850457,6
user_4,tt1853728,9
user_4,tt1854564,6
user_4,tt1855199,8
user_4,tt1855325,6
user_4,tt1856101,8
user_4,tt1857670,8
user_4,tt1859650,7
user_4,tt1860213,7
user_4,tt1860242,9
user_4,tt1860357,6
user_4,tt1862079,9
user_4,tt1865505,7
user_4,tt1872181,7
user_4,tt1872194,6
user_4,tt1872818,7
user_4,tt1877832,9
user_4,tt1878870,7
user_4,tt1880984,6
user_4,tt1881002,6
user_4,tt1886493,5
user_4,tt1893256,7
user_4,tt1895587,9
user_4,tt1899353,7
user_4,tt1904996,8
user_4,tt1905041,9
user_4,tt1906347,7
user_4,tt1907668,7
user_4,tt1911644,7
user_4,tt1911662,6
user_4,tt1915581,6
user_4,tt1916708,6
user_4,tt1921064,5
user_4,tt1922777,8
user_4,tt1924396,7
user_4,tt1924429,8
user_4,tt1924435,6
user_4,tt1931533,8
user_4,tt1932718,6
user_4,tt1932767,7
user_4,tt1934234,9
user_4,tt1935179,6
user_4,tt1935302,5
user_4,tt1935859,6
user_4,tt1937149,8
user_4,tt1937390,7
user_4,tt1939659,6
user_4,tt1946347,7
user_4,tt1950186,9
user_4,tt1951261,8
user_4,tt1951264,9
user_4,tt1951265,6
user_4,tt1951266,7
user_4,tt1954470,7
user_4,tt1956620,5
user_4,tt1959490,5
user_4,tt1959563,8
user_4,tt1964418,6
user_4,tt1965065,5
user_4,tt1966359,5
user_4,tt1972571,6
user_4,tt1972591,6
user_4,tt1974419,7
user_4,tt1979319,8
user_4,tt1979320,8
user_4,tt1979376,8
user_4,tt1979388,6
user_4,tt1980209,7
user_4,tt1980929,7
user_4,tt1981115,8
user_4,tt1981128,6
user_4,tt1981677,9
user_4,tt1984110,6
user_4,tt1985019,6
user_4,tt1985949,6
user_4,tt1985966,6
user_4,tt1989485,3
user_4,tt1990314,7
user_4,tt1995390,6
user_4,tt2002718,5
user_4,tt2004420,5
user_4,tt2005151,7
user_4,tt2005374,7
user_4,tt2011159,8
user_4,tt2011971,7
user_4,tt2013293,7
user_4,tt2015381,8
user_4,tt2017038,7
user_4,tt2023587,5
user_4,tt2024432,7
user_4,tt2024469,5
user_4,tt2024544,8
user_4,tt2027138,6
user_4,tt2027178,7
user_4,tt2034031,6
user_4,tt2034800,7
user_4,tt2039338,6
user_4,tt2039393,5
user_4,tt2042568,7
user_4,tt2048865,5
user_4,tt2049543,5
user_4,tt2051879,4
user_4,tt2053425,8
user_4,tt2053463,7
user_4,tt2056771,6
user_4,tt2057392,7
user_4,tt2058673,7
user_4,tt2059255,9
user_4,tt2061869,4
user_4,tt2063013,7
user_4,tt2063781,6
user_4,tt2066051,9
user_4,tt2069715,6
user_4,tt2071550,7
user_4,tt2080374,8
user_4,tt2082152,5
user_4,tt2082197,8
user_4,tt2083383,8
user_4,tt2084970,9
user_4,tt2084989,6
user_4,tt2090465,7
user_4,tt2091256,5
user_4,tt2091935,7
user_4,tt2094766,6
user_4,tt2096672,7
user_4,tt2096673,9
user_4,tt2101341,6
user_4,tt2101441,6
user_4,tt2103281,7
user_4,tt2104080,4
user_4,tt2105044,7
user_4,tt2106361,5
user_4,tt2106476,7
user_4,tt2109248,6
user_4,tt2112206,9
user_4,tt2113681,7
user_4,tt2118775,6
user_4,tt2119532,9
user_4,tt2120120,6
user_4,tt2122283,10
user_4,tt2122340,7
user_4,tt2123170,3
user_4,tt2125435,7
user_4,tt2126235,6
user_4,tt2126355,6
user_4,tt2132285,4
user_4,tt2139555,7
user_4,tt2139881,7
user_4,tt2140203,9
user_4,tt2140373,9
user_4,tt2140379,7
user_4,tt2140465,6
user_4,tt2140479,6
user_4,tt2150332,8
user_4,tt2170299,8
user_4,tt2170439,8
user_4,tt2170593,7
user_4,tt2172934,7
user_4,tt2172935,10
user_4,tt2176013,7
user_4,tt2177771,6
user_4,tt2179116,9
user_4,tt2179136,8
user_4,tt2180411,6
user_4,tt2182256,6
user_4,tt2182972,6
user_4,tt2183034,7
user_4,tt2184339,5
user_4,tt2187115,7
user_4,tt2187153,8
user_4,tt2188749,5
user_4,tt2190467,6
user_4,tt2190838,5
user_4,tt2191701,6
user_4,tt2193215,4
user_4,tt2193418,5
user_4,tt2194499,10
user_4,tt2199571,6
user_4,tt2199711,8
user_4,tt2203308,7
user_4,tt2203939,7
user_4,tt2204243,7
user_4,tt2209418,9
user_4,tt2209764,6
user_4,tt2215477,6
user_4,tt2224026,9
user_4,tt2226417,7
user_4,tt2229499,8
user_4,tt2230358,8
user_4,tt2231461,6
user_4,tt2234025,6
user_4,tt2234155,7
user_4,tt2238050,6
user_4,tt2239822,7
user_4,tt2241351,7
user_4,tt2243621,6
user_4,tt2244901,5
user_4,tt2245084,8
user_4,tt2250912,6
user_4,tt2259122,6
user_4,tt2262227,8
user_4,tt2263944,9
user_4,tt2265171,8
user_4,tt2265398,6
user_4,tt2267968,6
user_4,tt2267998,9
user_4,tt2274648,7
user_4,tt2277860,8
user_4,tt2278388,8
user_4,tt2278871,8
user_4,tt2283336,5
user_4,tt2283362,10
user_4,tt2293640,7
user_4,tt2294449,8
user_4,tt2294629,6
user_4,tt2302755,7
user_4,tt2304771,6
user_4,tt2304933,5
user_4,tt2305051,8
user_4,tt2310332,8
user_4,tt2312718,6
user_4,tt2313189,6
user_4,tt2316204,4
user_4,tt2316411,7
user_4,tt2317337,7
user_4,tt2318601,9
user_4,tt2319580,7
user_4,tt2321549,7
user_4,tt2322441,3
user_4,tt2328900,6
user_4,tt2328922,6
user_4,tt2331143,7
user_4,tt2333598,7
user_4,tt2333784,7
user_4,tt2334871,4
user_4,tt2334873,9
user_4,tt2334879,7
user_4,tt2338151,8
user_4,tt2343793,7
user_4,tt2345112,6
user_4,tt2345759,5
user_4,tt2347569,6
user_4,tt2350496,8
user_4,tt2357291,6
user_4,tt2358412,6
user_4,tt2358891,9
user_4,tt2358911,8
user_4,tt2359024,7
user_4,tt2361317,6
user_4,tt2361509,8
user_4,tt2362778,8
user_4,tt2363213,5
user_4,tt2364841,4
user_4,tt2364897,4
user_4,tt2368553,7
user_4,tt2369135,7
user_4,tt2370248,9
user_4,tt2377322,6
user_4,tt2379713,8
user_4,tt2380307,9
user_4,tt2381111,6
user_4,tt2381249,8
user_4,tt2381941,6
user_4,tt2381991,5
user_4,tt2386237,5
user_4,tt2386490,7
user_4,tt2387433,7
user_4,tt2387499,6
user_4,tt2387559,7
user_4,tt2388715,6
user_4,tt2388771,7
user_4,tt2395199,5
user_4,tt2395427,9
user_4,tt2397535,6
user_4,tt2398231,7
user_4,tt2398249,6
user_4,tt2400275,6
user_4,tt2400463,6
user_4,tt2401621,8
user_4,tt2401715,7
user_4,tt2401878,5
user_4,tt2402927,5
user_4,tt2403029,3
user_4,tt2404181,6
user_4,tt2404233,6
user_4,tt2404311,9
user_4,tt2404435,8
user_4,tt2404461,8
user_4,tt2404463,9
user_4,tt2404738,6
user_4,tt2406252,7
user_4,tt2406566,7
user_4,tt2417568,1
user_4,tt2418440,7
user_4,tt2424988,8
user_4,tt2431286,7
user_4,tt2436386,7
user_4,tt2446042,7
user_4,tt2446980,5
user_4,tt2452200,8
user_4,tt2452386,8
user_4,tt2461150,6
user_4,tt2463288,5
user_4,tt2467046,5
user_4,tt2473682,6
user_4,tt2474024,5
user_4,tt2479478,6
user_4,tt2481498,8
user_4,tt2488496,9
user_4,tt2490326,8
user_4,tt2493486,7
user_4,tt2503944,7
user_4,tt2510894,7
user_4,tt2514338,6
user_4,tt2515034,6
user_4,tt2517300,7
user_4,tt2524172,9
user_4,tt2527336,6
user_4,tt2527338,7
user_4,tt2528814,6
user_4,tt2531344,5
user_4,tt2543164,8
user_4,tt2543472,10
user_4,tt2548396,7
user_4,tt2554274,5
user_4,tt2556308,9
user_4,tt2557478,6
user_4,tt2557490,6
user_4,tt2561546,6
user_4,tt2561572,6
user_4,tt2562232,7
user_4,tt2567026,7
user_4,tt2568862,6
user_4,tt2576852,8
user_4,tt2582496,7
user_4,tt2582500,3
user_4,tt2582782,8
user_4,tt2582784,6
user_4,tt2582802,7
user_4,tt2582846,8
user_4,tt2584384,8
user_4,tt2589640,5
user_4,tt2591814,7
user_4,tt2610768,3
user_4,tt2614684,7
user_4,tt2617828,10
user_4,tt2625810,7
user_4,tt2631186,7
user_4,tt2637276,7
user_4,tt2649128,7
user_4,tt2649554,7
user_4,tt2652092,7
user_4,tt2658126,8
user_4,tt2660888,7
user_4,tt2670882,7
user_4,tt2671706,8
user_4,tt2674426,8
user_4,tt2677722,9
user_4,tt2691734,3
user_4,tt2692250,5
user_4,tt2692904,5
user_4,tt2702724,6
user_4,tt2704998,6
user_4,tt2709768,9
user_4,tt2713180,8
user_4,tt2717822,5
user_4,tt2719848,9
user_4,tt2737050,7
user_4,tt2737304,8
user_4,tt2739338,5
user_4,tt2752772,6
user_4,tt2758880,9
user_4,tt2762506,8
user_4,tt2763304,8
user_4,tt2771200,7
user_4,tt2776878,7
user_4,tt2785032,7
user_4,tt2788710,7
user_4,tt2788732,8
user_4,tt2798920,8
user_4,tt2802144,9
user_4,tt2820852,7
user_4,tt2844994,6
user_4,tt2848292,7
user_4,tt2854926,6
user_4,tt2866360,8
user_4,tt2869728,7
user_4,tt2870612,6
user_4,tt2872718,7
user_4,tt2872732,7
user_4,tt2873282,6
user_4,tt2882328,8
user_4,tt2883434,7
user_4,tt2883512,7
user_4,tt2884206,10
user_4,tt2888046,8
user_4,tt2891174,7
user_4,tt2908446,6
user_4,tt2910274,5
user_4,tt2910904,9
user_4,tt2911666,8
user_4,tt2918436,7
user_4,tt2920808,6
user_4,tt2923316,6
user_4,tt2935476,7
user_4,tt2935510,6
user_4,tt2937366,6
user_4,tt2938956,6
user_4,tt2939912,7
user_4,tt2944198,6
user_4,tt2948356,9
user_4,tt2967006,6
user_4,tt2968804,4
user_4,tt2973854,5
user_4,tt2975578,6
user_4,tt2975590,7
user_4,tt2980516,7
user_4,tt2980592,8
user_4,tt2980648,7
user_4,tt2987732,7
user_4,tt2988020,7
user_4,tt2989524,7
user_4,tt2990140,8
user_4,tt2994190,7
user_4,tt3001638,6
user_4,tt3003800,7
user_4,tt3007512,7
user_4,tt3011894,8
user_4,tt3011960,4
user_4,tt3014866,5
user_4,tt3026144,4
user_4,tt3040964,8
user_4,tt3042408,8
user_4,tt3045616,6
user_4,tt3061836,4
user_4,tt3062096,7
user_4,tt3063516,7
user_4,tt3065204,8
user_4,tt3072482,5
user_4,tt3076658,8
user_4,tt3079380,6
user_4,tt3083008,7
user_4,tt3085500,4
user_4,tt3086442,6
user_4,tt3089630,4
user_4,tt3095734,5
user_4,tt3097204,5
user_4,tt3104988,6
user_4,tt3110958,6
user_4,tt3120054,5
user_4,tt3149038,7
user_4,tt3152592,6
user_4,tt3152624,5
user_4,tt3155328,5
user_4,tt3157224,6
user_4,tt3163336,9
user_4,tt3164256,4
user_4,tt3169706,8
user_4,tt3170832,9
user_4,tt3173594,6
user_4,tt3174376,7
user_4,tt3181822,7
user_4,tt3183660,7
user_4,tt3188492,8
user_4,tt3195644,7
user_4,tt3200980,7
user_4,tt3201640,7
user_4,tt3203606,8
user_4,tt3208026,7
user_4,tt3216348,4
user_4,tt3220100,5
user_4,tt3230920,6
user_4,tt3235888,6
user_4,tt3236120,6
user_4,tt3244992,8
user_4,tt3263904,5
user_4,tt3278330,6
user_4,tt3281548,10
user_4,tt3283556,7
user_4,tt3289712,6
user_4,tt3289728,5
user_4,tt3289956,5
user_4,tt3300542,5
user_4,tt3300980,8
user_4,tt3312830,8
user_4,tt3315342,9
user_4,tt3316960,8
user_4,tt3322364,7
user_4,tt3322940,6
user_4,tt3329246,5
user_4,tt3332064,6
user_4,tt3339674,4
user_4,tt3343784,5
user_4,tt3348730,6
user_4,tt3369806,7
user_4,tt3371366,6
user_4,tt3381008,7
user_4,tt3384180,9
user_4,tt3385516,7
user_4,tt3387520,5
user_4,tt3390572,10
user_4,tt3393786,5
user_4,tt3396114,8
user_4,tt3397884,7
user_4,tt3402236,6
user_4,tt3410834,7
user_4,tt3411444,6
user_4,tt3416742,5
user_4,tt3446852,7
user_4,tt3449292,8
user_4,tt3450958,7
user_4,tt3451230,4
user_4,tt3460252,7
user_4,tt3461252,8
user_4,tt3464902,7
user_4,tt3467412,4
user_4,tt3469046,6
user_4,tt3470600,8
user_4,tt3471098,8
user_4,tt3477064,4
user_4,tt3478140,9
user_4,tt3488710,7
user_4,tt3495030,7
user_4,tt3498820,9
user_4,tt3501632,10
user_4,tt3503406,6
user_4,tt3508840,7
user_4,tt3513548,7
user_4,tt3520418,5
user_4,tt3521126,8
user_4,tt3521164,8
user_4,tt3522806,6
user_4,tt3530002,7
user_4,tt3531824,8
user_4,tt3532216,8
user_4,tt3541524,7
user_4,tt3544112,8
user_4,tt3553976,7
user_4,tt3567288,6
user_4,tt3569230,7
user_4,tt3577624,7
user_4,tt3595298,6
user_4,tt3605418,5
user_4,tt3606752,5
user_4,tt3606756,9
user_4,tt3612616,7
user_4,tt3622592,7
user_4,tt3631112,6
user_4,tt3640424,9
user_4,tt3643544,7
user_4,tt3646462,9
user_4,tt3647498,8
user_4,tt3659388,8
user_4,tt3661394,6
user_4,tt3672742,6
user_4,tt3682448,7
user_4,tt3691740,5
user_4,tt3697626,7
user_4,tt3698408,8
user_4,tt3704050,6
user_4,tt3704700,7
user_4,tt3713166,5
user_4,tt3714720,5
user_4,tt3716530,8
user_4,tt3717252,6
user_4,tt3717490,6
user_4,tt3720788,8
user_4,tt3721954,7
user_4,tt3731562,5
user_4,tt3741700,7
user_4,tt3741834,9
user_4,tt3745906,6
user_4,tt3748528,8
user_4,tt3758172,6
user_4,tt3766354,6
user_4,tt3767372,8
user_4,tt3772964,6
user_4,tt3774114,6
user_4,tt3778644,8
user_4,tt3780812,6
user_4,tt3783958,10
user_4,tt3792960,8
user_4,tt3793788,7
user_4,tt3794354,7
user_4,tt3799694,8
user_4,tt3812366,9
user_4,tt3814486,8
user_4,tt3823018,8
user_4,tt3824458,8
user_4,tt3829266,5
user_4,tt3829920,7
user_4,tt3834956,7
user_4,tt3841424,9
user_4,tt3846674,8
user_4,tt3848892,8
user_4,tt3850214,7
user_4,tt3859076,6
user_4,tt3874544,6
user_4,tt3881680,5
user_4,tt3881784,7
user_4,tt3882082,5
user_4,tt3890160,6
user_4,tt3892172,6
user_4,tt3896198,8
user_4,tt3908142,6
user_4,tt3910736,3
user_4,tt3922816,7
user_4,tt3922818,7
user_4,tt3949660,6
user_4,tt3967856,6
user_4,tt3973410,6
user_4,tt4016934,8
user_4,tt4025514,8
user_4,tt4034228,8
user_4,tt4034354,9
user_4,tt4046784,7
user_4,tt4052882,5
user_4,tt4062536,10
user_4,tt4065552,8
user_4,tt4068576,7
user_4,tt4080956,6
user_4,tt4094724,5
user_4,tt4114744,7
user_4,tt4116284,8
user_4,tt4119278,3
user_4,tt4123430,7
user_4,tt4139124,7
user_4,tt4139588,7
user_4,tt4154664,7
user_4,tt4154756,8
user_4,tt4154796,9
user_4,tt4155534,7
user_4,tt4160708,8
user_4,tt4169250,7
user_4,tt4172430,8
user_4,tt4176776,5
user_4,tt4176826,7
user_4,tt4178092,8
user_4,tt4190530,6
user_4,tt4196776,6
user_4,tt4209788,7
user_4,tt4211044,6
user_4,tt4218572,6
user_4,tt4218696,5
user_4,tt4225622,5
user_4,tt4226388,6
user_4,tt4244998,7
user_4,tt4255304,5
user_4,tt4263482,8
user_4,tt4265508,5
user_4,tt4272866,7
user_4,tt4276820,8
user_4,tt4287320,7
user_4,tt4291590,5
user_4,tt4302938,8
user_4,tt4334266,5
user_4,tt4353250,7
user_4,tt4361050,7
user_4,tt4375438,8
user_4,tt4397342,7
user_4,tt4425200,8
user_4,tt4430136,9
user_4,tt4430212,9
user_4,tt4433646,4
user_4,tt4434004,9
user_4,tt4438848,5
user_4,tt4463894,9
user_4,tt4465564,6
user_4,tt4480398,5
user_4,tt4481414,6
user_4,tt4494382,7
user_4,tt4500922,6
user_4,tt4513074,7
user_4,tt4513674,5
user_4,tt4520988,8
user_4,tt4530422,7
user_4,tt4535650,5
user_4,tt4540710,8
user_4,tt4547056,9
user_4,tt4550098,7
user_4,tt4555426,6
user_4,tt4560436,6
user_4,tt4562518,9
user_4,tt4572514,8
user_4,tt4600952,1
user_4,tt4622512,7
user_4,tt4630562,9
user_4,tt4633690,8
user_4,tt4633694,10
user_4,tt4649416,6
user_4,tt4649466,7
user_4,tt4651520,6
user_4,tt4664244,10
user_4,tt4667094,4
user_4,tt4669788,7
user_4,tt4682780,5
user_4,tt4682786,7
user_4,tt4682804,6
user_4,tt4685806,4
user_4,tt4686844,7
user_4,tt4687108,6
user_4,tt4695012,7
user_4,tt4698684,9
user_4,tt4701182,6
user_4,tt4714568,7
user_4,tt4714782,5
user_4,tt4727512,9
user_4,tt4729430,8
user_4,tt4731136,6
user_4,tt4761916,7
user_4,tt4765284,6
user_4,tt4776998,6
user_4,tt4777008,10
user_4,tt4778500,7
user_4,tt4779682,5
user_4,tt4781612,7
user_4,tt4786282,6
user_4,tt4799066,8
user_4,tt4815122,6
user_4,tt4819498,5
user_4,tt4824302,7
user_4,tt4827558,6
user_4,tt4832640,7
user_4,tt4839118,1
user_4,tt4846232,7
user_4,tt4846340,7
user_4,tt4849438,10
user_4,tt4857264,8
user_4,tt4865436,7
user_4,tt4877122,2
user_4,tt4881806,6
user_4,tt4901306,7
user_4,tt4912910,8
user_4,tt4925292,7
user_4,tt4926538,6
user_4,tt4929038,5
user_4,tt4936450,6
user_4,tt4971344,7
user_4,tt4972582,6
user_4,tt4975722,8
user_4,tt4981966,9
user_4,tt4986098,4
user_4,tt4993964,7
user_4,tt5013056,10
user_4,tt5022702,6
user_4,tt5027774,8
user_4,tt5028340,6
user_4,tt5052448,7
user_4,tt5052474,7
user_4,tt5065790,5
user_4,tt5073642,6
user_4,tt5074352,8
user_4,tt5083738,6
user_4,tt5093026,8
user_4,tt5095030,8
user_4,tt5104604,7
user_4,tt5109784,5
user_4,tt5114588,5
user_4,tt5117428,7
user_4,tt5140878,9
user_4,tt5152640,6
user_4,tt5157682,8
user_4,tt5164214,6
user_4,tt5164432,7
user_4,tt5177088,7
user_4,tt5186714,8
user_4,tt5186874,7
user_4,tt5205256,5
user_4,tt5208216,5
user_4,tt5215952,7
user_4,tt5220122,6
user_4,tt5225338,8
user_4,tt5241482,9
user_4,tt5246700,5
user_4,tt5247022,9
user_4,tt5258904,4
user_4,tt5271772,4
user_4,tt5273624,5
user_4,tt5290524,6
user_4,tt5294550,6
user_4,tt5300154,5
user_4,tt5304992,7
user_4,tt5305246,5
user_4,tt5308322,6
user_4,tt5311514,8
user_4,tt5316540,8
user_4,tt5322012,5
user_4,tt5325878,7
user_4,tt5354160,9
user_4,tt5362988,9
user_4,tt5397194,6
user_4,tt5431890,7
user_4,tt5436228,5
user_4,tt5439796,8
user_4,tt5442430,7
user_4,tt5442456,7
user_4,tt5457840,7
user_4,tt5460276,7
user_4,tt5462602,8
user_4,tt5463152,7
user_4,tt5463162,7
user_4,tt5478478,7
user_4,tt5502766,7
user_4,tt5503686,5
user_4,tt5516328,5
user_4,tt5519340,8
user_4,tt5523010,5
user_4,tt5563334,7
user_4,tt5566790,5
user_4,tt5571734,8
user_4,tt5580036,9
user_4,tt5580266,9
user_4,tt5580390,8
user_4,tt5592248,6
user_4,tt5606664,8
user_4,tt5610554,5
user_4,tt5613484,8
user_4,tt5638642,5
user_4,tt5639354,7
user_4,tt5649144,6
user_4,tt5688932,5
user_4,tt5690810,7
user_4,tt5691024,5
user_4,tt5700672,7
user_4,tt5702566,2
user_4,tt5710514,8
user_4,tt5715874,7
user_4,tt5726086,6
user_4,tt5726616,6
user_4,tt5727208,10
user_4,tt5742374,6
user_4,tt5743656,7
user_4,tt5758778,4
user_4,tt5774450,6
user_4,tt5776858,7
user_4,tt5796838,7
user_4,tt5813916,9
user_4,tt5814060,6
user_4,tt5816682,6
user_4,tt5822564,6
user_4,tt5842616,1
user_4,tt5843990,8
user_4,tt5845758,7
user_4,tt5848272,6
user_4,tt5850176,7
user_4,tt5884052,8
user_4,tt5886046,6
user_4,tt5886440,7
user_4,tt5936492,9
user_4,tt5956100,7
user_4,tt5968394,7
user_4,tt5999382,7
user_4,tt6018306,6
user_4,tt6048922,5
user_4,tt6048930,4
user_4,tt6053438,7
user_4,tt6063050,4
user_4,tt6072502,5
user_4,tt6095090,5
user_4,tt6095472,8
user_4,tt6105098,7
user_4,tt6117702,5
user_4,tt6119504,5
user_4,tt6129232,8
user_4,tt6129302,9
user_4,tt6133466,5
user_4,tt6139732,6
user_4,tt6141246,6
user_4,tt6141468,7
user_4,tt6146586,8
user_4,tt6155172,5
user_4,tt6168298,9
user_4,tt6182078,5
user_4,tt6182908,7
user_4,tt6193408,8
user_4,tt6196936,5
user_4,tt6204340,4
user_4,tt6249904,10
user_4,tt6265828,6
user_4,tt6266538,9
user_4,tt6288124,7
user_4,tt6292996,6
user_4,tt6294822,6
user_4,tt6306064,7
user_4,tt6318712,6
user_4,tt6320628,9
user_4,tt6324278,7
user_4,tt6336356,6
user_4,tt6343314,6
user_4,tt6383494,8
user_4,tt6386684,7
user_4,tt6386748,10
user_4,tt6391282,6
user_4,tt6398184,7
user_4,tt6412452,8
user_4,tt6450804,6
user_4,tt6476140,6
user_4,tt6485666,8
user_4,tt6494418,4
user_4,tt6499752,7
user_4,tt6513120,6
user_4,tt6521876,6
user_4,tt6543652,8
user_4,tt6560164,5
user_4,tt6565702,7
user_4,tt6574272,7
user_4,tt6622982,7
user_4,tt6628394,8
user_4,tt6644200,7
user_4,tt6663582,6
user_4,tt6667360,8
user_4,tt6671882,5
user_4,tt6679794,7
user_4,tt6697582,8
user_4,tt6723592,8
user_4,tt6730898,7
user_4,tt6749318,5
user_4,tt6751668,9
user_4,tt6763252,9
user_4,tt6781982,6
user_4,tt6788942,9
user_4,tt6792282,8
user_4,tt6802308,5
user_4,tt6806448,6
user_4,tt6816388,5
user_4,tt6820256,7
user_4,tt6821012,7
user_4,tt6823368,7
user_4,tt6850820,8
user_4,tt6852872,6
user_4,tt6857112,8
user_4,tt6892400,7
user_4,tt6896536,9
user_4,tt6904062,6
user_4,tt6911608,8
user_4,tt6916362,8
user_4,tt6921996,5
user_4,tt6924650,7
user_4,tt6966692,8
user_4,tt6978954,7
user_4,tt6988116,5
user_4,tt7006206,7
user_4,tt7019842,9
user_4,tt7040874,8
user_4,tt7043012,5
user_4,tt7057496,8
user_4,tt7074886,5
user_4,tt7125860,7
user_4,tt7131622,9
user_4,tt7146812,8
user_4,tt7160070,9
user_4,tt7208564,5
user_4,tt7221896,1
user_4,tt7242142,8
user_4,tt7280898,7
user_4,tt7286456,10
user_4,tt7294534,8
user_4,tt7318202,7
user_4,tt7347846,6
user_4,tt7349662,8
user_4,tt7349950,7
user_4,tt7350614,5
user_4,tt7363104,9
user_4,tt7374926,6
user_4,tt7374948,8
user_4,tt7401588,8
user_4,tt7448180,7
user_4,tt7456310,7
user_4,tt7469726,7
user_4,tt7505152,6
user_4,tt7510346,2
user_4,tt7549996,5
user_4,tt7550000,6
user_4,tt7555774,8
user_4,tt7556122,7
user_4,tt7605922,9
user_4,tt7653254,8
user_4,tt7662644,7
user_4,tt7668842,8
user_4,tt7668870,9
user_4,tt7671064,7
user_4,tt7713068,4
user_4,tt7721800,5
user_4,tt7730102,5
user_4,tt7737786,7
user_4,tt7772580,7
user_4,tt7784604,5
user_4,tt7798634,8
user_4,tt7825208,4
user_4,tt7838252,8
user_4,tt7867076,8
user_4,tt7886848,1
user_4,tt7959026,8
user_4,tt7975244,7
user_4,tt7976208,4
user_4,tt7984734,7
user_4,tt7984766,8
user_4,tt8075192,10
user_4,tt8079248,9
user_4,tt8106534,7
user_4,tt8108206,7
user_4,tt8110330,10
user_4,tt8110640,8
user_4,tt8134742,6
user_4,tt8160262,6
user_4,tt8201170,3
user_4,tt8201852,4
user_4,tt8206668,8
user_4,tt8228288,7
user_4,tt8233874,6
user_4,tt8236336,9
user_4,tt8239946,9
user_4,tt8242160,6
user_4,tt8254556,8
user_4,tt8358220,4
user_4,tt8359848,8
user_4,tt8364368,7
user_4,tt8367814,8
user_4,tt8368406,5
user_4,tt8388508,7
user_4,tt8404614,6
user_4,tt8504014,8
user_4,tt8535180,6
user_4,tt8579674,9
user_4,tt8629748,8
user_4,tt8637428,8
user_4,tt8663516,7
user_4,tt8688634,7
user_4,tt8747304,6
user_4,tt8751928,3
user_4,tt8772262,7
user_4,tt8775056,6
user_4,tt8901582,6
user_4,tt8936646,6
user_4,tt8946378,7
user_4,tt8959820,6
user_4,tt9010738,5
user_4,tt9072352,6
user_4,tt9193612,5
user_4,tt9214832,7
user_4,tt9243946,7
user_4,tt9248340,8
user_4,tt9248972,5
user_4,tt9354842,5
user_4,tt9779516,6
user_4,tt9793334,5
user_4,tt9898858,6
user_5,tt0009682,7
user_5,tt0009968,7
user_5,tt0010323,7
user_5,tt0011130,7
user_5,tt0012349,7
user_5,tt0013442,9
user_5,tt0015064,8
user_5,tt0015163,7
user_5,tt0015361,8
user_5,tt0015864,8
user_5,tt0017136,9
user_5,tt0017925,9
user_5,tt0018217,9
user_5,tt0019254,8
user_5,tt0020629,8
user_5,tt0020960,7
user_5,tt0021730,7
user_5,tt0021749,8
user_5,tt0021814,7
user_5,tt0021815,8
user_5,tt0021884,8
user_5,tt0022100,10
user_5,tt0023245,7
user_5,tt0024210,9
user_5,tt0024216,7
user_5,tt0025316,9
user_5,tt0025601,6
user_5,tt0025878,9
user_5,tt0026126,6
user_5,tt0027652,10
user_5,tt0027893,7
user_5,tt0027977,7
user_5,tt0028203,7
user_5,tt0029583,8
user_5,tt0029682,8
user_5,tt0029843,9
user_5,tt0030057,7
user_5,tt0031022,8
user_5,tt0031084,7
user_5,tt0031260,8
user_5,tt0031381,7
user_5,tt0031679,7
user_5,tt0031885,9
user_5,tt0032138,6
user_5,tt0032143,9
user_5,tt0032455,8
user_5,tt0032520,7
user_5,tt0032551,8
user_5,tt0032553,8
user_5,tt0032599,9
user_5,tt0032823,4
user_5,tt0032910,6
user_5,tt0032976,9
user_5,tt0033137,5
user_5,tt0033467,8
user_5,tt0033563,6
user_5,tt0033717,7
user_5,tt0033870,7
user_5,tt0034248,5
user_5,tt0034399,6
user_5,tt0034492,7
user_5,tt0034583,9
user_5,tt0034746,9
user_5,tt0034881,7
user_5,tt0035173,8
user_5,tt0035279,8
user_5,tt0036112,6
user_5,tt0036241,6
user_5,tt0036342,7
user_5,tt0036613,7
user_5,tt0036775,8
user_5,tt0036868,7
user_5,tt0036910,8
user_5,tt0036983,7
user_5,tt0037514,8
user_5,tt0037884,7
user_5,tt0038008,7
user_5,tt0038033,5
user_5,tt0038057,8
user_5,tt0038190,9
user_5,tt0038303,8
user_5,tt0038355,9
user_5,tt0038370,7
user_5,tt0038574,9
user_5,tt0038650,8
user_5,tt0038787,9
user_5,tt0038890,7
user_5,tt0039250,6
user_5,tt0039417,7
user_5,tt0039437,8
user_5,tt0039628,9
user_5,tt0040160,7
user_5,tt0040175,8
user_5,tt0040308,10
user_5,tt0040416,6
user_5,tt0040522,7
user_5,tt0040636,7
user_5,tt0040662,9
user_5,tt0040746,7
user_5,tt0040897,7
user_5,tt0040979,8
user_5,tt0041452,7
user_5,tt0041509,7
user_5,tt0041959,10
user_5,tt0042041,10
user_5,tt0042192,10
user_5,tt0042208,7
user_5,tt0042332,6
user_5,tt0042367,8
user_5,tt0042464,7
user_5,tt0042546,8
user_5,tt0042609,6
user_5,tt0042876,7
user_5,tt0043014,8
user_5,tt0043274,7
user_5,tt0043338,9
user_5,tt0043456,9
user_5,tt0043542,4
user_5,tt0043686,8
user_5,tt0043859,6
user_5,tt0043899,7
user_5,tt0043949,7
user_5,tt0044079,9
user_5,tt0044081,9
user_5,tt0044188,8
user_5,tt0044418,7
user_5,tt0044706,9
user_5,tt0044741,8
user_5,tt0044762,7
user_5,tt0044896,7
user_5,tt0044916,6
user_5,tt0045081,6
user_5,tt0045152,9
user_5,tt0045274,9
user_5,tt0045699,6
user_5,tt0045793,8
user_5,tt0045866,7
user_5,tt0045897,9
user_5,tt0046126,7
user_5,tt0046183,7
user_5,tt0046250,8
user_5,tt0046414,5
user_5,tt0046534,9
user_5,tt0046792,5
user_5,tt0046911,7
user_5,tt0046912,9
user_5,tt0046963,8
user_5,tt0046986,6
user_5,tt0047034,9
user_5,tt0047094,9
user_5,tt0047162,7
user_5,tt0047296,8
user_5,tt0047396,8
user_5,tt0047437,8
user_5,tt0047472,8
user_5,tt0047478,9
user_5,tt0047873,8
user_5,tt0048044,7
user_5,tt0048112,9
user_5,tt0048127,5
user_5,tt0048261,10
user_5,tt0048280,7
user_5,tt0048340,8
user_5,tt0048424,7
user_5,tt0048545,8
user_5,tt0048624,6
user_5,tt0048750,7
user_5,tt0048933,6
user_5,tt0049006,8
user_5,tt0049038,6
user_5,tt0049207,8
user_5,tt0049223,8
user_5,tt0049261,8
user_5,tt0049366,8
user_5,tt0049388,6
user_5,tt0049406,10
user_5,tt0049470,7
user_5,tt0049523,6
user_5,tt0049730,9
user_5,tt0049806,6
user_5,tt0049833,7
user_5,tt0049849,6
user_5,tt0049965,6
user_5,tt0049966,6
user_5,tt0050083,9
user_5,tt0050084,8
user_5,tt0050193,5
user_5,tt0050212,8
user_5,tt0050251,8
user_5,tt0050371,9
user_5,tt0050419,6
user_5,tt0050539,7
user_5,tt0050613,9
user_5,tt0050681,6
user_5,tt0050766,8
user_5,tt0050803,9
user_5,tt0050825,9
user_5,tt0050847,6
user_5,tt0050976,8
user_5,tt0050986,7
user_5,tt0051036,8
user_5,tt0051201,7
user_5,tt0051207,8
user_5,tt0051378,6
user_5,tt0051413,7
user_5,tt0051554,6
user_5,tt0051758,7
user_5,tt0051808,7
user_5,tt0051908,8
user_5,tt0051911,8
user_5,tt0051959,7
user_5,tt0052005,9
user_5,tt0052077,4
user_5,tt0052151,6
user_5,tt0052311,7
user_5,tt0052357,8
user_5,tt0052365,5
user_5,tt0052561,8
user_5,tt0052618,8
user_5,tt0052847,8
user_5,tt0052891,2
user_5,tt0052993,7
user_5,tt0053125,8
user_5,tt0053126,7
user_5,tt0053137,8
user_5,tt0053168,7
user_5,tt0053198,6
user_5,tt0053285,8
user_5,tt0053291,8
user_5,tt0053604,8
user_5,tt0053619,7
user_5,tt0054047,8
user_5,tt0054067,6
user_5,tt0054130,7
user_5,tt0054141,6
user_5,tt0054144,8
user_5,tt0054167,7
user_5,tt0054215,9
user_5,tt0054331,7
user_5,tt0054357,8
user_5,tt0054698,9
user_5,tt0054759,6
user_5,tt0054821,6
user_5,tt0054953,7
user_5,tt0054997,8
user_5,tt0055031,9
user_5,tt0055254,8
user_5,tt0055294,4
user_5,tt0055304,6
user_5,tt0055310,7
user_5,tt0055562,2
user_5,tt0055593,7
user_5,tt0055614,7
user_5,tt0055630,10
user_5,tt0055824,8
user_5,tt0055830,7
user_5,tt0055913,7
user_5,tt0055928,7
user_5,tt0056058,10
user_5,tt0056172,9
user_5,tt0056193,8
user_5,tt0056217,8
user_5,tt0056218,7
user_5,tt0056592,7
user_5,tt0056687,8
user_5,tt0056732,6
user_5,tt0056801,9
user_5,tt0056869,5
user_5,tt0056923,9
user_5,tt0056931,6
user_5,tt0057012,9
user_5,tt0057076,8
user_5,tt0057078,5
user_5,tt0057115,8
user_5,tt0057128,5
user_5,tt0057129,8
user_5,tt0057344,8
user_5,tt0057345,7
user_5,tt0057413,8
user_5,tt0057546,8
user_5,tt0057556,8
user_5,tt0057683,9
user_5,tt0057831,9
user_5,tt0057869,9
user_5,tt0058100,7
user_5,tt0058138,7
user_5,tt0058150,10
user_5,tt0058222,8
user_5,tt0058249,8
user_5,tt0058265,6
user_5,tt0058331,9
user_5,tt0058384,5
user_5,tt0058385,9
user_5,tt0058430,9
user_5,tt0058461,6
user_5,tt0058625,8
user_5,tt0058777,9
user_5,tt0058898,7
user_5,tt0058946,8
user_5,tt0059113,8
user_5,tt0059309,8
user_5,tt0059372,8
user_5,tt0059440,7
user_5,tt0059527,8
user_5,tt0059578,7
user_5,tt0059592,8
user_5,tt0059742,10
user_5,tt0059749,8
user_5,tt0059776,9
user_5,tt0059800,6
user_5,tt0059930,7
user_5,tt0060153,6
user_5,tt0060196,10
user_5,tt0060390,8
user_5,tt0060635,7
user_5,tt0060666,3
user_5,tt0060827,8
user_5,tt0060862,9
user_5,tt0060897,5
user_5,tt0061177,6
user_5,tt0061184,9
user_5,tt0061209,5
user_5,tt0061385,8
user_5,tt0061395,8
user_5,tt0061418,7
user_5,tt0061512,8
user_5,tt0061722,9
user_5,tt0061747,7
user_5,tt0061811,7
user_5,tt0061852,7
user_5,tt0061955,8
user_5,tt0062380,4
user_5,tt0062512,8
user_5,tt0062622,10
user_5,tt0062803,7
user_5,tt0062994,9
user_5,tt0063032,8
user_5,tt0063035,5
user_5,tt0063350,6
user_5,tt0063374,6
user_5,tt0063385,7
user_5,tt0063415,9
user_5,tt0063442,9
user_5,tt0063462,6
user_5,tt0063522,8
user_5,tt0063599,6
user_5,tt0063731,7
user_5,tt0063759,8
user_5,tt0063787,6
user_5,tt0063977,5
user_5,tt0064106,8
user_5,tt0064115,8
user_5,tt0064116,7
user_5,tt0064276,6
user_5,tt0064418,7
user_5,tt0064437,8
user_5,tt0064665,7
user_5,tt0064757,6
user_5,tt0064819,8
user_5,tt0065032,5
user_5,tt0065036,5
user_5,tt0065088,8
user_5,tt0065112,5
user_5,tt0065134,6
user_5,tt0065207,9
user_5,tt0065214,10
user_5,tt0065377,7
user_5,tt0065421,7
user_5,tt0065462,8
user_5,tt0065531,7
user_5,tt0065839,8
user_5,tt0065938,8
user_5,tt0066011,7
user_5,tt0066026,5
user_5,tt0066093,6
user_5,tt0066206,6
user_5,tt0066434,7
user_5,tt0066473,8
user_5,tt0066565,9
user_5,tt0066763,7
user_5,tt0066817,9
user_5,tt0066921,9
user_5,tt0066995,8
user_5,tt0066999,9
user_5,tt0067116,5
user_5,tt0067334,8
user_5,tt0067386,7
user_5,tt0067484,5
user_5,tt0067517,9
user_5,tt0067546,8
user_5,tt0067630,6
user_5,tt0067800,8
user_5,tt0067866,8
user_5,tt0067893,6
user_5,tt0067992,9
user_5,tt0068154,9
user_5,tt0068156,7
user_5,tt0068327,7
user_5,tt0068334,7
user_5,tt0068473,7
user_5,tt0068519,9
user_5,tt0068595,7
user_5,tt0068611,6
user_5,tt0068646,9
user_5,tt0068661,6
user_5,tt0068935,7
user_5,tt0069113,8
user_5,tt0069293,7
user_5,tt0069375,6
user_5,tt0069467,8
user_5,tt0069671,8
user_5,tt0069762,7
user_5,tt0069995,7
user_5,tt0070016,7
user_5,tt0070022,9
user_5,tt0070030,7
user_5,tt0070034,8
user_5,tt0070047,9
user_5,tt0070233,8
user_5,tt0070287,7
user_5,tt0070328,5
user_5,tt0070334,8
user_5,tt0070355,6
user_5,tt0070379,7
user_5,tt0070460,9
user_5,tt0070511,8
user_5,tt0070608,7
user_5,tt0070656,7
user_5,tt0070666,8
user_5,tt0070707,7
user_5,tt0070723,7
user_5,tt0070735,9
user_5,tt0070917,8
user_5,tt0071230,7
user_5,tt0071315,8
user_5,tt0071360,7
user_5,tt0071402,7
user_5,tt0071406,8
user_5,tt0071562,9
user_5,tt0071615,9
user_5,tt0071650,6
user_5,tt0071807,6
user_5,tt0071853,7
user_5,tt0071877,10
user_5,tt0071899,9
user_5,tt0072271,7
user_5,tt0072308,8
user_5,tt0072417,7
user_5,tt0072431,8
user_5,tt0072446,7
user_5,tt0072684,8
user_5,tt0072735,6
user_5,tt0072890,9
user_5,tt0072976,8
user_5,tt0073034,8
user_5,tt0073195,8
user_5,tt0073221,8
user_5,tt0073440,6
user_5,tt0073486,8
user_5,tt0073580,6
user_5,tt0073582,6
user_5,tt0073629,6
user_5,tt0073636,8
user_5,tt0073705,7
user_5,tt0073802,7
user_5,tt0074119,8
user_5,tt0074156,7
user_5,tt0074285,7
user_5,tt0074486,8
user_5,tt0074811,6
user_5,tt0074812,7
user_5,tt0074851,7
user_5,tt0074860,7
user_5,tt0074916,8
user_5,tt0074937,7
user_5,tt0074958,9
user_5,tt0075005,7
user_5,tt0075029,10
user_5,tt0075148,9
user_5,tt0075201,7
user_5,tt0075314,8
user_5,tt0075454,9
user_5,tt0075686,8
user_5,tt0075753,7
user_5,tt0075774,6
user_5,tt0075784,7
user_5,tt0075824,6
user_5,tt0075860,8
user_5,tt0075931,7
user_5,tt0075983,7
user_5,tt0076009,4
user_5,tt0076070,7
user_5,tt0076162,5
user_5,tt0076299,8
user_5,tt0076347,5
user_5,tt0076451,9
user_5,tt0076590,8
user_5,tt0076666,7
user_5,tt0076752,5
user_5,tt0076759,9
user_5,tt0076786,7
user_5,tt0077269,8
user_5,tt0077283,8
user_5,tt0077292,8
user_5,tt0077402,9
user_5,tt0077416,9
user_5,tt0077588,7
user_5,tt0077631,6
user_5,tt0077651,7
user_5,tt0077663,8
user_5,tt0077681,5
user_5,tt0077711,9
user_5,tt0077716,7
user_5,tt0077751,6
user_5,tt0077928,7
user_5,tt0077975,8
user_5,tt0078163,7
user_5,tt0078346,9
user_5,tt0078492,7
user_5,tt0078718,8
user_5,tt0078723,7
user_5,tt0078748,7
user_5,tt0078763,10
user_5,tt0078788,8
user_5,tt0078841,9
user_5,tt0078869,5
user_5,tt0078935,5
user_5,tt0079116,7
user_5,tt0079221,8
user_5,tt0079240,8
user_5,tt0079417,8
user_5,tt0079470,8
user_5,tt0079482,4
user_5,tt0079495,8
user_5,tt0079501,7
user_5,tt0079522,7
user_5,tt0079574,7
user_5,tt0079638,6
user_5,tt0079641,7
user_5,tt0079714,7
user_5,tt0079788,4
user_5,tt0079817,4
user_5,tt0079833,8
user_5,tt0079938,9
user_5,tt0079944,9
user_5,tt0079945,7
user_5,tt0080009,8
user_5,tt0080057,7
user_5,tt0080120,8
user_5,tt0080339,8
user_5,tt0080360,6
user_5,tt0080377,6
user_5,tt0080391,4
user_5,tt0080455,8
user_5,tt0080474,7
user_5,tt0080487,10
user_5,tt0080516,7
user_5,tt0080610,6
user_5,tt0080661,6
user_5,tt0080678,7
user_5,tt0080684,10
user_5,tt0080749,6
user_5,tt0080761,6
user_5,tt0080801,7
user_5,tt0080948,6
user_5,tt0081283,7
user_5,tt0081398,7
user_5,tt0081505,10
user_5,tt0081529,7
user_5,tt0081573,6
user_5,tt0081738,8
user_5,tt0081974,8
user_5,tt0082010,8
user_5,tt0082085,6
user_5,tt0082096,8
user_5,tt0082158,6
user_5,tt0082198,6
user_5,tt0082307,7
user_5,tt0082340,8
user_5,tt0082398,9
user_5,tt0082406,8
user_5,tt0082416,7
user_5,tt0082418,6
user_5,tt0082432,8
user_5,tt0082474,9
user_5,tt0082484,8
user_5,tt0082499,6
user_5,tt0082517,8
user_5,tt0082533,7
user_5,tt0082694,7
user_5,tt0082933,7
user_5,tt0082971,10
user_5,tt0083131,7
user_5,tt0083144,3
user_5,tt0083169,8
user_5,tt0083511,7
user_5,tt0083530,6
user_5,tt0083630,6
user_5,tt0083658,7
user_5,tt0083745,8
user_5,tt0083851,7
user_5,tt0083866,7
user_5,tt0083907,8
user_5,tt0083922,9
user_5,tt0083929,7
user_5,tt0083944,7
user_5,tt0083987,6
user_5,tt0084021,4
user_5,tt0084329,4
user_5,tt0084434,7
user_5,tt0084503,8
user_5,tt0084516,8
user_5,tt0084602,7
user_5,tt0084649,6
user_5,tt0084726,8
user_5,tt0084740,9
user_5,tt0084749,7
user_5,tt0084787,6
user_5,tt0084805,8
user_5,tt0084827,7
user_5,tt0084917,7
user_5,tt0085127,8
user_5,tt0085244,8
user_5,tt0085334,8
user_5,tt0085407,9
user_5,tt0085743,8
user_5,tt0085750,3
user_5,tt0085780,8
user_5,tt0085794,8
user_5,tt0085872,6
user_5,tt0085878,6
user_5,tt0085933,8
user_5,tt0085959,7
user_5,tt0085995,7
user_5,tt0086006,4
user_5,tt0086034,9
user_5,tt0086066,6
user_5,tt0086190,7
user_5,tt0086197,7
user_5,tt0086200,7
user_5,tt0086250,7
user_5,tt0086301,7
user_5,tt0086336,5
user_5,tt0086393,5
user_5,tt0086465,8
user_5,tt0086541,8
user_5,tt0086567,8
user_5,tt0086617,7
user_5,tt0086619,6
user_5,tt0086637,7
user_5,tt0086856,8
user_5,tt0086879,8
user_5,tt0086960,7
user_5,tt0086973,8
user_5,tt0086979,8
user_5,tt0086984,5
user_5,tt0087050,6
user_5,tt0087089,6
user_5,tt0087100,6
user_5,tt0087182,7
user_5,tt0087188,4
user_5,tt0087262,8
user_5,tt0087277,6
user_5,tt0087298,6
user_5,tt0087332,9
user_5,tt0087363,8
user_5,tt0087469,7
user_5,tt0087538,7
user_5,tt0087544,8
user_5,tt0087553,9
user_5,tt0087781,5
user_5,tt0087799,6
user_5,tt0087800,9
user_5,tt0087843,10
user_5,tt0087884,7
user_5,tt0087892,7
user_5,tt0087928,7
user_5,tt0088000,6
user_5,tt0088024,4
user_5,tt0088128,8
user_5,tt0088161,7
user_5,tt0088170,7
user_5,tt0088172,8
user_5,tt0088247,9
user_5,tt0088258,9
user_5,tt0088323,7
user_5,tt0088335,5
user_5,tt0088680,7
user_5,tt0088763,10
user_5,tt0088794,8
user_5,tt0088846,7
user_5,tt0088847,8
user_5,tt0088930,7
user_5,tt0088939,8
user_5,tt0088944,6
user_5,tt0089092,7
user_5,tt0089114,7
user_5,tt0089175,8
user_5,tt0089218,5
user_5,tt0089276,6
user_5,tt0089421,5
user_5,tt0089530,5
user_5,tt0089603,8
user_5,tt0089652,6
user_5,tt0089670,9
user_5,tt0089731,6
user_5,tt0089767,8
user_5,tt0089822,4
user_5,tt0089853,7
user_5,tt0089880,7
user_5,tt0089881,8
user_5,tt0089885,7
user_5,tt0089886,8
user_5,tt0089901,6
user_5,tt0089927,8
user_5,tt0090095,8
user_5,tt0090264,6
user_5,tt0090305,7
user_5,tt0090555,8
user_5,tt0090583,6
user_5,tt0090605,9
user_5,tt0090633,9
user_5,tt0090660,6
user_5,tt0090728,8
user_5,tt0090756,8
user_5,tt0090837,5
user_5,tt0090852,8
user_5,tt0090859,5
user_5,tt0090863,7
user_5,tt0090881,6
user_5,tt0090888,6
user_5,tt0090917,5
user_5,tt0090967,7
user_5,tt0091042,9
user_5,tt0091059,6
user_5,tt0091064,7
user_5,tt0091080,6
user_5,tt0091129,6
user_5,tt0091187,7
user_5,tt0091203,6
user_5,tt0091209,7
user_5,tt0091251,8
user_5,tt0091278,3
user_5,tt0091306,7
user_5,tt0091369,7
user_5,tt0091474,7
user_5,tt0091497,8
user_5,tt0091499,8
user_5,tt0091530,7
user_5,tt0091541,6
user_5,tt0091605,8
user_5,tt0091637,5
user_5,tt0091668,6
user_5,tt0091763,9
user_5,tt0091778,5
user_5,tt0091877,7
user_5,tt0091902,4
user_5,tt0091949,5
user_5,tt0092005,7
user_5,tt0092067,9
user_5,tt0092085,7
user_5,tt0092086,6
user_5,tt0092099,7
user_5,tt0092106,8
user_5,tt0092112,6
user_5,tt0092133,6
user_5,tt0092263,7
user_5,tt0092493,5
user_5,tt0092494,5
user_5,tt0092530,3
user_5,tt0092563,6
user_5,tt0092576,8
user_5,tt0092585,3
user_5,tt0092605,6
user_5,tt0092618,9
user_5,tt0092644,7
user_5,tt0092675,8
user_5,tt0092746,4
user_5,tt0092796,6
user_5,tt0092804,9
user_5,tt0092843,8
user_5,tt0092890,7
user_5,tt0092965,7
user_5,tt0092991,8
user_5,tt0093010,7
user_5,tt0093036,4
user_5,tt0093058,9
user_5,tt0093105,8
user_5,tt0093177,7
user_5,tt0093300,3
user_5,tt0093389,9
user_5,tt0093409,8
user_5,tt0093428,7
user_5,tt0093437,8
user_5,tt0093467,7
user_5,tt0093507,5
user_5,tt0093512,8
user_5,tt0093596,6
user_5,tt0093624,6
user_5,tt0093629,6
user_5,tt0093640,6
user_5,tt0093692,4
user_5,tt0093748,7
user_5,tt0093756,6
user_5,tt0093773,8
user_5,tt0093776,8
user_5,tt0093777,8
user_5,tt0093779,7
user_5,tt0093818,8
user_5,tt0093822,8
user_5,tt0093870,7
user_5,tt0093894,8
user_5,tt0094012,9
user_5,tt0094072,8
user_5,tt0094074,2
user_5,tt0094137,6
user_5,tt0094226,8
user_5,tt0094291,8
user_5,tt0094332,9
user_5,tt0094336,8
user_5,tt0094608,5
user_5,tt0094625,9
user_5,tt0094721,7
user_5,tt0094737,7
user_5,tt0094747,7
user_5,tt0094761,7
user_5,tt0094812,6
user_5,tt0094862,6
user_5,tt0094889,8
user_5,tt0094898,6
user_5,tt0094933,6
user_5,tt0094979,5
user_5,tt0095016,10
user_5,tt0095031,6
user_5,tt0095040,8
user_5,tt0095159,7
user_5,tt0095253,4
user_5,tt0095312,4
user_5,tt0095327,9
user_5,tt0095403,6
user_5,tt0095488,8
user_5,tt0095489,7
user_5,tt0095497,8
user_5,tt0095532,6
user_5,tt0095560,6
user_5,tt0095593,5
user_5,tt0095647,8
user_5,tt0095675,7
user_5,tt0095690,6
user_5,tt0095705,7
user_5,tt0095716,4
user_5,tt0095742,5
user_5,tt0095765,9
user_5,tt0095800,7
user_5,tt0095897,6
user_5,tt0095936,7
user_5,tt0095953,8
user_5,tt0095956,4
user_5,tt0095963,6
user_5,tt0096061,7
user_5,tt0096073,6
user_5,tt0096098,7
user_5,tt0096163,9
user_5,tt0096256,7
user_5,tt0096259,6
user_5,tt0096283,7
user_5,tt0096320,4
user_5,tt0096438,4
user_5,tt0096446,10
user_5,tt0096463,7
user_5,tt0096487,6
user_5,tt0096754,8
user_5,tt0096764,7
user_5,tt0096874,7
user_5,tt0096895,5
user_5,tt0096913,8
user_5,tt0096928,5
user_5,tt0096933,8
user_5,tt0096966,9
user_5,tt0096969,7
user_5,tt0097027,7
user_5,tt0097074,8
user_5,tt0097108,8
user_5,tt0097165,8
user_5,tt0097216,8
user_5,tt0097223,7
user_5,tt0097239,7
user_5,tt0097240,7
user_5,tt0097351,7
user_5,tt0097368,4
user_5,tt0097390,7
user_5,tt0097428,7
user_5,tt0097441,8
user_5,tt0097474,6
user_5,tt0097478,7
user_5,tt0097499,8
user_5,tt0097500,6
user_5,tt0097523,8
user_5,tt0097576,9
user_5,tt0097607,7
user_5,tt0097647,6
user_5,tt0097733,9
user_5,tt0097737,5
user_5,tt0097742,9
user_5,tt0097757,9
user_5,tt0097778,6
user_5,tt0097814,7
user_5,tt0097815,7
user_5,tt0097904,8
user_5,tt0097937,8
user_5,tt0097958,9
user_5,tt0098084,6
user_5,tt0098105,3
user_5,tt0098141,6
user_5,tt0098193,6
user_5,tt0098253,7
user_5,tt0098258,7
user_5,tt0098260,7
user_5,tt0098273,8
user_5,tt0098382,5
user_5,tt0098384,8
user_5,tt0098439,6
user_5,tt0098536,5
user_5,tt0098554,7
user_5,tt0098573,8
user_5,tt0098621,7
user_5,tt0098635,9
user_5,tt0098645,7
user_5,tt0099077,7
user_5,tt0099088,9
user_5,tt0099141,6
user_5,tt0099348,10
user_5,tt0099371,6
user_5,tt0099423,8
user_5,tt0099487,10
user_5,tt0099582,6
user_5,tt0099611,5
user_5,tt0099615,8
user_5,tt0099653,9
user_5,tt0099674,5
user_5,tt0099685,9
user_5,tt0099699,6
user_5,tt0099700,6
user_5,tt0099724,6
user_5,tt0099763,9
user_5,tt0099785,9
user_5,tt0099810,7
user_5,tt0099856,5
user_5,tt0099871,8
user_5,tt0099938,8
user_5,tt0099939,8
user_5,tt0100133,9
user_5,tt0100150,9
user_5,tt0100157,8
user_5,tt0100232,5
user_5,tt0100264,6
user_5,tt0100395,6
user_5,tt0100403,4
user_5,tt0100404,6
user_5,tt0100405,6
user_5,tt0100419,3
user_5,tt0100436,7
user_5,tt0100449,5
user_5,tt0100486,9
user_5,tt0100496,5
user_5,tt0100507,7
user_5,tt0100514,6
user_5,tt0100691,8
user_5,tt0100758,7
user_5,tt0100802,9
user_5,tt0100814,7
user_5,tt0100935,8
user_5,tt0100944,6
user_5,tt0101003,8
user_5,tt0101258,8
user_5,tt0101272,7
user_5,tt0101279,9
user_5,tt0101393,8
user_5,tt0101410,8
user_5,tt0101414,9
user_5,tt0101420,7
user_5,tt0101507,9
user_5,tt0101540,8
user_5,tt0101669,7
user_5,tt0101700,7
user_5,tt0101761,10
user_5,tt0101775,5
user_5,tt0101783,8
user_5,tt0101829,8
user_5,tt0101862,5
user_5,tt0101889,6
user_5,tt0101917,5
user_5,tt0101921,8
user_5,tt0102057,6
user_5,tt0102059,8
user_5,tt0102138,9
user_5,tt0102266,6
user_5,tt0102459,7
user_5,tt0102460,5
user_5,tt0102492,6
user_5,tt0102494,6
user_5,tt0102510,9
user_5,tt0102511,7
user_5,tt0102526,7
user_5,tt0102536,8
user_5,tt0102555,7
user_5,tt0102587,8
user_5,tt0102603,8
user_5,tt0102685,8
user_5,tt0102703,6
user_5,tt0102768,7
user_5,tt0102798,7
user_5,tt0102813,6
user_5,tt0102900,7
user_5,tt0102926,8
user_5,tt0102943,5
user_5,tt0102951,5
user_5,tt0102958,8
user_5,tt0103060,4
user_5,tt0103064,8
user_5,tt0103074,8
user_5,tt0103241,6
user_5,tt0103639,7
user_5,tt0103644,7
user_5,tt0103759,7
user_5,tt0103772,8
user_5,tt0103776,6
user_5,tt0103782,6
user_5,tt0103786,6
user_5,tt0103855,6
user_5,tt0103874,8
user_5,tt0103919,5
user_5,tt0103924,8
user_5,tt0103956,6
user_5,tt0103994,9
user_5,tt0104006,6
user_5,tt0104029,5
user_5,tt0104036,7
user_5,tt0104070,8
user_5,tt0104114,6
user_5,tt0104257,8
user_5,tt0104283,6
user_5,tt0104291,6
user_5,tt0104348,7
user_5,tt0104389,8
user_5,tt0104431,6
user_5,tt0104691,7
user_5,tt0104694,8
user_5,tt0104714,6
user_5,tt0104765,7
user_5,tt0104779,6
user_5,tt0104797,7
user_5,tt0104815,7
user_5,tt0104839,7
user_5,tt0104850,5
user_5,tt0104927,7
user_5,tt0104952,8
user_5,tt0105104,7
user_5,tt0105112,8
user_5,tt0105121,6
user_5,tt0105236,8
user_5,tt0105275,7
user_5,tt0105323,9
user_5,tt0105417,7
user_5,tt0105459,7
user_5,tt0105585,6
user_5,tt0105616,5
user_5,tt0105665,8
user_5,tt0105690,6
user_5,tt0105695,9
user_5,tt0105698,7
user_5,tt0105793,7
user_5,tt0105812,6
user_5,tt0106220,7
user_5,tt0106308,9
user_5,tt0106333,9
user_5,tt0106455,5
user_5,tt0106489,6
user_5,tt0106519,8
user_5,tt0106582,7
user_5,tt0106598,3
user_5,tt0106627,7
user_5,tt0106677,7
user_5,tt0106693,8
user_5,tt0106697,6
user_5,tt0106701,7
user_5,tt0106718,7
user_5,tt0106856,7
user_5,tt0106918,7
user_5,tt0106950,5
user_5,tt0106965,8
user_5,tt0106977,7
user_5,tt0107034,7
user_5,tt0107048,8
user_5,tt0107050,7
user_5,tt0107101,4
user_5,tt0107120,6
user_5,tt0107144,5
user_5,tt0107148,5
user_5,tt0107206,7
user_5,tt0107207,10
user_5,tt0107211,4
user_5,tt0107290,8
user_5,tt0107302,6
user_5,tt0107315,5
user_5,tt0107362,5
user_5,tt0107438,4
user_5,tt0107478,4
user_5,tt0107501,5
user_5,tt0107554,8
user_5,tt0107613,7
user_5,tt0107614,7
user_5,tt0107630,9
user_5,tt0107653,9
user_5,tt0107659,7
user_5,tt0107688,9
user_5,tt0107798,7
user_5,tt0107808,7
user_5,tt0107818,9
user_5,tt0107943,9
user_5,tt0107977,6
user_5,tt0108002,9
user_5,tt0108052,8
user_5,tt0108101,8
user_5,tt0108147,6
user_5,tt0108160,6
user_5,tt0108174,8
user_5,tt0108188,9
user_5,tt0108255,4
user_5,tt0108308,4
user_5,tt0108333,7
user_5,tt0108358,7
user_5,tt0108394,7
user_5,tt0108399,10
user_5,tt0108473,8
user_5,tt0108525,6
user_5,tt0108550,8
user_5,tt0108656,8
user_5,tt0109020,8
user_5,tt0109040,8
user_5,tt0109045,7
user_5,tt0109117,10
user_5,tt0109190,5
user_5,tt0109254,7
user_5,tt0109327,7
user_5,tt0109340,8
user_5,tt0109382,7
user_5,tt0109402,6
user_5,tt0109424,9
user_5,tt0109439,6
user_5,tt0109444,7
user_5,tt0109445,7
user_5,tt0109506,9
user_5,tt0109686,6
user_5,tt0109707,8
user_5,tt0109758,5
user_5,tt0109813,5
user_5,tt0109830,7
user_5,tt0109831,6
user_5,tt0109836,5
user_5,tt0110005,7
user_5,tt0110074,7
user_5,tt0110093,7
user_5,tt0110148,8
user_5,tt0110155,6
user_5,tt0110169,4
user_5,tt0110216,5
user_5,tt0110322,8
user_5,tt0110357,8
user_5,tt0110367,6
user_5,tt0110413,8
user_5,tt0110442,5
user_5,tt0110475,8
user_5,tt0110478,7
user_5,tt0110516,4
user_5,tt0110536,7
user_5,tt0110598,8
user_5,tt0110613,5
user_5,tt0110622,6
user_5,tt0110632,7
user_5,tt0110667,6
user_5,tt0110763,7
user_5,tt0110877,9
user_5,tt0110912,9
user_5,tt0110944,7
user_5,tt0110950,6
user_5,tt0110989,5
user_5,tt0111037,8
user_5,tt0111068,8
user_5,tt0111070,7
user_5,tt0111161,10
user_5,tt0111257,9
user_5,tt0111280,8
user_5,tt0111282,7
user_5,tt0111301,5
user_5,tt0111309,7
user_5,tt0111488,7
user_5,tt0111495,7
user_5,tt0111503,6
user_5,tt0111507,9
user_5,tt0111686,7
user_5,tt0111756,8
user_5,tt0111862,7
user_5,tt0112281,6
user_5,tt0112346,9
user_5,tt0112384,8
user_5,tt0112401,6
user_5,tt0112431,8
user_5,tt0112435,6
user_5,tt0112442,6
user_5,tt0112461,8
user_5,tt0112462,4
user_5,tt0112471,8
user_5,tt0112508,4
user_5,tt0112553,8
user_5,tt0112573,8
user_5,tt0112579,8
user_5,tt0112619,7
user_5,tt0112641,8
user_5,tt0112642,5
user_5,tt0112682,8
user_5,tt0112688,9
user_5,tt0112697,6
user_5,tt0112702,7
user_5,tt0112740,8
user_5,tt0112792,6
user_5,tt0112817,7
user_5,tt0112818,7
user_5,tt0112851,6
user_5,tt0112854,6
user_5,tt0112864,7
user_5,tt0112883,6
user_5,tt0112913,7
user_5,tt0113041,8
user_5,tt0113074,3
user_5,tt0113081,5
user_5,tt0113101,7
user_5,tt0113118,8
user_5,tt0113119,5
user_5,tt0113189,9
user_5,tt0113198,6
user_5,tt0113247,8
user_5,tt0113253,4
user_5,tt0113277,8
user_5,tt0113305,7
user_5,tt0113492,6
user_5,tt0113497,7
user_5,tt0113537,6
user_5,tt0113568,8
user_5,tt0113627,7
user_5,tt0113670,7
user_5,tt0113690,5
user_5,tt0113749,7
user_5,tt0113819,8
user_5,tt0113845,4
user_5,tt0113855,8
user_5,tt0113972,7
user_5,tt0114069,5
user_5,tt0114148,6
user_5,tt0114214,6
user_5,tt0114287,7
user_5,tt0114317,8
user_5,tt0114323,8
user_5,tt0114369,9
user_5,tt0114388,8
user_5,tt0114436,4
user_5,tt0114508,5
user_5,tt0114558,6
user_5,tt0114576,6
user_5,tt0114682,8
user_5,tt0114694,7
user_5,tt0114709,8
user_5,tt0114746,8
user_5,tt0114814,8
user_5,tt0114825,6
user_5,tt0114898,6
user_5,tt0114924,7
user_5,tt0114996,9
user_5,tt0115433,8
user_5,tt0115438,7
user_5,tt0115624,4
user_5,tt0115641,7
user_5,tt0115736,8
user_5,tt0115738,7
user_5,tt0115751,8
user_5,tt0115759,7
user_5,tt0115798,7
user_5,tt0115907,6
user_5,tt0115963,6
user_5,tt0115986,5
user_5,tt0116040,6
user_5,tt0116130,7
user_5,tt0116136,7
user_5,tt0116164,7
user_5,tt0116209,8
user_5,tt0116213,6
user_5,tt0116225,7
user_5,tt0116231,9
user_5,tt0116253,6
user_5,tt0116259,7
user_5,tt0116282,9
user_5,tt0116311,6
user_5,tt0116329,7
user_5,tt0116361,6
user_5,tt0116365,8
user_5,tt0116367,9
user_5,tt0116409,8
user_5,tt0116483,8
user_5,tt0116581,8
user_5,tt0116583,9
user_5,tt0116629,7
user_5,tt0116683,7
user_5,tt0116684,6
user_5,tt0116695,8
user_5,tt0116705,5
user_5,tt0116778,8
user_5,tt0116783,6
user_5,tt0116908,7
user_5,tt0116922,7
user_5,tt0116996,5
user_5,tt0117008,6
user_5,tt0117060,7
user_5,tt0117108,8
user_5,tt0117110,8
user_5,tt0117193,6
user_5,tt0117218,6
user_5,tt0117247,7
user_5,tt0117318,8
user_5,tt0117333,7
user_5,tt0117357,7
user_5,tt0117381,8
user_5,tt0117407,9
user_5,tt0117438,8
user_5,tt0117473,4
user_5,tt0117500,7
user_5,tt0117509,8
user_5,tt0117571,6
user_5,tt0117589,7
user_5,tt0117603,6
user_5,tt0117608,6
user_5,tt0117665,8
user_5,tt0117666,6
user_5,tt0117705,9
user_5,tt0117731,8
user_5,tt0117765,5
user_5,tt0117802,9
user_5,tt0117887,7
user_5,tt0117913,7
user_5,tt0117918,7
user_5,tt0117951,7
user_5,tt0117965,5
user_5,tt0117979,9
user_5,tt0117990,7
user_5,tt0117998,6
user_5,tt0118015,7
user_5,tt0118158,8
user_5,tt0118571,7
user_5,tt0118583,7
user_5,tt0118607,8
user_5,tt0118615,7
user_5,tt0118617,8
user_5,tt0118655,8
user_5,tt0118673,5
user_5,tt0118688,2
user_5,tt0118689,8
user_5,tt0118694,7
user_5,tt0118715,8
user_5,tt0118749,8
user_5,tt0118751,8
user_5,tt0118789,7
user_5,tt0118798,8
user_5,tt0118799,7
user_5,tt0118829,7
user_5,tt0118842,8
user_5,tt0118843,8
user_5,tt0118849,7
user_5,tt0118880,8
user_5,tt0118883,6
user_5,tt0118884,9
user_5,tt0118928,7
user_5,tt0118929,5
user_5,tt0118954,7
user_5,tt0118956,7
user_5,tt0118971,7
user_5,tt0118972,6
user_5,tt0118983,6
user_5,tt0118996,6
user_5,tt0118998,7
user_5,tt0119008,8
user_5,tt0119038,8
user_5,tt0119051,6
user_5,tt0119081,8
user_5,tt0119094,9
user_5,tt0119116,7
user_5,tt0119125,5
user_5,tt0119164,8
user_5,tt0119173,7
user_5,tt0119174,8
user_5,tt0119177,8
user_5,tt0119190,6
user_5,tt0119217,9
user_5,tt0119229,9
user_5,tt0119237,7
user_5,tt0119256,7
user_5,tt0119282,7
user_5,tt0119303,4
user_5,tt0119345,6
user_5,tt0119360,7
user_5,tt0119395,6
user_5,tt0119396,10
user_5,tt0119426,6
user_5,tt0119432,5
user_5,tt0119468,7
user_5,tt0119472,9
user_5,tt0119485,5
user_5,tt0119488,8
user_5,tt0119528,6
user_5,tt0119567,8
user_5,tt0119643,7
user_5,tt0119654,7
user_5,tt0119668,8
user_5,tt0119670,8
user_5,tt0119683,6
user_5,tt0119698,8
user_5,tt0119715,7
user_5,tt0119731,8
user_5,tt0119738,6
user_5,tt0119791,6
user_5,tt0119807,7
user_5,tt0119822,8
user_5,tt0119843,6
user_5,tt0119860,6
user_5,tt0119874,7
user_5,tt0119925,7
user_5,tt0119937,7
user_5,tt0119942,6
user_5,tt0119951,7
user_5,tt0119978,7
user_5,tt0120032,9
user_5,tt0120082,7
user_5,tt0120087,6
user_5,tt0120102,7
user_5,tt0120148,7
user_5,tt0120152,7
user_5,tt0120157,6
user_5,tt0120177,4
user_5,tt0120179,3
user_5,tt0120184,6
user_5,tt0120188,8
user_5,tt0120201,8
user_5,tt0120202,7
user_5,tt0120255,9
user_5,tt0120265,10
user_5,tt0120323,7
user_5,tt0120338,7
user_5,tt0120347,7
user_5,tt0120363,7
user_5,tt0120382,7
user_5,tt0120383,7
user_5,tt0120399,7
user_5,tt0120458,5
user_5,tt0120461,6
user_5,tt0120471,6
user_5,tt0120483,8
user_5,tt0120484,8
user_5,tt0120586,8
user_5,tt0120587,7
user_5,tt0120591,6
user_5,tt0120601,8
user_5,tt0120608,5
user_5,tt0120610,5
user_5,tt0120611,6
user_5,tt0120616,7
user_5,tt0120623,7
user_5,tt0120630,9
user_5,tt0120632,6
user_5,tt0120633,7
user_5,tt0120647,3
user_5,tt0120655,7
user_5,tt0120657,5
user_5,tt0120660,9
user_5,tt0120663,7
user_5,tt0120667,7
user_5,tt0120669,6
user_5,tt0120679,8
user_5,tt0120681,7
user_5,tt0120685,5
user_5,tt0120686,8
user_5,tt0120689,9
user_5,tt0120694,5
user_5,tt0120696,6
user_5,tt0120706,8
user_5,tt0120724,5
user_5,tt0120735,8
user_5,tt0120737,9
user_5,tt0120744,7
user_5,tt0120746,7
user_5,tt0120749,5
user_5,tt0120755,6
user_5,tt0120762,8
user_5,tt0120768,7
user_5,tt0120770,7
user_5,tt0120775,9
user_5,tt0120780,9
user_5,tt0120783,6
user_5,tt0120784,9
user_5,tt0120787,5
user_5,tt0120789,9
user_5,tt0120791,6
user_5,tt0120794,8
user_5,tt0120800,6
user_5,tt0120804,7
user_5,tt0120812,8
user_5,tt0120815,9
user_5,tt0120828,5
user_5,tt0120855,7
user_5,tt0120863,8
user_5,tt0120873,4
user_5,tt0120877,7
user_5,tt0120882,8
user_5,tt0120885,8
user_5,tt0120888,8
user_5,tt0120889,7
user_5,tt0120890,8
user_5,tt0120891,5
user_5,tt0120902,7
user_5,tt0120903,8
user_5,tt0120907,8
user_5,tt0120912,6
user_5,tt0120913,7
user_5,tt0120915,6
user_5,tt0120917,6
user_5,tt0121164,6
user_5,tt0121765,6
user_5,tt0121766,8
user_5,tt0122151,6
user_5,tt0122541,7
user_5,tt0122690,9
user_5,tt0122718,6
user_5,tt0122933,7
user_5,tt0123755,9
user_5,tt0123948,6
user_5,tt0123987,4
user_5,tt0124315,8
user_5,tt0124879,7
user_5,tt0125439,7
user_5,tt0125659,8
user_5,tt0125664,7
user_5,tt0125678,7
user_5,tt0125971,6
user_5,tt0126029,9
user_5,tt0126234,9
user_5,tt0126250,8
user_5,tt0126388,5
user_5,tt0126886,4
user_5,tt0126916,7
user_5,tt0126973,4
user_5,tt0127288,8
user_5,tt0127357,7
user_5,tt0127536,6
user_5,tt0127723,7
user_5,tt0128278,7
user_5,tt0128378,8
user_5,tt0128442,8
user_5,tt0128445,7
user_5,tt0128853,8
user_5,tt0129167,10
user_5,tt0129290,7
user_5,tt0129387,7
user_5,tt0130018,4
user_5,tt0130121,7
user_5,tt0130827,7
user_5,tt0131325,5
user_5,tt0131369,7
user_5,tt0131566,6
user_5,tt0131636,8
user_5,tt0132245,6
user_5,tt0132347,7
user_5,tt0132477,9
user_5,tt0133093,9
user_5,tt0133152,8
user_5,tt0133240,8
user_5,tt0133363,6
user_5,tt0133751,5
user_5,tt0133952,7
user_5,tt0134084,5
user_5,tt0134119,8
user_5,tt0134273,8
user_5,tt0134847,6
user_5,tt0134983,6
user_5,tt0136352,7
user_5,tt0137494,7
user_5,tt0137523,10
user_5,tt0138097,8
user_5,tt0138304,4
user_5,tt0138510,7
user_5,tt0138524,5
user_5,tt0138704,8
user_5,tt0138749,6
user_5,tt0138830,7
user_5,tt0139134,8
user_5,tt0139414,6
user_5,tt0139422,5
user_5,tt0139654,9
user_5,tt0139668,6
user_5,tt0139809,8
user_5,tt0140352,7
user_5,tt0140397,10
user_5,tt0141109,7
user_5,tt0141926,5
user_5,tt0141974,7
user_5,tt0142192,7
user_5,tt0142236,8
user_5,tt0142342,4
user_5,tt0142688,7
user_5,tt0143145,8
user_5,tt0143338,2
user_5,tt0143746,6
user_5,tt0144084,8
user_5,tt0144117,8
user_5,tt0144120,6
user_5,tt0144528,5
user_5,tt0144546,6
user_5,tt0144964,5
user_5,tt0145487,9
user_5,tt0145653,6
user_5,tt0145660,7
user_5,tt0145681,7
user_5,tt0146316,4
user_5,tt0146336,5
user_5,tt0146675,5
user_5,tt0146838,5
user_5,tt0146882,7
user_5,tt0146984,7
user_5,tt0147004,7
user_5,tt0147612,6
user_5,tt0147800,7
user_5,tt0149261,5
user_5,tt0149723,8
user_5,tt0150377,6
user_5,tt0150992,7
user_5,tt0151568,7
user_5,tt0151738,6
user_5,tt0151804,8
user_5,tt0152930,8
user_5,tt0154420,6
user_5,tt0155975,3
user_5,tt0158983,7
user_5,tt0159097,6
user_5,tt0159273,7
user_5,tt0159365,6
user_5,tt0160127,5
user_5,tt0160862,6
user_5,tt0160916,8
user_5,tt0161081,5
user_5,tt0161083,6
user_5,tt0161860,7
user_5,tt0162222,9
user_5,tt0162346,8
user_5,tt0162661,8
user_5,tt0163019,9
user_5,tt0163025,4
user_5,tt0163187,7
user_5,tt0163651,7
user_5,tt0163978,8
user_5,tt0163988,5
user_5,tt0164052,6
user_5,tt0164114,6
user_5,tt0164181,8
user_5,tt0164184,7
user_5,tt0164334,7
user_5,tt0164912,5
user_5,tt0164961,7
user_5,tt0165710,7
user_5,tt0165798,8
user_5,tt0165832,8
user_5,tt0165854,9
user_5,tt0165929,6
user_5,tt0166556,7
user_5,tt0166813,8
user_5,tt0166896,6
user_5,tt0166924,7
user_5,tt0167190,6
user_5,tt0167260,9
user_5,tt0167261,9
user_5,tt0167404,8
user_5,tt0168629,8
user_5,tt0169102,8
user_5,tt0169145,9
user_5,tt0169547,9
user_5,tt0170016,6
user_5,tt0171319,4
user_5,tt0171363,4
user_5,tt0171433,5
user_5,tt0171804,7
user_5,tt0172156,7
user_5,tt0172493,6
user_5,tt0172495,8
user_5,tt0172684,7
user_5,tt0173840,5
user_5,tt0173943,5
user_5,tt0174856,6
user_5,tt0175142,7
user_5,tt0175526,6
user_5,tt0175880,9
user_5,tt0177789,8
user_5,tt0177971,6
user_5,tt0178683,6
user_5,tt0179492,5
user_5,tt0180093,7
user_5,tt0180734,5
user_5,tt0180748,9
user_5,tt0181316,7
user_5,tt0181536,8
user_5,tt0181547,7
user_5,tt0181689,7
user_5,tt0181852,7
user_5,tt0181865,10
user_5,tt0181875,8
user_5,tt0181984,9
user_5,tt0182512,9
user_5,tt0182789,6
user_5,tt0182996,2
user_5,tt0183505,6
user_5,tt0183523,4
user_5,tt0183649,8
user_5,tt0183790,7
user_5,tt0184526,6
user_5,tt0184894,7
user_5,tt0184907,5
user_5,tt0185014,7
user_5,tt0185125,7
user_5,tt0185183,3
user_5,tt0185431,7
user_5,tt0185937,5
user_5,tt0186045,6
user_5,tt0186151,9
user_5,tt0186566,8
user_5,tt0186647,4
user_5,tt0187078,6
user_5,tt0187393,9
user_5,tt0187738,7
user_5,tt0188674,7
user_5,tt0189998,9
user_5,tt0190138,6
user_5,tt0190332,6
user_5,tt0190524,4
user_5,tt0190590,8
user_5,tt0190641,6
user_5,tt0190865,7
user_5,tt0191754,7
user_5,tt0192731,5
user_5,tt0195685,8
user_5,tt0195714,9
user_5,tt0196106,4
user_5,tt0196216,8
user_5,tt0196229,6
user_5,tt0196857,6
user_5,tt0197094,7
user_5,tt0198781,8
user_5,tt0199626,6
user_5,tt0199753,6
user_5,tt0200087,8
user_5,tt0200465,8
user_5,tt0200550,6
user_5,tt0202314,3
user_5,tt0202677,6
user_5,tt0203009,8
user_5,tt0203019,5
user_5,tt0203237,9
user_5,tt0203755,7
user_5,tt0204626,5
user_5,tt0204946,6
user_5,tt0205461,5
user_5,tt0206275,7
user_5,tt0206314,7
user_5,tt0206634,9
user_5,tt0207201,7
user_5,tt0208003,5
user_5,tt0208092,8
user_5,tt0209144,8
user_5,tt0209163,5
user_5,tt0209180,10
user_5,tt0209189,8
user_5,tt0209958,8
user_5,tt0210075,7
user_5,tt0210094,6
user_5,tt0210234,6
user_5,tt0210945,7
user_5,tt0211181,6
user_5,tt0211915,9
user_5,tt0211933,9
user_5,tt0211934,8
user_5,tt0212338,8
user_5,tt0212346,7
user_5,tt0212712,8
user_5,tt0212720,8
user_5,tt0212985,7
user_5,tt0213149,6
user_5,tt0213847,7
user_5,tt0214265,8
user_5,tt0215129,6
user_5,tt0215750,8
user_5,tt0216196,5
user_5,tt0216216,7
user_5,tt0216417,7
user_5,tt0217505,8
user_5,tt0217590,8
user_5,tt0217630,6
user_5,tt0217756,5
user_5,tt0217869,9
user_5,tt0218839,9
user_5,tt0218967,8
user_5,tt0219653,5
user_5,tt0220307,3
user_5,tt0220506,4
user_5,tt0221027,9
user_5,tt0223897,6
user_5,tt0225071,6
user_5,tt0226872,7
user_5,tt0227445,8
user_5,tt0227538,8
user_5,tt0227984,6
user_5,tt0228333,4
user_5,tt0228750,7
user_5,tt0230011,7
user_5,tt0230030,8
user_5,tt0230600,8
user_5,tt0230783,7
user_5,tt0230838,6
user_5,tt0231775,6
user_5,tt0232500,8
user_5,tt0233142,7
user_5,tt0233230,7
user_5,tt0233469,7
user_5,tt0234215,9
user_5,tt0234217,8
user_5,tt0235198,8
user_5,tt0235679,6
user_5,tt0235737,8
user_5,tt0236493,5
user_5,tt0237534,8
user_5,tt0238380,8
user_5,tt0238546,7
user_5,tt0239388,7
user_5,tt0239948,7
user_5,tt0240515,4
user_5,tt0240772,9
user_5,tt0240890,6
user_5,tt0241303,7
user_5,tt0241527,7
user_5,tt0242423,6
user_5,tt0242653,7
user_5,tt0242998,5
user_5,tt0243017,8
user_5,tt0243133,8
user_5,tt0243155,5
user_5,tt0244244,7
user_5,tt0245407,7
user_5,tt0245429,10
user_5,tt0245574,10
user_5,tt0245686,7
user_5,tt0245712,9
user_5,tt0245844,10
user_5,tt0246460,6
user_5,tt0246500,6
user_5,tt0246578,8
user_5,tt0246730,7
user_5,tt0247199,7
user_5,tt0247586,6
user_5,tt0247638,7
user_5,tt0247745,9
user_5,tt0248667,6
user_5,tt0249462,8
user_5,tt0250223,8
user_5,tt0250258,8
user_5,tt0250494,6
user_5,tt0250687,6
user_5,tt0250797,7
user_5,tt0251075,4
user_5,tt0251114,7
user_5,tt0251127,8
user_5,tt0251160,6
user_5,tt0251736,7
user_5,tt0252076,5
user_5,tt0252487,10
user_5,tt0252488,10
user_5,tt0252501,7
user_5,tt0252592,7
user_5,tt0252866,6
user_5,tt0253143,6
user_5,tt0253474,10
user_5,tt0253556,6
user_5,tt0253754,7
user_5,tt0253798,8
user_5,tt0253963,8
user_5,tt0254455,7
user_5,tt0254481,9
user_5,tt0254686,8
user_5,tt0255477,4
user_5,tt0255798,5
user_5,tt0256009,6
user_5,tt0256359,6
user_5,tt0256380,7
user_5,tt0256415,7
user_5,tt0256524,7
user_5,tt0257044,8
user_5,tt0257076,7
user_5,tt0257106,5
user_5,tt0257360,6
user_5,tt0258000,8
user_5,tt0258153,5
user_5,tt0258463,6
user_5,tt0258470,7
user_5,tt0259324,6
user_5,tt0259446,7
user_5,tt0259711,7
user_5,tt0260866,5
user_5,tt0261392,6
user_5,tt0263488,6
user_5,tt0263757,8
user_5,tt0264464,8
user_5,tt0265086,6
user_5,tt0265171,8
user_5,tt0265208,6
user_5,tt0265343,9
user_5,tt0265349,6
user_5,tt0265459,6
user_5,tt0265662,6
user_5,tt0265666,9
user_5,tt0266048,4
user_5,tt0266308,9
user_5,tt0266452,4
user_5,tt0266543,9
user_5,tt0266697,6
user_5,tt0266915,7
user_5,tt0266987,7
user_5,tt0267804,5
user_5,tt0267891,6
user_5,tt0267913,7
user_5,tt0268126,7
user_5,tt0268303,4
user_5,tt0268380,9
user_5,tt0268695,7
user_5,tt0268978,9
user_5,tt0270288,8
user_5,tt0270846,3
user_5,tt0271027,6
user_5,tt0272020,7
user_5,tt0272152,6
user_5,tt0272338,9
user_5,tt0273517,6
user_5,tt0274166,6
user_5,tt0274558,8
user_5,tt0274711,5
user_5,tt0275277,7
user_5,tt0275491,9
user_5,tt0275847,8
user_5,tt0276751,7
user_5,tt0276919,10
user_5,tt0277027,9
user_5,tt0277296,7
user_5,tt0277371,4
user_5,tt0277434,6
user_5,tt0278504,8
user_5,tt0278731,6
user_5,tt0279331,7
user_5,tt0280460,5
user_5,tt0280590,7
user_5,tt0280609,7
user_5,tt0280707,7
user_5,tt0280720,6
user_5,tt0281358,7
user_5,tt0282209,4
user_5,tt0283003,6
user_5,tt0283077,6
user_5,tt0283111,4
user_5,tt0283632,4
user_5,tt0283900,7
user_5,tt0284137,6
user_5,tt0284490,7
user_5,tt0284837,7
user_5,tt0284978,7
user_5,tt0285462,4
user_5,tt0285492,5
user_5,tt0285531,5
user_5,tt0285823,7
user_5,tt0286106,7
user_5,tt0286499,7
user_5,tt0286716,6
user_5,tt0287467,8
user_5,tt0287978,4
user_5,tt0288045,5
user_5,tt0288477,4
user_5,tt0289043,7
user_5,tt0289181,8
user_5,tt0289765,7
user_5,tt0289879,7
user_5,tt0289992,8
user_5,tt0290002,7
user_5,tt0290095,5
user_5,tt0290331,8
user_5,tt0290334,7
user_5,tt0290673,7
user_5,tt0291341,6
user_5,tt0292432,7
user_5,tt0292490,10
user_5,tt0292506,4
user_5,tt0292542,8
user_5,tt0293416,6
user_5,tt0293508,7
user_5,tt0293564,7
user_5,tt0293625,6
user_5,tt0293662,7
user_5,tt0294357,5
user_5,tt0295178,6
user_5,tt0295254,3
user_5,tt0295297,7
user_5,tt0295700,8
user_5,tt0295701,8
user_5,tt0296042,7
user_5,tt0296572,8
user_5,tt0296574,7
user_5,tt0297284,6
user_5,tt0297884,6
user_5,tt0298130,7
user_5,tt0298148,7
user_5,tt0298203,7
user_5,tt0298504,8
user_5,tt0298744,7
user_5,tt0298814,5
user_5,tt0298845,8
user_5,tt0299117,8
user_5,tt0299658,7
user_5,tt0299977,8
user_5,tt0300051,7
user_5,tt0300140,7
user_5,tt0300471,7
user_5,tt0300532,5
user_5,tt0301357,8
user_5,tt0302640,7
user_5,tt0302886,7
user_5,tt0303184,7
user_5,tt0303361,7
user_5,tt0303933,5
user_5,tt0304141,8
user_5,tt0304415,8
user_5,tt0304669,6
user_5,tt0305204,9
user_5,tt0305224,6
user_5,tt0305357,5
user_5,tt0305711,6
user_5,tt0306047,6
user_5,tt0306456,7
user_5,tt0306734,5
user_5,tt0306841,8
user_5,tt0307453,6
user_5,tt0307901,8
user_5,tt0307987,7
user_5,tt0308055,6
user_5,tt0308208,3
user_5,tt0308379,8
user_5,tt0308383,7
user_5,tt0308506,5
user_5,tt0308644,8
user_5,tt0309530,7
user_5,tt0309593,6
user_5,tt0309698,8
user_5,tt0309987,8
user_5,tt0310775,8
user_5,tt0310910,7
user_5,tt0311113,9
user_5,tt0311289,8
user_5,tt0311429,4
user_5,tt0312004,6
user_5,tt0313443,6
user_5,tt0313737,5
user_5,tt0313792,4
user_5,tt0313911,6
user_5,tt0314331,8
user_5,tt0314353,8
user_5,tt0314630,7
user_5,tt0315327,6
user_5,tt0315642,6
user_5,tt0315733,8
user_5,tt0316356,9
user_5,tt0316396,7
user_5,tt0316654,8
user_5,tt0317132,6
user_5,tt0317198,7
user_5,tt0317219,8
user_5,tt0317248,9
user_5,tt0317303,5
user_5,tt0317640,8
user_5,tt0317676,3
user_5,tt0317705,9
user_5,tt0317740,8
user_5,tt0317919,5
user_5,tt0318034,8
user_5,tt0318374,7
user_5,tt0318411,7
user_5,tt0318462,9
user_5,tt0318627,7
user_5,tt0318649,6
user_5,tt0318974,6
user_5,tt0319061,7
user_5,tt0319262,7
user_5,tt0319343,8
user_5,tt0320661,8
user_5,tt0320691,7
user_5,tt0322259,7
user_5,tt0322330,5
user_5,tt0322589,5
user_5,tt0322725,7
user_5,tt0323013,8
user_5,tt0323033,6
user_5,tt0324216,7
user_5,tt0325655,6
user_5,tt0325703,4
user_5,tt0325710,8
user_5,tt0325805,7
user_5,tt0325980,8
user_5,tt0326429,8
user_5,tt0326856,6
user_5,tt0327056,8
user_5,tt0327084,8
user_5,tt0327137,9
user_5,tt0327162,4
user_5,tt0327247,4
user_5,tt0327437,5
user_5,tt0327554,3
user_5,tt0327597,8
user_5,tt0327850,8
user_5,tt0328107,9
user_5,tt0328538,6
user_5,tt0328828,6
user_5,tt0328880,8
user_5,tt0329101,6
user_5,tt0329717,8
user_5,tt0329774,6
user_5,tt0330229,8
user_5,tt0330373,8
user_5,tt0330793,6
user_5,tt0331933,5
user_5,tt0331953,5
user_5,tt0332280,8
user_5,tt0332375,7
user_5,tt0332379,7
user_5,tt0332452,7
user_5,tt0333766,7
user_5,tt0335119,5
user_5,tt0335121,7
user_5,tt0335245,6
user_5,tt0335266,7
user_5,tt0335345,8
user_5,tt0335438,6
user_5,tt0337563,4
user_5,tt0337592,4
user_5,tt0337741,7
user_5,tt0337921,6
user_5,tt0337978,7
user_5,tt0338013,9
user_5,tt0338094,6
user_5,tt0338095,6
user_5,tt0338096,6
user_5,tt0338097,8
user_5,tt0338188,6
user_5,tt0338337,6
user_5,tt0338348,6
user_5,tt0338526,5
user_5,tt0338564,7
user_5,tt0338751,6
user_5,tt0339291,8
user_5,tt0340163,7
user_5,tt0340855,9
user_5,tt0342258,7
user_5,tt0343135,6
user_5,tt0343660,6
user_5,tt0343737,6
user_5,tt0343818,9
user_5,tt0344510,10
user_5,tt0344854,7
user_5,tt0345061,6
user_5,tt0345950,7
user_5,tt0346156,5
user_5,tt0346491,4
user_5,tt0346631,7
user_5,tt0347048,10
user_5,tt0347149,7
user_5,tt0347304,8
user_5,tt0348150,6
user_5,tt0348568,10
user_5,tt0348593,4
user_5,tt0348836,7
user_5,tt0348853,6
user_5,tt0349205,6
user_5,tt0349683,6
user_5,tt0349825,8
user_5,tt0349903,7
user_5,tt0350232,3
user_5,tt0350258,6
user_5,tt0351283,7
user_5,tt0351977,4
user_5,tt0352248,9
user_5,tt0353014,8
user_5,tt0353969,7
user_5,tt0354766,6
user_5,tt0354899,7
user_5,tt0355295,4
user_5,tt0356150,7
user_5,tt0356618,5
user_5,tt0356680,8
user_5,tt0356721,6
user_5,tt0356910,7
user_5,tt0357277,5
user_5,tt0357413,7
user_5,tt0358082,8
user_5,tt0358135,6
user_5,tt0358273,8
user_5,tt0358349,4
user_5,tt0359013,6
user_5,tt0359950,8
user_5,tt0360009,8
user_5,tt0360486,8
user_5,tt0360717,8
user_5,tt0361089,6
user_5,tt0361127,9
user_5,tt0361467,6
user_5,tt0361620,6
user_5,tt0361748,10
user_5,tt0361862,7
user_5,tt0361925,6
user_5,tt0362120,6
user_5,tt0362165,2
user_5,tt0362227,7
user_5,tt0362270,7
user_5,tt0362478,7
user_5,tt0362526,8
user_5,tt0362942,6
user_5,tt0363163,10
user_5,tt0363226,7
user_5,tt0363547,5
user_5,tt0363589,8
user_5,tt0363771,6
user_5,tt0363988,8
user_5,tt0364045,7
user_5,tt0364343,6
user_5,tt0364385,6
user_5,tt0364569,9
user_5,tt0364725,5
user_5,tt0364751,7
user_5,tt0364970,6
user_5,tt0365265,7
user_5,tt0365485,6
user_5,tt0365686,9
user_5,tt0365737,8
user_5,tt0365748,8
user_5,tt0365830,6
user_5,tt0365907,8
user_5,tt0366174,5
user_5,tt0366292,6
user_5,tt0366450,5
user_5,tt0366532,7
user_5,tt0366548,6
user_5,tt0366551,8
user_5,tt0366627,7
user_5,tt0367027,7
user_5,tt0367085,5
user_5,tt0367110,9
user_5,tt0367594,7
user_5,tt0367882,8
user_5,tt0367959,6
user_5,tt0368008,7
user_5,tt0368226,3
user_5,tt0368447,4
user_5,tt0368709,5
user_5,tt0368794,7
user_5,tt0368891,7
user_5,tt0368896,7
user_5,tt0368933,6
user_5,tt0369339,6
user_5,tt0369436,5
user_5,tt0369441,5
user_5,tt0369610,7
user_5,tt0369672,6
user_5,tt0369702,8
user_5,tt0370032,5
user_5,tt0370263,6
user_5,tt0370986,7
user_5,tt0371246,7
user_5,tt0371606,5
user_5,tt0371724,7
user_5,tt0371739,7
user_5,tt0371746,9
user_5,tt0372183,6
user_5,tt0372237,5
user_5,tt0372334,8
user_5,tt0372532,7
user_5,tt0372588,6
user_5,tt0372784,7
user_5,tt0372824,9
user_5,tt0373051,5
user_5,tt0373074,8
user_5,tt0373450,9
user_5,tt0373469,8
user_5,tt0373883,7
user_5,tt0373889,6
user_5,tt0373926,5
user_5,tt0374102,7
user_5,tt0374546,8
user_5,tt0374887,9
user_5,tt0374900,8
user_5,tt0375063,7
user_5,tt0375679,8
user_5,tt0375912,6
user_5,tt0376105,7
user_5,tt0376108,6
user_5,tt0376136,5
user_5,tt0376541,6
user_5,tt0376994,8
user_5,tt0377043,7
user_5,tt0377062,5
user_5,tt0377091,9
user_5,tt0377092,8
user_5,tt0377107,6
user_5,tt0377109,4
user_5,tt0377471,4
user_5,tt0377981,6
user_5,tt0378194,7
user_5,tt0378284,10
user_5,tt0379217,8
user_5,tt0379725,8
user_5,tt0379786,10
user_5,tt0379865,5
user_5,tt0380291,8
user_5,tt0380389,7
user_5,tt0380510,9
user_5,tt0380817,8
user_5,tt0381061,6
user_5,tt0381681,7
user_5,tt0381707,8
user_5,tt0381849,9
user_5,tt0382077,5
user_5,tt0382156,6
user_5,tt0382625,7
user_5,tt0382628,5
user_5,tt0382932,10
user_5,tt0383028,7
user_5,tt0383574,8
user_5,tt0384537,6
user_5,tt0384680,6
user_5,tt0384686,5
user_5,tt0384793,5
user_5,tt0384806,7
user_5,tt0385002,6
user_5,tt0385004,6
user_5,tt0385056,9
user_5,tt0385267,6
user_5,tt0385307,6
user_5,tt0385700,6
user_5,tt0385726,6
user_5,tt0385752,6
user_5,tt0385880,8
user_5,tt0385887,5
user_5,tt0385969,6
user_5,tt0386064,9
user_5,tt0386117,5
user_5,tt0386140,6
user_5,tt0386588,6
user_5,tt0387059,6
user_5,tt0387131,6
user_5,tt0387162,5
user_5,tt0387564,10
user_5,tt0387575,6
user_5,tt0387808,7
user_5,tt0387877,6
user_5,tt0387898,8
user_5,tt0388125,6
user_5,tt0388130,9
user_5,tt0388482,7
user_5,tt0388795,8
user_5,tt0389328,4
user_5,tt0389722,8
user_5,tt0389790,5
user_5,tt0389860,7
user_5,tt0390022,6
user_5,tt0390058,4
user_5,tt0390384,6
user_5,tt0391198,6
user_5,tt0391229,5
user_5,tt0391304,6
user_5,tt0393109,8
user_5,tt0393162,7
user_5,tt0393735,4
user_5,tt0395169,10
user_5,tt0395584,6
user_5,tt0395972,5
user_5,tt0396171,8
user_5,tt0396184,6
user_5,tt0396269,7
user_5,tt0396555,6
user_5,tt0396652,7
user_5,tt0396752,6
user_5,tt0397065,5
user_5,tt0397101,7
user_5,tt0397535,8
user_5,tt0397892,8
user_5,tt0398013,7
user_5,tt0398017,6
user_5,tt0398165,6
user_5,tt0398286,9
user_5,tt0398375,6
user_5,tt0398712,6
user_5,tt0398808,9
user_5,tt0399146,8
user_5,tt0399201,5
user_5,tt0399295,6
user_5,tt0399854,6
user_5,tt0400172,3
user_5,tt0400525,8
user_5,tt0400717,7
user_5,tt0401085,9
user_5,tt0401383,7
user_5,tt0401445,8
user_5,tt0401711,7
user_5,tt0401729,8
user_5,tt0401792,8
user_5,tt0401855,6
user_5,tt0401997,5
user_5,tt0402022,4
user_5,tt0402901,5
user_5,tt0403358,5
user_5,tt0403360,6
user_5,tt0403455,6
user_5,tt0403508,6
user_5,tt0403702,7
user_5,tt0404030,9
user_5,tt0404032,7
user_5,tt0404203,8
user_5,tt0404254,5
user_5,tt0404390,8
user_5,tt0404802,6
user_5,tt0405061,7
user_5,tt0405094,10
user_5,tt0405159,8
user_5,tt0405296,7
user_5,tt0405325,5
user_5,tt0405422,7
user_5,tt0405508,8
user_5,tt0405676,7
user_5,tt0406158,6
user_5,tt0406375,5
user_5,tt0406759,6
user_5,tt0406816,8
user_5,tt0406977,7
user_5,tt0407265,9
user_5,tt0407304,6
user_5,tt0407887,8
user_5,tt0408236,8
user_5,tt0408306,8
user_5,tt0408345,4
user_5,tt0408790,5
user_5,tt0408839,7
user_5,tt0409182,7
user_5,tt0409459,8
user_5,tt0409847,7
user_5,tt0410297,6
user_5,tt0410377,6
user_5,tt0411477,6
user_5,tt0412019,7
user_5,tt0412080,10
user_5,tt0413099,5
user_5,tt0413267,9
user_5,tt0413300,5
user_5,tt0414055,8
user_5,tt0414387,8
user_5,tt0414982,6
user_5,tt0414993,6
user_5,tt0415306,6
user_5,tt0416236,8
user_5,tt0416320,9
user_5,tt0416449,9
user_5,tt0416508,6
user_5,tt0417148,6
user_5,tt0417217,7
user_5,tt0417741,9
user_5,tt0418279,8
user_5,tt0418455,9
user_5,tt0418689,9
user_5,tt0418763,6
user_5,tt0418819,6
user_5,tt0419706,6
user_5,tt0419843,8
user_5,tt0419887,7
user_5,tt0419952,4
user_5,tt0420076,5
user_5,tt0420087,10
user_5,tt0420223,8
user_5,tt0420332,9
user_5,tt0421054,5
user_5,tt0421073,8
user_5,tt0421082,6
user_5,tt0421206,8
user_5,tt0421239,6
user_5,tt0421715,7
user_5,tt0422272,6
user_5,tt0422401,6
user_5,tt0422720,7
user_5,tt0423294,6
user_5,tt0423866,8
user_5,tt0424095,6
user_5,tt0424136,8
user_5,tt0424205,7
user_5,tt0424227,8
user_5,tt0424345,7
user_5,tt0424823,7
user_5,tt0425061,7
user_5,tt0425112,6
user_5,tt0425123,7
user_5,tt0425210,7
user_5,tt0425333,9
user_5,tt0425413,6
user_5,tt0425661,6
user_5,tt0426459,7
user_5,tt0426578,8
user_5,tt0426883,7
user_5,tt0426931,7
user_5,tt0427152,6
user_5,tt0427229,7
user_5,tt0427309,6
user_5,tt0427327,9
user_5,tt0427392,6
user_5,tt0427470,8
user_5,tt0427944,8
user_5,tt0427969,7
user_5,tt0428251,5
user_5,tt0428870,6
user_5,tt0429493,7
user_5,tt0429591,6
user_5,tt0430105,7
user_5,tt0430304,5
user_5,tt0430308,7
user_5,tt0430357,6
user_5,tt0430770,6
user_5,tt0430912,3
user_5,tt0430922,7
user_5,tt0431021,8
user_5,tt0431197,6
user_5,tt0431308,6
user_5,tt0432021,6
user_5,tt0432047,7
user_5,tt0432264,7
user_5,tt0432283,8
user_5,tt0432291,2
user_5,tt0432348,5
user_5,tt0432393,6
user_5,tt0432402,5
user_5,tt0433035,7
user_5,tt0433362,7
user_5,tt0433383,8
user_5,tt0433387,8
user_5,tt0433400,6
user_5,tt0433412,4
user_5,tt0434008,8
user_5,tt0434124,7
user_5,tt0434409,7
user_5,tt0435625,6
user_5,tt0435651,6
user_5,tt0435679,7
user_5,tt0435705,5
user_5,tt0435761,6
user_5,tt0436697,8
user_5,tt0437086,7
user_5,tt0437857,7
user_5,tt0437863,5
user_5,tt0438097,7
user_5,tt0438315,6
user_5,tt0438488,6
user_5,tt0439289,4
user_5,tt0439662,7
user_5,tt0439815,6
user_5,tt0439884,8
user_5,tt0440803,7
user_5,tt0440963,9
user_5,tt0441048,6
user_5,tt0441773,8
user_5,tt0441909,7
user_5,tt0442933,6
user_5,tt0443272,6
user_5,tt0443274,7
user_5,tt0443431,5
user_5,tt0443453,9
user_5,tt0443473,7
user_5,tt0443489,9
user_5,tt0443536,7
user_5,tt0443543,8
user_5,tt0443567,6
user_5,tt0443584,6
user_5,tt0443649,5
user_5,tt0443680,9
user_5,tt0443701,5
user_5,tt0443706,9
user_5,tt0445691,6
user_5,tt0445760,6
user_5,tt0445922,8
user_5,tt0445934,7
user_5,tt0445990,7
user_5,tt0446013,5
user_5,tt0446029,7
user_5,tt0446059,7
user_5,tt0446559,7
user_5,tt0446719,5
user_5,tt0446755,8
user_5,tt0448011,6
user_5,tt0448115,6
user_5,tt0448134,8
user_5,tt0448157,6
user_5,tt0448694,6
user_5,tt0449010,4
user_5,tt0449059,8
user_5,tt0449088,7
user_5,tt0449089,3
user_5,tt0449467,8
user_5,tt0450158,6
user_5,tt0450188,9
user_5,tt0450232,6
user_5,tt0450259,7
user_5,tt0450278,4
user_5,tt0450314,6
user_5,tt0450345,2
user_5,tt0450385,7
user_5,tt0451079,7
user_5,tt0451094,7
user_5,tt0451279,8
user_5,tt0451833,6
user_5,tt0452594,7
user_5,tt0452598,4
user_5,tt0452608,7
user_5,tt0452623,7
user_5,tt0452637,8
user_5,tt0452681,6
user_5,tt0452694,5
user_5,tt0452702,5
user_5,tt0453451,7
user_5,tt0453467,9
user_5,tt0453533,7
user_5,tt0453556,7
user_5,tt0453562,6
user_5,tt0453729,10
user_5,tt0454082,3
user_5,tt0454841,6
user_5,tt0454848,8
user_5,tt0454876,7
user_5,tt0454921,9
user_5,tt0454945,7
user_5,tt0455407,9
user_5,tt0455538,7
user_5,tt0455590,9
user_5,tt0455824,7
user_5,tt0455857,4
user_5,tt0455944,7
user_5,tt0455960,7
user_5,tt0455967,7
user_5,tt0456020,6
user_5,tt0456123,7
user_5,tt0456396,8
user_5,tt0456500,5
user_5,tt0456554,6
user_5,tt0457275,7
user_5,tt0457419,7
user_5,tt0457430,8
user_5,tt0457513,7
user_5,tt0457939,7
user_5,tt0458339,7
user_5,tt0458352,7
user_5,tt0458413,6
user_5,tt0458481,9
user_5,tt0458525,6
user_5,tt0459072,8
user_5,tt0459880,7
user_5,tt0460740,7
user_5,tt0460745,8
user_5,tt0460791,7
user_5,tt0460890,8
user_5,tt0460989,7
user_5,tt0461770,7
user_5,tt0461804,5
user_5,tt0462200,7
user_5,tt0462322,9
user_5,tt0462396,6
user_5,tt0462465,7
user_5,tt0462499,8
user_5,tt0462504,7
user_5,tt0462519,7
user_5,tt0462538,5
user_5,tt0462590,5
user_5,tt0463854,7
user_5,tt0463985,7
user_5,tt0464141,7
user_5,tt0464913,8
user_5,tt0465234,7
user_5,tt0465494,7
user_5,tt0465538,8
user_5,tt0465580,5
user_5,tt0465602,6
user_5,tt0466561,8
user_5,tt0466909,6
user_5,tt0467197,5
user_5,tt0467200,8
user_5,tt0467406,6
user_5,tt0468489,8
user_5,tt0468492,8
user_5,tt0468565,8
user_5,tt0468569,9
user_5,tt0469494,9
user_5,tt0469641,10
user_5,tt0470752,8
user_5,tt0471042,7
user_5,tt0472033,7
user_5,tt0472043,7
user_5,tt0472050,6
user_5,tt0472062,8
user_5,tt0472160,6
user_5,tt0472181,4
user_5,tt0472198,7
user_5,tt0472268,7
user_5,tt0472399,5
user_5,tt0473075,7
user_5,tt0473308,8
user_5,tt0473444,7
user_5,tt0473697,8
user_5,tt0473705,7
user_5,tt0475276,8
user_5,tt0475290,7
user_5,tt0475394,5
user_5,tt0475723,7
user_5,tt0476735,9
user_5,tt0476884,9
user_5,tt0476958,3
user_5,tt0476964,5
user_5,tt0477078,7
user_5,tt0477080,7
user_5,tt0477139,6
user_5,tt0477302,7
user_5,tt0477347,5
user_5,tt0477348,8
user_5,tt0478087,7
user_5,tt0478304,6
user_5,tt0478311,7
user_5,tt0478724,6
user_5,tt0478829,7
user_5,tt0478970,8
user_5,tt0479143,7
user_5,tt0479651,6
user_5,tt0479884,8
user_5,tt0479952,6
user_5,tt0479997,6
user_5,tt0480025,10
user_5,tt0480242,7
user_5,tt0480249,7
user_5,tt0480255,6
user_5,tt0480271,6
user_5,tt0480572,8
user_5,tt0480669,9
user_5,tt0480687,7
user_5,tt0480702,7
user_5,tt0481369,5
user_5,tt0481499,6
user_5,tt0481536,6
user_5,tt0482546,8
user_5,tt0482571,8
user_5,tt0482606,8
user_5,tt0484740,6
user_5,tt0485601,7
user_5,tt0485947,9
user_5,tt0486480,7
user_5,tt0486551,5
user_5,tt0486572,4
user_5,tt0486576,4
user_5,tt0486583,5
user_5,tt0486655,7
user_5,tt0486674,5
user_5,tt0486822,8
user_5,tt0486946,7
user_5,tt0488120,6
user_5,tt0489049,8
user_5,tt0489099,5
user_5,tt0489270,6
user_5,tt0489282,5
user_5,tt0489664,5
user_5,tt0490204,7
user_5,tt0490215,9
user_5,tt0491152,5
user_5,tt0491175,6
user_5,tt0492044,5
user_5,tt0492486,6
user_5,tt0492896,6
user_5,tt0493264,8
user_5,tt0493437,5
user_5,tt0493464,7
user_5,tt0494238,8
user_5,tt0494652,6
user_5,tt0495135,6
user_5,tt0495596,6
user_5,tt0496699,8
user_5,tt0496806,6
user_5,tt0497465,7
user_5,tt0498353,6
user_5,tt0498380,8
user_5,tt0498381,5
user_5,tt0499375,8
user_5,tt0499448,6
user_5,tt0499549,7
user_5,tt0499554,4
user_5,tt0499556,6
user_5,tt0756683,8
user_5,tt0758730,4
user_5,tt0758746,5
user_5,tt0758752,6
user_5,tt0758758,7
user_5,tt0758766,7
user_5,tt0758771,5
user_5,tt0758774,7
user_5,tt0758794,9
user_5,tt0760188,6
user_5,tt0760311,8
user_5,tt0762073,7
user_5,tt0762107,6
user_5,tt0762125,6
user_5,tt0763831,5
user_5,tt0763840,5
user_5,tt0765010,6
user_5,tt0765429,8
user_5,tt0765442,7
user_5,tt0765443,8
user_5,tt0770703,6
user_5,tt0770752,5
user_5,tt0770828,7
user_5,tt0772105,8
user_5,tt0775552,5
user_5,tt0778661,4
user_5,tt0780504,9
user_5,tt0780511,6
user_5,tt0780516,8
user_5,tt0780521,7
user_5,tt0780536,10
user_5,tt0780571,9
user_5,tt0780607,5
user_5,tt0780622,4
user_5,tt0780653,7
user_5,tt0781332,4
user_5,tt0782037,6
user_5,tt0783233,7
user_5,tt0785006,4
user_5,tt0785035,6
user_5,tt0787474,8
user_5,tt0787475,8
user_5,tt0790636,8
user_5,tt0790686,5
user_5,tt0790724,6
user_5,tt0790736,6
user_5,tt0795351,6
user_5,tt0795368,6
user_5,tt0795421,5
user_5,tt0795461,2
user_5,tt0796366,7
user_5,tt0799934,5
user_5,tt0799949,3
user_5,tt0800039,7
user_5,tt0800080,8
user_5,tt0800240,5
user_5,tt0800241,7
user_5,tt0800308,8
user_5,tt0800320,5
user_5,tt0800369,9
user_5,tt0803061,7
user_5,tt0803096,8
user_5,tt0804461,7
user_5,tt0804492,2
user_5,tt0804497,7
user_5,tt0804516,6
user_5,tt0804522,7
user_5,tt0804529,5
user_5,tt0805184,7
user_5,tt0805526,8
user_5,tt0805564,9
user_5,tt0808151,6
user_5,tt0808279,7
user_5,tt0808399,6
user_5,tt0808417,8
user_5,tt0808506,6
user_5,tt0809504,5
user_5,tt0810819,8
user_5,tt0810913,3
user_5,tt0810922,6
user_5,tt0811080,7
user_5,tt0811124,6
user_5,tt0814022,5
user_5,tt0814255,8
user_5,tt0814314,7
user_5,tt0814685,6
user_5,tt0815236,7
user_5,tt0815244,6
user_5,tt0815245,9
user_5,tt0816442,8
user_5,tt0816462,5
user_5,tt0816545,8
user_5,tt0816692,10
user_5,tt0816711,7
user_5,tt0817177,8
user_5,tt0817230,5
user_5,tt0821640,6
user_5,tt0822832,7
user_5,tt0822847,5
user_5,tt0822854,7
user_5,tt0824747,9
user_5,tt0825232,7
user_5,tt0825239,4
user_5,tt0829150,8
user_5,tt0829482,8
user_5,tt0830515,7
user_5,tt0830558,7
user_5,tt0831387,5
user_5,tt0831887,4
user_5,tt0832266,7
user_5,tt0832318,6
user_5,tt0834001,6
user_5,tt0837106,4
user_5,tt0837562,6
user_5,tt0837563,5
user_5,tt0838221,6
user_5,tt0838283,9
user_5,tt0839980,7
user_5,tt0840322,8
user_5,tt0840361,9
user_5,tt0841046,5
user_5,tt0842926,6
user_5,tt0844286,7
user_5,tt0844457,8
user_5,tt0844471,6
user_5,tt0844479,5
user_5,tt0844708,7
user_5,tt0845046,7
user_5,tt0845448,6
user_5,tt0846040,6
user_5,tt0846308,6
user_5,tt0848228,9
user_5,tt0848537,8
user_5,tt0850667,8
user_5,tt0851578,6
user_5,tt0852713,6
user_5,tt0856288,9
user_5,tt0859163,5
user_5,tt0861689,8
user_5,tt0861739,9
user_5,tt0862467,6
user_5,tt0864761,6
user_5,tt0864835,6
user_5,tt0865556,6
user_5,tt0866437,5
user_5,tt0866439,6
user_5,tt0870111,8
user_5,tt0870984,7
user_5,tt0871426,6
user_5,tt0871510,9
user_5,tt0873886,7
user_5,tt0875034,6
user_5,tt0875595,8
user_5,tt0876563,7
user_5,tt0878804,8
user_5,tt0879843,5
user_5,tt0879870,6
user_5,tt0880578,7
user_5,tt0882977,5
user_5,tt0884328,6
user_5,tt0884726,5
user_5,tt0887883,8
user_5,tt0887912,6
user_5,tt0889573,6
user_5,tt0889583,7
user_5,tt0890870,6
user_5,tt0892318,7
user_5,tt0892769,10
user_5,tt0892782,8
user_5,tt0892791,8
user_5,tt0896534,5
user_5,tt0896798,6
user_5,tt0898367,7
user_5,tt0901476,6
user_5,tt0901485,7
user_5,tt0901488,7
user_5,tt0903624,8
user_5,tt0905372,7
user_5,tt0907657,9
user_5,tt0910554,7
user_5,tt0910936,7
user_5,tt0910970,9
user_5,tt0913425,7
user_5,tt0914798,9
user_5,tt0914863,8
user_5,tt0918927,8
user_5,tt0918940,6
user_5,tt0924129,8
user_5,tt0926084,7
user_5,tt0929632,10
user_5,tt0929809,1
user_5,tt0935075,7
user_5,tt0936501,7
user_5,tt0938283,4
user_5,tt0942385,7
user_5,tt0943982,7
user_5,tt0944835,7
user_5,tt0945513,9
user_5,tt0947798,7
user_5,tt0947810,8
user_5,tt0948470,8
user_5,tt0949731,3
user_5,tt0951335,6
user_5,tt0955308,6
user_5,tt0959337,9
user_5,tt0960144,6
user_5,tt0960731,6
user_5,tt0962736,10
user_5,tt0963178,7
user_5,tt0963194,8
user_5,tt0963794,5
user_5,tt0963966,6
user_5,tt0964517,7
user_5,tt0969325,7
user_5,tt0970179,7
user_5,tt0970411,7
user_5,tt0970416,6
user_5,tt0970452,5
user_5,tt0970866,5
user_5,tt0971209,6
user_5,tt0974015,6
user_5,tt0974554,7
user_5,tt0974661,9
user_5,tt0975645,8
user_5,tt0976051,6
user_5,tt0976238,6
user_5,tt0976247,4
user_5,tt0978762,7
user_5,tt0978764,6
user_5,tt0980970,5
user_5,tt0981227,6
user_5,tt0983193,6
user_5,tt0983213,8
user_5,tt0985694,6
user_5,tt0985699,6
user_5,tt0986263,7
user_5,tt0986264,8
user_5,tt0988045,9
user_5,tt0988047,7
user_5,tt0988108,7
user_5,tt0988595,6
user_5,tt0989757,7
user_5,tt0990407,7
user_5,tt0993842,7
user_5,tt0993846,9
user_5,tt0995039,6
user_5,tt0997047,6
user_5,tt0997057,8
user_5,tt0997152,7
user_5,tt1000774,6
user_5,tt1001508,5
user_5,tt1001526,6
user_5,tt1001562,3
user_5,tt1007028,8
user_5,tt1007029,5
user_5,tt1010048,8
user_5,tt1013743,7
user_5,tt1013752,5
user_5,tt1013753,8
user_5,tt10147382,6
user_5,tt1014759,8
user_5,tt1014775,3
user_5,tt1017460,6
user_5,tt1018764,8
user_5,tt1019452,6
user_5,tt1020072,9
user_5,tt1020530,6
user_5,tt1020558,7
user_5,tt1020937,7
user_5,tt1022603,8
user_5,tt1023111,8
user_5,tt1023114,9
user_5,tt1023441,7
user_5,tt1024648,8
user_5,tt1025100,4
user_5,tt1027718,7
user_5,tt1028528,7
user_5,tt1028532,9
user_5,tt1029231,6
user_5,tt1029285,7
user_5,tt1032751,6
user_5,tt1032755,7
user_5,tt1032846,6
user_5,tt1033575,6
user_5,tt1033643,5
user_5,tt1034032,6
user_5,tt1034303,6
user_5,tt1034314,8
user_5,tt1034331,7
user_5,tt1034389,7
user_5,tt10350626,6
user_5,tt1037705,6
user_5,tt1038686,6
user_5,tt1038919,5
user_5,tt1038988,8
user_5,tt1041829,7
user_5,tt10431500,8
user_5,tt1043726,5
user_5,tt1043842,7
user_5,tt1045658,9
user_5,tt1045670,7
user_5,tt1045772,7
user_5,tt1045778,5
user_5,tt1046173,6
user_5,tt1046947,7
user_5,tt1049413,7
user_5,tt1051904,5
user_5,tt1051906,8
user_5,tt1053424,6
user_5,tt1054113,6
user_5,tt1054606,5
user_5,tt1055292,8
user_5,tt1055369,5
user_5,tt1057500,10
user_5,tt1058017,6
user_5,tt1059786,6
user_5,tt1059836,5
user_5,tt1060277,8
user_5,tt1063669,8
user_5,tt1064744,5
user_5,tt1065073,8
user_5,tt1067106,6
user_5,tt10671436,9
user_5,tt1067583,7
user_5,tt1068242,6
user_5,tt1068680,9
user_5,tt1071804,7
user_5,tt1071875,5
user_5,tt1073105,6
user_5,tt1073241,7
user_5,tt1073498,2
user_5,tt1074638,7
user_5,tt1075417,8
user_5,tt1075419,9
user_5,tt1077258,6
user_5,tt1077368,6
user_5,tt1078588,7
user_5,tt1078912,5
user_5,tt1078940,5
user_5,tt1080016,8
user_5,tt1082807,5
user_5,tt1082868,5
user_5,tt1082886,7
user_5,tt1083452,7
user_5,tt1084950,7
user_5,tt1086772,7
user_5,tt10886166,3
user_5,tt1091191,6
user_5,tt1091722,7
user_5,tt1092026,7
user_5,tt1092633,4
user_5,tt1093357,5
user_5,tt1093370,6
user_5,tt1093908,6
user_5,tt1094262,7
user_5,tt1095217,7
user_5,tt1095442,8
user_5,tt1098226,5
user_5,tt1099212,6
user_5,tt1100089,7
user_5,tt1103153,6
user_5,tt1104001,7
user_5,tt1105300,7
user_5,tt1107860,7
user_5,tt1109624,6
user_5,tt1111358,7
user_5,tt1111422,9
user_5,tt1112782,5
user_5,tt1114740,6
user_5,tt1119646,7
user_5,tt1120985,9
user_5,tt1121931,7
user_5,tt1124035,7
user_5,tt1125849,8
user_5,tt1126590,7
user_5,tt1126591,7
user_5,tt1126596,9
user_5,tt1126618,5
user_5,tt1127180,7
user_5,tt1127715,9
user_5,tt1129442,6
user_5,tt1129445,6
user_5,tt1130080,5
user_5,tt1130884,9
user_5,tt1130980,5
user_5,tt1131724,6
user_5,tt1131729,8
user_5,tt1131734,5
user_5,tt1132620,7
user_5,tt1132626,6
user_5,tt1133985,7
user_5,tt1134664,5
user_5,tt1135084,8
user_5,tt1135487,5
user_5,tt1135503,7
user_5,tt1135985,7
user_5,tt1136608,6
user_5,tt1139282,6
user_5,tt1139328,8
user_5,tt1139592,2
user_5,tt1139668,6
user_5,tt1139797,8
user_5,tt1142433,6
user_5,tt1142977,7
user_5,tt1142988,5
user_5,tt1144884,7
user_5,tt1146325,5
user_5,tt1148204,6
user_5,tt1149362,7
user_5,tt1150946,9
user_5,tt1151339,7
user_5,tt1151359,7
user_5,tt1151410,7
user_5,tt1151922,6
user_5,tt1152398,5
user_5,tt1152836,7
user_5,tt1153706,3
user_5,tt1155053,9
user_5,tt1155056,6
user_5,tt1155076,5
user_5,tt1156398,7
user_5,tt1158700,1
user_5,tt1160317,6
user_5,tt1161864,7
user_5,tt1166100,8
user_5,tt1167611,7
user_5,tt1167660,7
user_5,tt1170358,8
user_5,tt1172049,9
user_5,tt1172206,4
user_5,tt1172233,8
user_5,tt1172570,8
user_5,tt1174730,7
user_5,tt1174732,8
user_5,tt1175709,7
user_5,tt1176740,7
user_5,tt1178663,8
user_5,tt1179034,7
user_5,tt1179056,6
user_5,tt1179891,6
user_5,tt1179904,7
user_5,tt1179933,8
user_5,tt1181791,7
user_5,tt1182345,9
user_5,tt1182350,6
user_5,tt1182921,6
user_5,tt1185836,7
user_5,tt1186367,6
user_5,tt1187043,8
user_5,tt1187064,8
user_5,tt1188729,7
user_5,tt1188996,6
user_5,tt1189073,7
user_5,tt1189076,7
user_5,tt1189340,6
user_5,tt1190080,6
user_5,tt1190536,8
user_5,tt1192628,5
user_5,tt1193138,8
user_5,tt1194173,6
user_5,tt1194263,7
user_5,tt1195478,8
user_5,tt1196141,6
user_5,tt1197624,7
user_5,tt1197628,6
user_5,tt1201167,5
user_5,tt1201607,10
user_5,tt1204342,8
user_5,tt1204975,8
user_5,tt1204977,5
user_5,tt1205489,7
user_5,tt1205537,5
user_5,tt1206543,6
user_5,tt1206885,5
user_5,tt1210042,7
user_5,tt1210166,8
user_5,tt1210819,7
user_5,tt1211837,9
user_5,tt1211956,5
user_5,tt1212419,6
user_5,tt1212428,5
user_5,tt1212450,7
user_5,tt1213641,6
user_5,tt1213644,3
user_5,tt1213663,6
user_5,tt1214962,7
user_5,tt1216475,7
user_5,tt1216487,7
user_5,tt1216492,8
user_5,tt1217209,7
user_5,tt1217213,8
user_5,tt1217613,6
user_5,tt1219289,8
user_5,tt1219342,6
user_5,tt1219827,6
user_5,tt1220634,6
user_5,tt1220706,5
user_5,tt1220719,7
user_5,tt1220888,7
user_5,tt1226229,7
user_5,tt1226240,8
user_5,tt1226271,6
user_5,tt1226273,7
user_5,tt1226681,7
user_5,tt1226753,6
user_5,tt1226837,6
user_5,tt1228705,7
user_5,tt1228987,7
user_5,tt1229238,7
user_5,tt1229340,5
user_5,tt1229822,9
user_5,tt1230215,7
user_5,tt1230385,9
user_5,tt1230414,6
user_5,tt1231580,5
user_5,tt1231583,8
user_5,tt1231587,8
user_5,tt1232200,5
user_5,tt1232829,8
user_5,tt1233227,6
user_5,tt1234548,7
user_5,tt1234719,6
user_5,tt1234721,5
user_5,tt1235124,6
user_5,tt1235166,9
user_5,tt1235522,6
user_5,tt1240982,7
user_5,tt1241317,6
user_5,tt1242422,8
user_5,tt1242432,6
user_5,tt1242460,6
user_5,tt1242782,5
user_5,tt1243957,8
user_5,tt1245492,7
user_5,tt1245526,7
user_5,tt1247640,6
user_5,tt1250777,8
user_5,tt1251743,6
user_5,tt1253863,6
user_5,tt1253864,6
user_5,tt1255953,8
user_5,tt1258197,7
user_5,tt1258972,6
user_5,tt1259521,6
user_5,tt1259528,9
user_5,tt1259571,5
user_5,tt1261862,6
user_5,tt1261945,6
user_5,tt1262416,9
user_5,tt1263670,5
user_5,tt1266029,8
user_5,tt1267297,8
user_5,tt1268809,3
user_5,tt1269566,6
user_5,tt1270797,5
user_5,tt1270798,8
user_5,tt1272878,7
user_5,tt1273235,6
user_5,tt1274275,6
user_5,tt1275863,7
user_5,tt1276104,7
user_5,tt1276419,8
user_5,tt1277953,7
user_5,tt1278104,5
user_5,tt1278340,6
user_5,tt1279180,7
user_5,tt1279935,7
user_5,tt1282140,8
user_5,tt1284575,5
user_5,tt1285009,5
user_5,tt1285016,8
user_5,tt1285241,9
user_5,tt1285309,6
user_5,tt1288403,7
user_5,tt1288558,5
user_5,tt1288641,6
user_5,tt1289401,4
user_5,tt1290400,5
user_5,tt1291150,4
user_5,tt1291580,6
user_5,tt1291584,8
user_5,tt1292566,5
user_5,tt1293847,7
user_5,tt1294226,6
user_5,tt1298554,9
user_5,tt1298649,5
user_5,tt1298650,6
user_5,tt1300155,6
user_5,tt1300851,6
user_5,tt1300854,7
user_5,tt1302006,8
user_5,tt1302011,7
user_5,tt1305797,10
user_5,tt1305806,7
user_5,tt1306980,7
user_5,tt1307068,7
user_5,tt1308729,7
user_5,tt1311067,4
user_5,tt1312132,3
user_5,tt1313092,8
user_5,tt1314655,8
user_5,tt1315981,8
user_5,tt1316536,8
user_5,tt1318514,8
user_5,tt1319718,8
user_5,tt1320244,3
user_5,tt1320253,7
user_5,tt1320261,5
user_5,tt1321511,6
user_5,tt1321870,7
user_5,tt1322269,5
user_5,tt1322312,8
user_5,tt1323594,7
user_5,tt1324999,5
user_5,tt1325004,3
user_5,tt1327035,8
user_5,tt1327194,6
user_5,tt1327773,7
user_5,tt1332100,7
user_5,tt1332134,8
user_5,tt1333125,4
user_5,tt1334260,6
user_5,tt1334512,5
user_5,tt1335975,6
user_5,tt1336608,8
user_5,tt1336617,6
user_5,tt1340138,7
user_5,tt1340800,7
user_5,tt1341167,9
user_5,tt1343092,6
user_5,tt1343097,7
user_5,tt1343727,7
user_5,tt1345728,8
user_5,tt1345836,10
user_5,tt1347007,6
user_5,tt1351685,9
user_5,tt1355630,8
user_5,tt1355644,8
user_5,tt1355683,7
user_5,tt1365048,5
user_5,tt1365050,7
user_5,tt1365519,7
user_5,tt1366344,6
user_5,tt1366365,7
user_5,tt1368440,6
user_5,tt1369706,5
user_5,tt1371111,7
user_5,tt1371150,7
user_5,tt1372686,5
user_5,tt1373156,5
user_5,tt1373215,3
user_5,tt1374992,7
user_5,tt1375666,6
user_5,tt1375670,6
user_5,tt1379182,8
user_5,tt1381404,7
user_5,tt1381418,5
user_5,tt1385826,8
user_5,tt1385867,6
user_5,tt1386588,6
user_5,tt1386697,4
user_5,tt1386703,8
user_5,tt1386932,8
user_5,tt1389072,5
user_5,tt1389137,6
user_5,tt1389139,6
user_5,tt1390411,7
user_5,tt1392170,8
user_5,tt1392190,7
user_5,tt1392214,5
user_5,tt1393746,9
user_5,tt1396218,6
user_5,tt1396484,8
user_5,tt1397280,8
user_5,tt1397514,6
user_5,tt1398426,6
user_5,tt1399103,7
user_5,tt1399683,7
user_5,tt1401152,8
user_5,tt1403241,5
user_5,tt1403865,8
user_5,tt1403981,8
user_5,tt1405365,7
user_5,tt1408101,8
user_5,tt1408253,7
user_5,tt1409024,7
user_5,tt1411238,6
user_5,tt1411250,5
user_5,tt1411697,9
user_5,tt1412386,9
user_5,tt1412528,5
user_5,tt1413495,5
user_5,tt1414382,4
user_5,tt1418377,5
user_5,tt1423927,7
user_5,tt1423995,4
user_5,tt1424381,6
user_5,tt1424797,9
user_5,tt1428538,5
user_5,tt1430132,6
user_5,tt1430607,7
user_5,tt1431045,9
user_5,tt1433108,8
user_5,tt1433810,7
user_5,tt1433811,10
user_5,tt1433816,10
user_5,tt1436562,7
user_5,tt1438173,7
user_5,tt1438176,8
user_5,tt1440129,5
user_5,tt1440292,8
user_5,tt1440728,6
user_5,tt1440732,4
user_5,tt1441395,5
user_5,tt1441951,6
user_5,tt1446192,7
user_5,tt1446714,8
user_5,tt1447791,8
user_5,tt1448755,5
user_5,tt1450321,7
user_5,tt1453405,7
user_5,tt1454029,7
user_5,tt1454468,7
user_5,tt1454523,7
user_5,tt1456941,6
user_5,tt1457767,9
user_5,tt1458175,8
user_5,tt1462758,7
user_5,tt1462900,7
user_5,tt1464540,6
user_5,tt1465505,7
user_5,tt1465522,8
user_5,tt1465533,6
user_5,tt1467304,5
user_5,tt1469304,5
user_5,tt1470827,7
user_5,tt1473832,7
user_5,tt1477834,6
user_5,tt1478338,5
user_5,tt1478839,6
user_5,tt1478964,7
user_5,tt1480656,6
user_5,tt1482459,7
user_5,tt1483013,6
user_5,tt1485796,7
user_5,tt1486185,6
user_5,tt1486192,7
user_5,tt1486834,7
user_5,tt1488181,4
user_5,tt1488555,6
user_5,tt1488606,7
user_5,tt1489263,6
user_5,tt1489887,8
user_5,tt1489889,8
user_5,tt1490017,9
user_5,tt1496025,6
user_5,tt1496422,6
user_5,tt1499658,8
user_5,tt1502397,6
user_5,tt1502404,8
user_5,tt1502407,6
user_5,tt1502712,5
user_5,tt1504320,7
user_5,tt1506999,5
user_5,tt1509767,7
user_5,tt1512235,8
user_5,tt1515091,6
user_5,tt1517177,6
user_5,tt1517260,7
user_5,tt1517451,8
user_5,tt1524137,6
user_5,tt1524930,6
user_5,tt1527186,7
user_5,tt1527788,8
user_5,tt1528071,7
user_5,tt1528100,6
user_5,tt1528854,5
user_5,tt1529572,9
user_5,tt1530509,5
user_5,tt1531663,6
user_5,tt1532503,7
user_5,tt1533086,8
user_5,tt1535108,7
user_5,tt1535109,7
user_5,tt1535438,5
user_5,tt1535616,9
user_5,tt1535970,8
user_5,tt1536044,6
user_5,tt1536048,7
user_5,tt1536537,8
user_5,tt1538403,7
user_5,tt1540011,5
user_5,tt1540133,7
user_5,tt1541160,5
user_5,tt1542344,8
user_5,tt1547234,7
user_5,tt1549920,6
user_5,tt1555149,9
user_5,tt1559547,6
user_5,tt1560220,7
user_5,tt1560747,7
user_5,tt1562872,9
user_5,tt1563738,7
user_5,tt1564367,6
user_5,tt1564585,4
user_5,tt1564777,6
user_5,tt1567448,9
user_5,tt1567609,7
user_5,tt1568338,8
user_5,tt1568346,9
user_5,tt1568911,9
user_5,tt1568921,8
user_5,tt1570728,9
user_5,tt1571222,6
user_5,tt1571234,6
user_5,tt1571249,7
user_5,tt1572311,4
user_5,tt1572315,5
user_5,tt1573072,8
user_5,tt1577061,4
user_5,tt1582207,6
user_5,tt1582507,6
user_5,tt1583421,6
user_5,tt1586752,6
user_5,tt1587135,5
user_5,tt1587310,6
user_5,tt1588170,10
user_5,tt1588173,9
user_5,tt1590193,6
user_5,tt1591095,8
user_5,tt1592525,5
user_5,tt1594562,7
user_5,tt1595656,5
user_5,tt1596343,8
user_5,tt1596346,8
user_5,tt1596350,7
user_5,tt1596363,7
user_5,tt1596365,6
user_5,tt1598778,6
user_5,tt1598828,6
user_5,tt1599348,7
user_5,tt1600195,5
user_5,tt1600196,7
user_5,tt1601913,5
user_5,tt1602098,9
user_5,tt1602613,6
user_5,tt1603257,6
user_5,tt1605630,8
user_5,tt1605717,8
user_5,tt1605783,9
user_5,tt1606378,6
user_5,tt1606389,5
user_5,tt1606392,8
user_5,tt1608290,4
user_5,tt1610294,7
user_5,tt1610452,9
user_5,tt1610996,5
user_5,tt1611224,7
user_5,tt1614989,8
user_5,tt1615065,8
user_5,tt1615147,10
user_5,tt1615160,8
user_5,tt1616195,7
user_5,tt1617661,6
user_5,tt1618434,8
user_5,tt1618442,6
user_5,tt1620604,5
user_5,tt1620620,6
user_5,tt1620680,6
user_5,tt1620719,7
user_5,tt1620933,8
user_5,tt1620935,6
user_5,tt1621045,8
user_5,tt1621426,8
user_5,tt1622547,7
user_5,tt1622979,7
user_5,tt1623205,5
user_5,tt1623288,6
user_5,tt1625346,5
user_5,tt1628841,5
user_5,tt1629375,3
user_5,tt1629705,8
user_5,tt1631867,8
user_5,tt1632547,7
user_5,tt1632708,8
user_5,tt1634122,7
user_5,tt1636826,6
user_5,tt1637688,6
user_5,tt1637706,7
user_5,tt1637725,7
user_5,tt1638002,7
user_5,tt1638350,7
user_5,tt1638355,8
user_5,tt1641638,7
user_5,tt1645155,6
user_5,tt1645170,7
user_5,tt1646926,4
user_5,tt1646971,9
user_5,tt1646987,7
user_5,tt1648179,5
user_5,tt1648190,6
user_5,tt1648216,8
user_5,tt1649419,7
user_5,tt1649444,4
user_5,tt1650062,6
user_5,tt1650554,8
user_5,tt1651323,1
user_5,tt1655441,8
user_5,tt1655442,7
user_5,tt1656190,6
user_5,tt1656192,4
user_5,tt1658837,5
user_5,tt1659337,10
user_5,tt1659338,6
user_5,tt1661199,6
user_5,tt1661382,7
user_5,tt1663202,8
user_5,tt1663662,7
user_5,tt1666185,5
user_5,tt1666186,6
user_5,tt1666801,7
user_5,tt1667310,8
user_5,tt1667355,8
user_5,tt1667889,5
user_5,tt1668200,8
user_5,tt1670345,6
user_5,tt1673434,6
user_5,tt1674771,8
user_5,tt1675192,8
user_5,tt1675434,9
user_5,tt1677720,6
user_5,tt1679335,6
user_5,tt1680099,5
user_5,tt1682180,6
user_5,tt1683526,9
user_5,tt1687901,6
user_5,tt1690953,7
user_5,tt1691916,5
user_5,tt1692190,8
user_5,tt1692227,6
user_5,tt1692486,7
user_5,tt1694021,4
user_5,tt1700841,5
user_5,tt1702425,6
user_5,tt1702439,8
user_5,tt1703199,6
user_5,tt1704573,5
user_5,tt1706593,6
user_5,tt1706598,6
user_5,tt1706620,6
user_5,tt1707386,7
user_5,tt1709143,5
user_5,tt1711425,8
user_5,tt1711525,6
user_5,tt1713476,6
user_5,tt1714203,5
user_5,tt1714206,8
user_5,tt1714915,7
user_5,tt1715873,7
user_5,tt1716772,6
user_5,tt1717715,4
user_5,tt1718199,7
user_5,tt1718903,5
user_5,tt1723121,7
user_5,tt1723811,8
user_5,tt1726589,8
user_5,tt1726592,7
user_5,tt1727388,8
user_5,tt1727824,8
user_5,tt1729637,6
user_5,tt1731141,7
user_5,tt1734433,7
user_5,tt1734493,6
user_5,tt1735839,6
user_5,tt1735898,5
user_5,tt1736633,8
user_5,tt1740707,8
user_5,tt1742334,7
user_5,tt1748122,8
user_5,tt1748179,5
user_5,tt1754656,9
user_5,tt1758830,6
user_5,tt1763303,9
user_5,tt1764183,7
user_5,tt1764234,7
user_5,tt1764651,6
user_5,tt1766094,6
user_5,tt1767354,7
user_5,tt1767382,5
user_5,tt1770734,4
user_5,tt1772240,5
user_5,tt1772264,7
user_5,tt1772288,6
user_5,tt1772341,7
user_5,tt1773314,4
user_5,tt1781058,5
user_5,tt1781769,8
user_5,tt1783232,8
user_5,tt1785635,5
user_5,tt1786751,7
user_5,tt1787127,7
user_5,tt1790809,7
user_5,tt1790864,7
user_5,tt1790885,9
user_5,tt1790886,6
user_5,tt1791528,8
user_5,tt1791682,6
user_5,tt1793931,6
user_5,tt1798684,9
user_5,tt1798709,7
user_5,tt1800241,6
user_5,tt1800246,7
user_5,tt1800302,6
user_5,tt1800741,8
user_5,tt1808015,7
user_5,tt1809398,6
user_5,tt1810697,6
user_5,tt1813757,9
user_5,tt1814621,4
user_5,tt1815862,6
user_5,tt1817273,8
user_5,tt1817286,6
user_5,tt1817676,8
user_5,tt1821480,9
user_5,tt1821549,8
user_5,tt1821658,5
user_5,tt1821694,7
user_5,tt1821700,8
user_5,tt1823672,7
user_5,tt1825683,6
user_5,tt1826720,6
user_5,tt1827487,9
user_5,tt1827512,8
user_5,tt1832382,9
user_5,tt1837709,8
user_5,tt1839492,7
user_5,tt1840309,6
user_5,tt1840417,7
user_5,tt1843866,8
user_5,tt1843986,7
user_5,tt1850397,5
user_5,tt1850457,7
user_5,tt1853728,7
user_5,tt1854564,6
user_5,tt1855199,10
user_5,tt1855325,7
user_5,tt1856101,7
user_5,tt1856748,4
user_5,tt1858538,5
user_5,tt1858799,5
user_5,tt1859446,7
user_5,tt1859650,6
user_5,tt1860213,6
user_5,tt1860242,8
user_5,tt1860353,7
user_5,tt1860357,9
user_5,tt1862079,8
user_5,tt1863192,8
user_5,tt1864494,4
user_5,tt1867091,4
user_5,tt1872181,7
user_5,tt1872194,7
user_5,tt1877832,6
user_5,tt1878870,8
user_5,tt1881024,5
user_5,tt1885448,5
user_5,tt1886493,3
user_5,tt1891757,7
user_5,tt1893256,8
user_5,tt1895315,7
user_5,tt1895587,10
user_5,tt1899353,7
user_5,tt1904996,7
user_5,tt1905040,6
user_5,tt1905041,7
user_5,tt1907668,5
user_5,tt1911644,6
user_5,tt1911658,7
user_5,tt1911662,5
user_5,tt1912398,7
user_5,tt1915581,6
user_5,tt1918965,7
user_5,tt1920849,6
user_5,tt1921064,5
user_5,tt1922777,7
user_5,tt1924394,7
user_5,tt1924396,10
user_5,tt1924429,6
user_5,tt1924435,6
user_5,tt1926313,9
user_5,tt1931533,7
user_5,tt1932767,8
user_5,tt1935179,7
user_5,tt1935859,7
user_5,tt1937149,9
user_5,tt1937264,6
user_5,tt1937390,8
user_5,tt1939659,4
user_5,tt1941668,6
user_5,tt1945084,6
user_5,tt1950186,6
user_5,tt1951261,6
user_5,tt1951264,8
user_5,tt1951265,8
user_5,tt1951266,6
user_5,tt1954470,9
user_5,tt1954701,8
user_5,tt1956620,5
user_5,tt1959332,7
user_5,tt1959490,4
user_5,tt1959563,8
user_5,tt1964418,6
user_5,tt1964624,9
user_5,tt1971352,5
user_5,tt1972591,8
user_5,tt1972779,6
user_5,tt1976009,7
user_5,tt1979319,7
user_5,tt1979320,8
user_5,tt1979376,8
user_5,tt1979388,7
user_5,tt1980209,6
user_5,tt1980929,10
user_5,tt1981115,6
user_5,tt1981128,6
user_5,tt1981677,8
user_5,tt1985219,3
user_5,tt1985966,7
user_5,tt1985981,7
user_5,tt1990314,6
user_5,tt1991245,4
user_5,tt1995341,7
user_5,tt2002718,3
user_5,tt2004420,5
user_5,tt2005151,8
user_5,tt2005374,8
user_5,tt2013293,8
user_5,tt2014202,4
user_5,tt2015381,9
user_5,tt2018086,7
user_5,tt2023587,6
user_5,tt2024432,5
user_5,tt2024469,6
user_5,tt2024544,9
user_5,tt2034800,6
user_5,tt2039338,6
user_5,tt2039393,5
user_5,tt2042568,6
user_5,tt2043933,6
user_5,tt2047910,5
user_5,tt2049543,7
user_5,tt2051879,8
user_5,tt2053425,8
user_5,tt2053463,9
user_5,tt2057392,7
user_5,tt2066051,8
user_5,tt2080374,6
user_5,tt2082197,8
user_5,tt2084970,8
user_5,tt2088003,6
user_5,tt2088924,7
user_5,tt2089847,8
user_5,tt2091327,7
user_5,tt2091935,5
user_5,tt2094064,7
user_5,tt2094766,6
user_5,tt2095649,6
user_5,tt2096672,4
user_5,tt2096673,9
user_5,tt2097298,6
user_5,tt2097307,6
user_5,tt2101341,8
user_5,tt2101441,6
user_5,tt2101473,8
user_5,tt2103281,8
user_5,tt2105044,5
user_5,tt2106476,5
user_5,tt2109184,5
user_5,tt2109248,5
user_5,tt2112124,5
user_5,tt2112131,4
user_5,tt2112331,8
user_5,tt2119532,9
user_5,tt2120120,8
user_5,tt2121382,8
user_5,tt2123129,7
user_5,tt2124787,2
user_5,tt2125435,8
user_5,tt2126355,8
user_5,tt2126357,7
user_5,tt2132285,6
user_5,tt2139555,6
user_5,tt2139881,6
user_5,tt2140373,10
user_5,tt2140379,7
user_5,tt2140479,8
user_5,tt2140619,10
user_5,tt2151849,9
user_5,tt2167266,5
user_5,tt2170299,7
user_5,tt2170439,7
user_5,tt2170593,9
user_5,tt2170667,9
user_5,tt2172061,6
user_5,tt2172402,4
user_5,tt2172934,6
user_5,tt2172985,7
user_5,tt2177771,7
user_5,tt2178470,7
user_5,tt2179116,9
user_5,tt2179136,8
user_5,tt2180411,6
user_5,tt2184339,7
user_5,tt2188560,8
user_5,tt2191701,5
user_5,tt2192582,8
user_5,tt2193215,7
user_5,tt2193265,5
user_5,tt2194499,9
user_5,tt2199571,7
user_5,tt2203308,7
user_5,tt2203939,5
user_5,tt2205697,7
user_5,tt2207050,7
user_5,tt2209418,9
user_5,tt2209764,6
user_5,tt2213054,9
user_5,tt2215477,7
user_5,tt2216240,8
user_5,tt2224026,6
user_5,tt2226417,7
user_5,tt2226597,7
user_5,tt2229499,7
user_5,tt2229848,4
user_5,tt2231461,7
user_5,tt2234003,7
user_5,tt2234155,7
user_5,tt2234261,7
user_5,tt2236160,6
user_5,tt2238839,7
user_5,tt2239822,6
user_5,tt2241351,6
user_5,tt2243900,7
user_5,tt2244947,7
user_5,tt2245084,7
user_5,tt2250912,7
user_5,tt2262227,8
user_5,tt2265171,10
user_5,tt2265398,5
user_5,tt2265534,6
user_5,tt2267968,7
user_5,tt2267998,6
user_5,tt2268016,5
user_5,tt2274648,4
user_5,tt2277860,9
user_5,tt2278388,10
user_5,tt2278871,6
user_5,tt2279339,6
user_5,tt2279373,6
user_5,tt2281587,6
user_5,tt2282829,1
user_5,tt2283336,6
user_5,tt2283362,7
user_5,tt2283748,10
user_5,tt2291540,5
user_5,tt2293640,7
user_5,tt2294449,8
user_5,tt2294473,7
user_5,tt2294629,8
user_5,tt2297164,7
user_5,tt2300975,3
user_5,tt2302755,7
user_5,tt2304933,7
user_5,tt2305051,6
user_5,tt2309021,5
user_5,tt2309260,5
user_5,tt2310332,9
user_5,tt2312718,6
user_5,tt2315582,7
user_5,tt2315596,8
user_5,tt2316204,6
user_5,tt2316411,6
user_5,tt2317225,7
user_5,tt2317337,8
user_5,tt2321341,8
user_5,tt2321517,5
user_5,tt2321549,6
user_5,tt2322441,4
user_5,tt2330322,6
user_5,tt2331143,9
user_5,tt2333784,6
user_5,tt2334871,3
user_5,tt2334873,7
user_5,tt2334879,7
user_5,tt2337841,5
user_5,tt2338151,10
user_5,tt2339741,5
user_5,tt2345759,3
user_5,tt2349460,7
user_5,tt2350496,7
user_5,tt2355823,8
user_5,tt2356180,8
user_5,tt2357129,5
user_5,tt2357291,7
user_5,tt2358891,6
user_5,tt2359024,8
user_5,tt2359810,8
user_5,tt2361509,8
user_5,tt2369135,7
user_5,tt2370248,8
user_5,tt2372678,9
user_5,tt2375559,9
user_5,tt2376218,7
user_5,tt2377322,7
user_5,tt2377938,8
user_5,tt2378281,8
user_5,tt2379713,6
user_5,tt2380307,9
user_5,tt2381111,9
user_5,tt2381249,8
user_5,tt2381941,7
user_5,tt2381991,7
user_5,tt2382009,7
user_5,tt2384328,6
user_5,tt2386285,6
user_5,tt2386490,8
user_5,tt2387433,7
user_5,tt2387559,7
user_5,tt2388637,5
user_5,tt2388715,5
user_5,tt2390361,6
user_5,tt2392326,5
user_5,tt2395427,5
user_5,tt2397535,8
user_5,tt2398149,7
user_5,tt2398231,8
user_5,tt2400463,8
user_5,tt2401097,6
user_5,tt2401878,6
user_5,tt2402157,6
user_5,tt2402927,7
user_5,tt2403021,5
user_5,tt2403029,4
user_5,tt2404233,4
user_5,tt2404311,7
user_5,tt2404435,5
user_5,tt2404461,8
user_5,tt2404463,7
user_5,tt2406566,8
user_5,tt2406676,6
user_5,tt2408040,5
user_5,tt2417712,6
user_5,tt2418558,6
user_5,tt2427502,7
user_5,tt2431286,8
user_5,tt2436386,7
user_5,tt2446042,7
user_5,tt2446980,6
user_5,tt2450186,7
user_5,tt2452042,7
user_5,tt2452244,7
user_5,tt2452386,7
user_5,tt2461150,5
user_5,tt2463288,7
user_5,tt2473624,7
user_5,tt2473750,5
user_5,tt2473794,9
user_5,tt2477930,6
user_5,tt2479478,6
user_5,tt2479800,6
user_5,tt2481498,6
user_5,tt2488496,9
user_5,tt2494362,6
user_5,tt2503944,7
user_5,tt2510894,7
user_5,tt2511670,5
user_5,tt2515034,5
user_5,tt2523692,6
user_5,tt2527336,7
user_5,tt2527338,7
user_5,tt2535470,5
user_5,tt2536428,5
user_5,tt2542502,3
user_5,tt2543164,9
user_5,tt2543336,7
user_5,tt2543472,9
user_5,tt2547584,7
user_5,tt2548396,6
user_5,tt2554274,7
user_5,tt2555736,5
user_5,tt2557478,6
user_5,tt2557490,7
user_5,tt2561546,6
user_5,tt2561572,7
user_5,tt2562232,6
user_5,tt2567712,7
user_5,tt2568862,9
user_5,tt2576450,2
user_5,tt2576852,10
user_5,tt2582496,7
user_5,tt2582782,6
user_5,tt2582802,8
user_5,tt2582846,8
user_5,tt2584384,9
user_5,tt2591814,6
user_5,tt2592614,6
user_5,tt2594950,8
user_5,tt2597892,6
user_5,tt2608224,8
user_5,tt2620590,3
user_5,tt2625030,8
user_5,tt2626350,5
user_5,tt2631186,8
user_5,tt2637276,7
user_5,tt2649554,6
user_5,tt2652092,9
user_5,tt2659414,10
user_5,tt2660888,5
user_5,tt2669336,7
user_5,tt2671706,6
user_5,tt2673258,6
user_5,tt2674426,8
user_5,tt2679552,2
user_5,tt2692250,6
user_5,tt2692904,8
user_5,tt2702724,6
user_5,tt2704998,6
user_5,tt2709692,7
user_5,tt2709768,8
user_5,tt2713180,7
user_5,tt2718492,5
user_5,tt2719848,8
user_5,tt2720680,8
user_5,tt2725962,7
user_5,tt2726560,6
user_5,tt2737304,7
user_5,tt2752772,6
user_5,tt2763304,6
user_5,tt2764784,7
user_5,tt2771200,6
user_5,tt2771372,6
user_5,tt2784134,4
user_5,tt2788710,5
user_5,tt2788732,8
user_5,tt2798920,6
user_5,tt2802144,8
user_5,tt2816740,6
user_5,tt2820852,7
user_5,tt2823054,7
user_5,tt2848292,5
user_5,tt2852400,6
user_5,tt2854926,7
user_5,tt2866360,9
user_5,tt2869728,6
user_5,tt2870708,6
user_5,tt2872718,8
user_5,tt2872732,6
user_5,tt2873282,5
user_5,tt2875926,8
user_5,tt2883434,8
user_5,tt2883512,5
user_5,tt2884018,7
user_5,tt2884206,8
user_5,tt2886926,8
user_5,tt2905838,7
user_5,tt2908446,4
user_5,tt2910904,8
user_5,tt2911666,7
user_5,tt2932536,5
user_5,tt2935510,8
user_5,tt2937366,7
user_5,tt2937696,6
user_5,tt2938956,6
user_5,tt2939898,5
user_5,tt2941330,6
user_5,tt2948356,9
user_5,tt2965466,7
user_5,tt2975578,8
user_5,tt2975590,7
user_5,tt2980210,4
user_5,tt2980516,9
user_5,tt2980592,8
user_5,tt2987732,8
user_5,tt2994190,6
user_5,tt2998406,5
user_5,tt2998526,3
user_5,tt3007512,9
user_5,tt3011894,8
user_5,tt3014866,6
user_5,tt3029558,8
user_5,tt3040964,9
user_5,tt3042408,8
user_5,tt3045616,5
user_5,tt3054840,5
user_5,tt3062096,6
user_5,tt3063516,5
user_5,tt3064298,7
user_5,tt3065204,8
user_5,tt3072482,6
user_5,tt3076658,7
user_5,tt3079380,8
user_5,tt3086442,6
user_5,tt3093546,4
user_5,tt3095734,6
user_5,tt3097204,9
user_5,tt3099498,4
user_5,tt3104988,8
user_5,tt3110958,9
user_5,tt3114132,5
user_5,tt3125324,6
user_5,tt3137630,6
user_5,tt3142872,8
user_5,tt3142958,8
user_5,tt3146360,8
user_5,tt3152624,5
user_5,tt3163304,6
user_5,tt3164256,7
user_5,tt3168230,6
user_5,tt3169706,8
user_5,tt3170832,8
user_5,tt3173594,6
user_5,tt3174376,5
user_5,tt3181822,5
user_5,tt3182644,8
user_5,tt3183660,8
user_5,tt3195644,5
user_5,tt3201640,6
user_5,tt3203606,7
user_5,tt3205376,8
user_5,tt3232156,7
user_5,tt3235888,8
user_5,tt3262342,8
user_5,tt3263904,9
user_5,tt3276924,6
user_5,tt3280262,7
user_5,tt3281548,8
user_5,tt3286052,5
user_5,tt3289956,9
user_5,tt3296908,7
user_5,tt3300542,5
user_5,tt3300980,8
user_5,tt3315342,8
user_5,tt3316948,5
user_5,tt3316960,6
user_5,tt3322364,8
user_5,tt3322420,10
user_5,tt3322940,5
user_5,tt3332064,6
user_5,tt3333870,6
user_5,tt3346224,7
user_5,tt3369806,8
user_5,tt3371366,5
user_5,tt3375108,6
user_5,tt3381008,5
user_5,tt3385516,8
user_5,tt3385524,6
user_5,tt3387266,7
user_5,tt3387542,5
user_5,tt3393786,6
user_5,tt3395184,7
user_5,tt3397884,7
user_5,tt3397918,4
user_5,tt3402236,7
user_5,tt3410834,6
user_5,tt3411444,8
user_5,tt3416532,6
user_5,tt3416742,9
user_5,tt3416828,7
user_5,tt3447364,10
user_5,tt3450958,7
user_5,tt3451230,8
user_5,tt3460252,8
user_5,tt3462710,5
user_5,tt3464902,7
user_5,tt3469046,7
user_5,tt3470600,6
user_5,tt3483612,8
user_5,tt3483712,6
user_5,tt3488710,9
user_5,tt3495026,7
user_5,tt3498820,7
user_5,tt3501632,9
user_5,tt3503840,5
user_5,tt3513548,9
user_5,tt3521126,7
user_5,tt3521164,6
user_5,tt3522806,7
user_5,tt3526286,2
user_5,tt3530002,6
user_5,tt3530418,6
user_5,tt3531824,7
user_5,tt3532216,8
user_5,tt3544112,7
user_5,tt3553442,6
user_5,tt3553976,6
user_5,tt3567288,5
user_5,tt3569230,7
user_5,tt3569782,9
user_5,tt3582042,7
user_5,tt3603808,5
user_5,tt3605418,4
user_5,tt3606752,5
user_5,tt3606756,7
user_5,tt3608930,7
user_5,tt3622110,4
user_5,tt3622592,5
user_5,tt3627704,4
user_5,tt3628584,7
user_5,tt3631112,7
user_5,tt3640424,6
user_5,tt3646462,8
user_5,tt3647498,8
user_5,tt3651326,6
user_5,tt3659388,9
user_5,tt3682448,7
user_5,tt3685668,5
user_5,tt3691740,8
user_5,tt3699702,5
user_5,tt3702652,5
user_5,tt3702996,6
user_5,tt3703908,5
user_5,tt3707104,5
user_5,tt3708886,5
user_5,tt3713166,4
user_5,tt3715320,7
user_5,tt3716530,7
user_5,tt3717252,7
user_5,tt3717490,5
user_5,tt3717804,6
user_5,tt3731562,7
user_5,tt3740242,5
user_5,tt3741700,7
user_5,tt3741834,7
user_5,tt3744264,8
user_5,tt3748172,7
user_5,tt3748440,6
user_5,tt3748528,8
user_5,tt3760922,8
user_5,tt3766354,6
user_5,tt3774114,8
user_5,tt3774466,7
user_5,tt3774694,7
user_5,tt3774790,6
user_5,tt3778644,7
user_5,tt3783958,7
user_5,tt3799232,5
user_5,tt3799694,6
user_5,tt3813310,7
user_5,tt3824458,7
user_5,tt3829266,5
user_5,tt3829378,6
user_5,tt3844362,7
user_5,tt3846674,6
user_5,tt3859076,6
user_5,tt3863552,7
user_5,tt3872958,7
user_5,tt3874544,8
user_5,tt3882082,6
user_5,tt3890160,9
user_5,tt3892172,7
user_5,tt3896198,9
user_5,tt3922798,6
user_5,tt3949660,6
user_5,tt3958014,7
user_5,tt3960412,5
user_5,tt3961964,8
user_5,tt3967856,6
user_5,tt4003440,6
user_5,tt4005402,8
user_5,tt4016934,9
user_5,tt4034228,9
user_5,tt4034354,6
user_5,tt4046784,4
user_5,tt4048272,10
user_5,tt4052050,5
user_5,tt4052882,6
user_5,tt4062536,7
user_5,tt4068576,6
user_5,tt4073790,7
user_5,tt4076164,5
user_5,tt4080728,8
user_5,tt4080956,8
user_5,tt4088268,7
user_5,tt4094724,6
user_5,tt4116284,8
user_5,tt4123430,5
user_5,tt4131496,6
user_5,tt4139588,8
user_5,tt4154664,5
user_5,tt4154756,9
user_5,tt4154796,8
user_5,tt4155534,7
user_5,tt4158594,4
user_5,tt4160708,8
user_5,tt4172430,7
user_5,tt4176826,7
user_5,tt4178092,8
user_5,tt4183692,7
user_5,tt4184878,3
user_5,tt4196776,6
user_5,tt4209788,6
user_5,tt4210080,8
user_5,tt4218572,6
user_5,tt4253744,5
user_5,tt4255304,4
user_5,tt4260766,2
user_5,tt4263482,7
user_5,tt4264426,6
user_5,tt4265508,5
user_5,tt4269746,5
user_5,tt4273292,8
user_5,tt4273562,7
user_5,tt4276820,7
user_5,tt4281724,6
user_5,tt4287320,4
user_5,tt4302938,9
user_5,tt4303340,7
user_5,tt4326444,6
user_5,tt4341582,7
user_5,tt4361050,5
user_5,tt4364194,7
user_5,tt4385888,7
user_5,tt4387040,8
user_5,tt4400038,7
user_5,tt4425200,6
user_5,tt4429128,9
user_5,tt4430136,8
user_5,tt4438848,8
user_5,tt4443658,5
user_5,tt4465564,4
user_5,tt4468740,9
user_5,tt4476736,9
user_5,tt4477536,7
user_5,tt4481414,8
user_5,tt4500922,7
user_5,tt4501244,7
user_5,tt4513674,8
user_5,tt4520988,8
user_5,tt4530422,6
user_5,tt4547056,7
user_5,tt4550098,8
user_5,tt4555426,7
user_5,tt4560436,4
user_5,tt4565520,5
user_5,tt4572514,9
user_5,tt4572792,5
user_5,tt4575576,9
user_5,tt4597454,8
user_5,tt4600952,2
user_5,tt4622512,4
user_5,tt4624424,7
user_5,tt4630562,4
user_5,tt4633694,8
user_5,tt4648786,7
user_5,tt4649466,6
user_5,tt4651410,7
user_5,tt4651520,6
user_5,tt4660736,7
user_5,tt4667854,6
user_5,tt4669296,6
user_5,tt4679210,8
user_5,tt4680182,7
user_5,tt4682786,7
user_5,tt4686844,7
user_5,tt4693464,6
user_5,tt4698684,10
user_5,tt4701182,6
user_5,tt4701724,5
user_5,tt4702826,7
user_5,tt4714782,7
user_5,tt4729430,8
user_5,tt4731136,8
user_5,tt4769824,7
user_5,tt4769836,6
user_5,tt4776998,6
user_5,tt4777008,8
user_5,tt4779682,7
user_5,tt4786282,6
user_5,tt4799050,5
user_5,tt4799066,7
user_5,tt4801232,6
user_5,tt4815122,8
user_5,tt4835926,7
user_5,tt4846340,8
user_5,tt4853102,6
user_5,tt4857264,9
user_5,tt4871980,5
user_5,tt4881806,6
user_5,tt4895668,7
user_5,tt4899370,6
user_5,tt4906984,6
user_5,tt4912910,10
user_5,tt4925292,9
user_5,tt4937812,7
user_5,tt4939066,5
user_5,tt4943322,6
user_5,tt4947084,8
user_5,tt4972582,6
user_5,tt4975722,7
user_5,tt4981966,10
user_5,tt4987556,7
user_5,tt5001718,6
user_5,tt5013056,9
user_5,tt5022702,8
user_5,tt5027774,7
user_5,tt5028340,5
user_5,tt5033998,5
user_5,tt5034266,6
user_5,tt5047336,7
user_5,tt5052448,9
user_5,tt5052474,7
user_5,tt5065790,7
user_5,tt5065810,8
user_5,tt5066556,7
user_5,tt5073620,6
user_5,tt5074352,10
user_5,tt5078204,6
user_5,tt5080556,6
user_5,tt5083738,6
user_5,tt5089534,8
user_5,tt5095030,8
user_5,tt5104604,8
user_5,tt5105666,4
user_5,tt5109784,8
user_5,tt5113040,6
user_5,tt5121816,6
user_5,tt5140878,6
user_5,tt5143226,7
user_5,tt5154288,5
user_5,tt5155780,7
user_5,tt5164214,4
user_5,tt5164432,6
user_5,tt5165344,7
user_5,tt5168192,9
user_5,tt5186714,8
user_5,tt5189894,4
user_5,tt5206260,6
user_5,tt5215952,8
user_5,tt5246700,4
user_5,tt5271442,10
user_5,tt5295358,2
user_5,tt5308322,7
user_5,tt5311514,9
user_5,tt5322012,6
user_5,tt5334704,6
user_5,tt5335244,5
user_5,tt5340300,7
user_5,tt5360952,7
user_5,tt5362988,8
user_5,tt5390504,8
user_5,tt5439796,7
user_5,tt5442430,8
user_5,tt5451690,6
user_5,tt5460530,6
user_5,tt5461944,7
user_5,tt5462602,9
user_5,tt5463162,6
user_5,tt5478478,8
user_5,tt5481010,8
user_5,tt5493944,6
user_5,tt5503686,7
user_5,tt5519340,7
user_5,tt5523010,4
user_5,tt5536610,9
user_5,tt5536736,6
user_5,tt5580036,6
user_5,tt5580390,8
user_5,tt5606664,6
user_5,tt5607714,6
user_5,tt5610554,6
user_5,tt5612564,5
user_5,tt5613402,5
user_5,tt5613484,8
user_5,tt5619332,5
user_5,tt5638642,5
user_5,tt5640450,6
user_5,tt5649144,6
user_5,tt5657846,6
user_5,tt5657856,7
user_5,tt5666304,7
user_5,tt5687334,7
user_5,tt5688932,7
user_5,tt5691670,8
user_5,tt5700672,7
user_5,tt5715874,6
user_5,tt5719748,6
user_5,tt5726616,9
user_5,tt5727208,7
user_5,tt5742374,5
user_5,tt5751998,6
user_5,tt5758778,6
user_5,tt5764096,7
user_5,tt5774060,7
user_5,tt5774450,7
user_5,tt5776858,8
user_5,tt5810122,3
user_5,tt5813916,10
user_5,tt5814060,7
user_5,tt5814534,6
user_5,tt5814592,8
user_5,tt5825380,8
user_5,tt5827916,8
user_5,tt5834854,5
user_5,tt5848272,9
user_5,tt5848416,7
user_5,tt5862312,6
user_5,tt5864904,9
user_5,tt5884052,7
user_5,tt5886046,7
user_5,tt5886440,8
user_5,tt5927352,8
user_5,tt5932728,8
user_5,tt5962210,7
user_5,tt5977276,6
user_5,tt5979872,7
user_5,tt5991410,7
user_5,tt5991974,6
user_5,tt6000478,6
user_5,tt6002232,8
user_5,tt6018306,8
user_5,tt6029106,5
user_5,tt6053438,5
user_5,tt6062774,7
user_5,tt6089700,5
user_5,tt6105098,7
user_5,tt6106494,8
user_5,tt6108178,6
user_5,tt6130118,4
user_5,tt6139732,9
user_5,tt6146586,9
user_5,tt6148156,9
user_5,tt6155172,8
user_5,tt6170484,7
user_5,tt6182908,8
user_5,tt6189022,6
user_5,tt6193408,6
user_5,tt6196936,6
user_5,tt6205872,5
user_5,tt6212478,7
user_5,tt6213284,7
user_5,tt6217306,6
user_5,tt6217564,5
user_5,tt6218760,7
user_5,tt6225520,6
user_5,tt6265828,7
user_5,tt6266538,6
user_5,tt6288250,5
user_5,tt6294822,5
user_5,tt6306064,6
user_5,tt6316138,9
user_5,tt6320628,7
user_5,tt6343314,7
user_5,tt6381456,8
user_5,tt6412452,8
user_5,tt6421110,5
user_5,tt6433886,5
user_5,tt6450804,6
user_5,tt6452574,9
user_5,tt6472976,8
user_5,tt6491178,6
user_5,tt6499752,6
user_5,tt6518270,7
user_5,tt6527426,6
user_5,tt6565702,9
user_5,tt6628102,8
user_5,tt6628394,7
user_5,tt6644200,7
user_5,tt6663582,6
user_5,tt6679794,7
user_5,tt6697582,8
user_5,tt6722030,5
user_5,tt6723592,10
user_5,tt6728096,5
user_5,tt6742252,6
user_5,tt6751668,8
user_5,tt6752992,6
user_5,tt6772950,6
user_5,tt6791096,6
user_5,tt6805354,8
user_5,tt6806448,7
user_5,tt6823368,5
user_5,tt6857112,7
user_5,tt6857956,7
user_5,tt6857988,5
user_5,tt6862078,6
user_5,tt6866224,7
user_5,tt6867290,8
user_5,tt6872436,6
user_5,tt6895284,5
user_5,tt6909846,5
user_5,tt6911608,8
user_5,tt6929642,7
user_5,tt6937368,7
user_5,tt6966692,7
user_5,tt6973386,5
user_5,tt6998518,6
user_5,tt7008872,9
user_5,tt7014006,6
user_5,tt7035302,7
user_5,tt7040874,6
user_5,tt7043012,5
user_5,tt7057496,9
user_5,tt7063210,6
user_5,tt7074886,5
user_5,tt7121252,6
user_5,tt7131622,7
user_5,tt7137846,6
user_5,tt7139936,6
user_5,tt7146812,7
user_5,tt7147540,8
user_5,tt7149730,6
user_5,tt7212726,9
user_5,tt7282468,7
user_5,tt7286456,7
user_5,tt7315484,5
user_5,tt7318202,8
user_5,tt7339248,8
user_5,tt7343762,5
user_5,tt7349662,7
user_5,tt7349950,6
user_5,tt7374948,6
user_5,tt7388562,8
user_5,tt7431594,4
user_5,tt7456310,7
user_5,tt7482212,8
user_5,tt7491144,9
user_5,tt7516778,6
user_5,tt7547410,7
user_5,tt7549996,7
user_5,tt7550000,8
user_5,tt7556122,7
user_5,tt7580570,8
user_5,tt7600382,8
user_5,tt7608418,6
user_5,tt7616798,8
user_5,tt7642818,8
user_5,tt7653254,6
user_5,tt7668870,7
user_5,tt7713068,6
user_5,tt7725596,8
user_5,tt7748244,7
user_5,tt7752126,5
user_5,tt7772580,6
user_5,tt7784604,7
user_5,tt7798634,6
user_5,tt7822438,10
user_5,tt7843946,7
user_5,tt7869070,6
user_5,tt7901384,6
user_5,tt7916276,3
user_5,tt7946422,4
user_5,tt7958736,7
user_5,tt7959026,7
user_5,tt7975244,8
user_5,tt7984734,8
user_5,tt7991628,8
user_5,tt8041276,8
user_5,tt8063840,3
user_5,tt8075192,10
user_5,tt8079248,7
user_5,tt8106534,7
user_5,tt8107464,6
user_5,tt8108202,10
user_5,tt8108268,8
user_5,tt8110330,10
user_5,tt8130968,8
user_5,tt8201170,6
user_5,tt8228288,6
user_5,tt8236336,8
user_5,tt8291806,7
user_5,tt8350360,6
user_5,tt8367814,7
user_5,tt8396128,6
user_5,tt8404614,7
user_5,tt8408218,4
user_5,tt8427166,6
user_5,tt8503618,10
user_5,tt8579674,9
user_5,tt8623904,6
user_5,tt8629748,6
user_5,tt8649186,9
user_5,tt8663516,6
user_5,tt8688634,7
user_5,tt8765496,6
user_5,tt8772262,7
user_5,tt8851668,5
user_5,tt8936646,7
user_5,tt8946378,8
user_5,tt8956390,4
user_5,tt8976710,4
user_5,tt9024106,8
user_5,tt9052870,8
user_5,tt9056192,8
user_5,tt9214832,8
user_5,tt9239888,7
user_5,tt9243946,7
user_5,tt9248940,8
user_5,tt9319884,7
user_5,tt9398640,8
user_5,tt9619798,6
user_5,tt9686708,7
user_5,tt9806192,7
user_6,tt0003883,8
user_6,tt0006886,5
user_6,tt0008663,9
user_6,tt0011130,7
user_6,tt0011217,8
user_6,tt0012349,8
user_6,tt0013442,9
user_6,tt0014429,8
user_6,tt0014586,6
user_6,tt0015324,7
user_6,tt0015361,8
user_6,tt0015648,8
user_6,tt0015864,9
user_6,tt0016220,8
user_6,tt0016230,7
user_6,tt0016847,8
user_6,tt0017136,7
user_6,tt0017735,7
user_6,tt0017750,8
user_6,tt0017925,7
user_6,tt0018773,8
user_6,tt0019237,8
user_6,tt0019611,6
user_6,tt0020269,8
user_6,tt0021228,5
user_6,tt0021409,6
user_6,tt0021746,5
user_6,tt0021749,8
user_6,tt0021780,8
user_6,tt0021884,7
user_6,tt0022100,8
user_6,tt0022158,7
user_6,tt0022177,6
user_6,tt0022913,8
user_6,tt0023002,5
user_6,tt0023196,7
user_6,tt0023245,9
user_6,tt0023285,7
user_6,tt0023395,6
user_6,tt0024188,6
user_6,tt0024216,9
user_6,tt0024252,8
user_6,tt0024772,5
user_6,tt0025316,6
user_6,tt0025323,4
user_6,tt0025452,4
user_6,tt0026029,9
user_6,tt0027395,5
user_6,tt0027977,10
user_6,tt0029222,8
user_6,tt0029583,7
user_6,tt0029843,9
user_6,tt0029947,10
user_6,tt0030341,10
user_6,tt0031381,8
user_6,tt0031385,10
user_6,tt0031679,8
user_6,tt0031885,8
user_6,tt0031971,7
user_6,tt0032138,8
user_6,tt0032145,7
user_6,tt0032455,8
user_6,tt0032551,8
user_6,tt0032553,8
user_6,tt0032599,8
user_6,tt0032643,6
user_6,tt0032701,9
user_6,tt0032904,7
user_6,tt0032910,9
user_6,tt0032976,8
user_6,tt0033105,7
user_6,tt0033467,9
user_6,tt0033525,7
user_6,tt0033563,6
user_6,tt0033804,9
user_6,tt0033870,6
user_6,tt0034398,7
user_6,tt0034492,6
user_6,tt0034583,9
user_6,tt0034891,8
user_6,tt0034946,8
user_6,tt0035423,6
user_6,tt0035896,7
user_6,tt0036016,7
user_6,tt0036775,7
user_6,tt0036807,5
user_6,tt0037008,9
user_6,tt0037077,6
user_6,tt0037094,7
user_6,tt0037166,8
user_6,tt0037175,7
user_6,tt0037536,6
user_6,tt0037884,8
user_6,tt0037954,9
user_6,tt0038109,9
user_6,tt0038650,8
user_6,tt0038787,9
user_6,tt0038890,9
user_6,tt0038988,7
user_6,tt0038991,6
user_6,tt0039192,8
user_6,tt0039482,7
user_6,tt0040338,10
user_6,tt0040394,7
user_6,tt0040506,8
user_6,tt0040522,7
user_6,tt0040694,7
user_6,tt0040746,7
user_6,tt0040897,8
user_6,tt0041090,7
user_6,tt0041497,6
user_6,tt0041546,6
user_6,tt0041699,9
user_6,tt0041959,7
user_6,tt0042192,7
user_6,tt0042332,8
user_6,tt0042771,8
user_6,tt0042876,8
user_6,tt0042899,10
user_6,tt0043014,9
user_6,tt0043265,9
user_6,tt0043274,8
user_6,tt0043288,7
user_6,tt0043327,7
user_6,tt0043456,9
user_6,tt0044008,9
user_6,tt0044079,8
user_6,tt0044081,7
user_6,tt0044128,6
user_6,tt0044406,5
user_6,tt0044658,7
user_6,tt0044706,8
user_6,tt0044940,6
user_6,tt0045061,9
user_6,tt0045152,9
user_6,tt0045555,8
user_6,tt0045591,8
user_6,tt0045793,9
user_6,tt0045848,8
user_6,tt0045891,4
user_6,tt0045897,8
user_6,tt0045963,10
user_6,tt0046115,7
user_6,tt0046183,8
user_6,tt0046187,7
user_6,tt0046250,9
user_6,tt0046268,7
user_6,tt0046438,7
user_6,tt0046478,6
user_6,tt0046521,6
user_6,tt0046534,8
user_6,tt0046912,8
user_6,tt0047034,7
user_6,tt0047167,7
user_6,tt0047296,8
user_6,tt0047396,10
user_6,tt0047437,8
user_6,tt0047445,8
user_6,tt0047478,8
user_6,tt0047573,7
user_6,tt0047673,8
user_6,tt0047898,4
user_6,tt0047899,7
user_6,tt0047919,7
user_6,tt0047985,9
user_6,tt0048280,9
user_6,tt0048356,6
user_6,tt0048380,7
user_6,tt0048411,5
user_6,tt0048424,7
user_6,tt0048545,8
user_6,tt0048750,7
user_6,tt0049096,9
user_6,tt0049366,8
user_6,tt0049367,6
user_6,tt0049406,7
user_6,tt0049513,8
user_6,tt0049730,7
user_6,tt0049815,8
user_6,tt0050083,9
user_6,tt0050086,8
user_6,tt0050212,8
user_6,tt0050487,6
user_6,tt0050613,9
user_6,tt0050825,7
user_6,tt0050870,10
user_6,tt0050976,8
user_6,tt0050986,8
user_6,tt0051201,8
user_6,tt0051337,7
user_6,tt0051383,8
user_6,tt0051418,7
user_6,tt0051459,9
user_6,tt0051792,9
user_6,tt0051845,7
user_6,tt0052216,10
user_6,tt0052311,7
user_6,tt0052357,7
user_6,tt0052561,7
user_6,tt0052618,9
user_6,tt0052713,8
user_6,tt0052766,7
user_6,tt0052876,8
user_6,tt0052893,7
user_6,tt0052948,8
user_6,tt0053125,8
user_6,tt0053146,6
user_6,tt0053168,9
user_6,tt0053198,10
user_6,tt0053285,6
user_6,tt0053291,9
user_6,tt0053434,8
user_6,tt0053604,8
user_6,tt0053619,8
user_6,tt0053636,8
user_6,tt0053779,8
user_6,tt0053925,6
user_6,tt0054047,8
user_6,tt0054067,7
user_6,tt0054130,9
user_6,tt0054215,10
user_6,tt0054331,9
user_6,tt0054333,3
user_6,tt0054476,8
user_6,tt0054483,9
user_6,tt0054698,7
user_6,tt0054777,6
user_6,tt0054790,8
user_6,tt0054953,7
user_6,tt0054997,8
user_6,tt0055031,9
user_6,tt0055032,7
user_6,tt0055058,4
user_6,tt0055214,7
user_6,tt0055254,7
user_6,tt0055572,9
user_6,tt0055614,10
user_6,tt0055630,7
user_6,tt0055738,7
user_6,tt0055928,6
user_6,tt0056085,6
user_6,tt0056095,5
user_6,tt0056144,8
user_6,tt0056172,7
user_6,tt0056193,9
user_6,tt0056217,7
user_6,tt0056218,8
user_6,tt0056255,6
user_6,tt0056443,8
user_6,tt0056512,9
user_6,tt0056592,7
user_6,tt0056732,8
user_6,tt0056801,9
user_6,tt0056869,9
user_6,tt0056923,7
user_6,tt0056937,8
user_6,tt0057007,8
user_6,tt0057012,8
user_6,tt0057076,8
user_6,tt0057091,7
user_6,tt0057115,10
user_6,tt0057128,6
user_6,tt0057129,9
user_6,tt0057180,7
user_6,tt0057197,8
user_6,tt0057259,7
user_6,tt0057261,6
user_6,tt0057358,8
user_6,tt0057546,8
user_6,tt0057603,7
user_6,tt0057611,8
user_6,tt0057693,7
user_6,tt0057694,7
user_6,tt0057831,8
user_6,tt0058150,9
user_6,tt0058182,7
user_6,tt0058230,6
user_6,tt0058249,8
user_6,tt0058283,6
user_6,tt0058329,7
user_6,tt0058331,8
user_6,tt0058385,6
user_6,tt0058409,10
user_6,tt0058450,7
user_6,tt0058461,9
user_6,tt0058642,8
user_6,tt0058672,8
user_6,tt0058715,9
user_6,tt0058777,9
user_6,tt0058888,6
user_6,tt0058922,8
user_6,tt0059113,8
user_6,tt0059170,7
user_6,tt0059260,7
user_6,tt0059550,8
user_6,tt0059578,8
user_6,tt0059592,6
user_6,tt0059711,8
user_6,tt0059742,8
user_6,tt0059800,7
user_6,tt0060176,6
user_6,tt0060196,9
user_6,tt0060315,7
user_6,tt0060380,8
user_6,tt0060390,8
user_6,tt0060437,8
user_6,tt0060438,7
user_6,tt0060827,8
user_6,tt0060955,8
user_6,tt0061180,7
user_6,tt0061395,7
user_6,tt0061404,6
user_6,tt0061418,6
user_6,tt0061495,10
user_6,tt0061512,10
user_6,tt0061643,7
user_6,tt0061655,7
user_6,tt0061722,9
user_6,tt0061747,7
user_6,tt0061809,6
user_6,tt0061811,8
user_6,tt0061847,9
user_6,tt0061852,8
user_6,tt0061938,4
user_6,tt0062384,7
user_6,tt0062502,7
user_6,tt0062512,6
user_6,tt0062622,7
user_6,tt0062695,8
user_6,tt0062765,9
user_6,tt0062994,7
user_6,tt0063350,9
user_6,tt0063415,7
user_6,tt0063442,8
user_6,tt0063522,9
user_6,tt0063794,8
user_6,tt0063850,6
user_6,tt0063976,6
user_6,tt0064074,7
user_6,tt0064115,7
user_6,tt0064116,7
user_6,tt0064276,7
user_6,tt0064611,5
user_6,tt0064612,8
user_6,tt0064665,8
user_6,tt0064757,6
user_6,tt0064875,7
user_6,tt0065134,7
user_6,tt0065214,9
user_6,tt0065215,5
user_6,tt0065217,6
user_6,tt0065421,8
user_6,tt0065462,6
user_6,tt0065531,7
user_6,tt0065571,7
user_6,tt0065662,9
user_6,tt0065724,9
user_6,tt0065832,5
user_6,tt0065867,5
user_6,tt0066078,9
user_6,tt0066195,7
user_6,tt0066206,8
user_6,tt0066227,6
user_6,tt0066289,9
user_6,tt0066434,6
user_6,tt0066471,5
user_6,tt0066482,7
user_6,tt0066492,4
user_6,tt0066601,7
user_6,tt0066765,6
user_6,tt0066817,7
user_6,tt0066819,7
user_6,tt0066892,6
user_6,tt0066921,8
user_6,tt0066995,6
user_6,tt0066999,7
user_6,tt0067116,6
user_6,tt0067118,6
user_6,tt0067140,8
user_6,tt0067372,9
user_6,tt0067588,9
user_6,tt0067774,7
user_6,tt0067866,6
user_6,tt0067893,7
user_6,tt0067927,7
user_6,tt0067992,8
user_6,tt0068230,7
user_6,tt0068240,8
user_6,tt0068327,8
user_6,tt0068408,6
user_6,tt0068471,6
user_6,tt0068473,9
user_6,tt0068638,9
user_6,tt0068646,10
user_6,tt0068833,6
user_6,tt0068931,8
user_6,tt0069089,6
user_6,tt0069341,6
user_6,tt0069390,5
user_6,tt0069467,9
user_6,tt0069544,7
user_6,tt0069704,9
user_6,tt0069762,6
user_6,tt0069833,8
user_6,tt0069865,7
user_6,tt0069890,5
user_6,tt0069995,8
user_6,tt0070016,8
user_6,tt0070034,8
user_6,tt0070047,10
user_6,tt0070183,6
user_6,tt0070233,7
user_6,tt0070328,6
user_6,tt0070355,9
user_6,tt0070379,8
user_6,tt0070463,7
user_6,tt0070511,10
user_6,tt0070544,8
user_6,tt0070608,8
user_6,tt0070634,5
user_6,tt0070666,7
user_6,tt0070707,7
user_6,tt0070735,9
user_6,tt0070834,4
user_6,tt0070917,6
user_6,tt0070948,5
user_6,tt0071222,7
user_6,tt0071230,9
user_6,tt0071315,7
user_6,tt0071360,8
user_6,tt0071455,5
user_6,tt0071524,7
user_6,tt0071562,8
user_6,tt0071583,7
user_6,tt0071797,6
user_6,tt0071807,7
user_6,tt0071853,8
user_6,tt0071877,9
user_6,tt0071907,7
user_6,tt0072030,8
user_6,tt0072271,7
user_6,tt0072402,7
user_6,tt0072417,9
user_6,tt0072431,7
user_6,tt0072684,9
user_6,tt0072730,8
user_6,tt0072777,8
user_6,tt0072890,7
user_6,tt0072913,8
user_6,tt0072926,7
user_6,tt0072973,8
user_6,tt0073018,6
user_6,tt0073195,6
user_6,tt0073486,9
user_6,tt0073580,7
user_6,tt0073629,8
user_6,tt0073631,7
user_6,tt0073663,6
user_6,tt0073707,8
user_6,tt0073714,4
user_6,tt0073802,9
user_6,tt0074103,7
user_6,tt0074119,6
user_6,tt0074156,7
user_6,tt0074285,6
user_6,tt0074292,5
user_6,tt0074483,5
user_6,tt0074486,6
user_6,tt0074695,8
user_6,tt0074751,5
user_6,tt0074811,8
user_6,tt0074818,8
user_6,tt0074896,8
user_6,tt0074937,7
user_6,tt0074958,8
user_6,tt0075005,10
user_6,tt0075029,8
user_6,tt0075066,6
user_6,tt0075148,6
user_6,tt0075314,10
user_6,tt0075617,7
user_6,tt0075686,9
user_6,tt0075784,8
user_6,tt0075860,7
user_6,tt0076028,5
user_6,tt0076451,6
user_6,tt0076666,6
user_6,tt0076723,7
user_6,tt0076752,7
user_6,tt0076759,8
user_6,tt0076929,7
user_6,tt0077294,7
user_6,tt0077327,7
user_6,tt0077355,6
user_6,tt0077402,9
user_6,tt0077416,8
user_6,tt0077572,5
user_6,tt0077578,6
user_6,tt0077594,7
user_6,tt0077631,5
user_6,tt0077651,7
user_6,tt0077745,7
user_6,tt0077766,6
user_6,tt0077975,7
user_6,tt0078111,7
user_6,tt0078346,6
user_6,tt0078446,7
user_6,tt0078480,8
user_6,tt0078504,8
user_6,tt0078748,9
user_6,tt0078754,9
user_6,tt0078763,9
user_6,tt0078771,8
user_6,tt0078788,8
user_6,tt0078813,7
user_6,tt0078841,8
user_6,tt0078902,8
user_6,tt0078935,7
user_6,tt0079116,8
user_6,tt0079118,7
user_6,tt0079221,8
user_6,tt0079240,7
user_6,tt0079261,8
user_6,tt0079355,7
user_6,tt0079417,8
user_6,tt0079470,7
user_6,tt0079501,7
user_6,tt0079522,9
user_6,tt0079540,6
user_6,tt0079574,5
user_6,tt0079590,8
user_6,tt0079652,9
user_6,tt0079672,6
user_6,tt0079817,9
user_6,tt0079820,7
user_6,tt0079826,8
user_6,tt0079833,7
user_6,tt0079871,7
user_6,tt0079882,8
user_6,tt0079944,10
user_6,tt0079945,6
user_6,tt0079948,7
user_6,tt0080040,7
user_6,tt0080057,7
user_6,tt0080120,8
user_6,tt0080150,6
user_6,tt0080339,7
user_6,tt0080388,8
user_6,tt0080453,6
user_6,tt0080455,8
user_6,tt0080487,6
user_6,tt0080539,8
user_6,tt0080610,7
user_6,tt0080678,8
user_6,tt0080684,6
user_6,tt0080716,5
user_6,tt0080745,7
user_6,tt0080761,5
user_6,tt0081318,9
user_6,tt0081375,6
user_6,tt0081398,9
user_6,tt0081505,8
user_6,tt0081573,6
user_6,tt0081633,9
user_6,tt0081698,7
user_6,tt0082010,7
user_6,tt0082083,5
user_6,tt0082085,8
user_6,tt0082096,7
user_6,tt0082100,7
user_6,tt0082198,8
user_6,tt0082309,7
user_6,tt0082340,10
user_6,tt0082348,6
user_6,tt0082398,9
user_6,tt0082418,6
user_6,tt0082495,7
user_6,tt0082509,7
user_6,tt0082527,5
user_6,tt0082694,8
user_6,tt0082766,8
user_6,tt0082869,7
user_6,tt0082971,9
user_6,tt0082979,7
user_6,tt0083133,6
user_6,tt0083189,4
user_6,tt0083190,7
user_6,tt0083511,6
user_6,tt0083530,7
user_6,tt0083658,8
user_6,tt0083866,8
user_6,tt0083907,7
user_6,tt0083922,8
user_6,tt0083929,8
user_6,tt0083943,5
user_6,tt0083944,7
user_6,tt0083959,4
user_6,tt0083976,4
user_6,tt0083987,8
user_6,tt0084090,3
user_6,tt0084370,7
user_6,tt0084503,6
user_6,tt0084516,7
user_6,tt0084526,6
user_6,tt0084597,8
user_6,tt0084602,8
user_6,tt0084707,10
user_6,tt0084726,9
user_6,tt0084787,9
user_6,tt0084805,7
user_6,tt0084814,4
user_6,tt0084827,7
user_6,tt0084855,9
user_6,tt0085334,9
user_6,tt0085356,5
user_6,tt0085380,8
user_6,tt0085407,9
user_6,tt0085478,7
user_6,tt0085549,5
user_6,tt0085794,7
user_6,tt0085959,7
user_6,tt0085991,8
user_6,tt0085995,7
user_6,tt0086006,8
user_6,tt0086034,5
user_6,tt0086066,7
user_6,tt0086148,6
user_6,tt0086154,5
user_6,tt0086190,7
user_6,tt0086197,7
user_6,tt0086200,7
user_6,tt0086216,7
user_6,tt0086250,9
user_6,tt0086383,7
user_6,tt0086465,8
user_6,tt0086491,6
user_6,tt0086541,7
user_6,tt0086567,6
user_6,tt0086619,8
user_6,tt0086879,8
user_6,tt0086935,9
user_6,tt0086960,9
user_6,tt0086984,6
user_6,tt0087050,7
user_6,tt0087078,5
user_6,tt0087182,7
user_6,tt0087233,8
user_6,tt0087332,10
user_6,tt0087363,9
user_6,tt0087430,6
user_6,tt0087469,7
user_6,tt0087507,6
user_6,tt0087538,8
user_6,tt0087544,6
user_6,tt0087597,6
user_6,tt0087800,7
user_6,tt0087843,8
user_6,tt0087884,8
user_6,tt0087909,6
user_6,tt0087928,7
user_6,tt0087995,7
user_6,tt0088011,5
user_6,tt0088083,7
user_6,tt0088117,6
user_6,tt0088128,7
user_6,tt0088146,9
user_6,tt0088161,7
user_6,tt0088170,8
user_6,tt0088172,6
user_6,tt0088247,6
user_6,tt0088258,8
user_6,tt0088323,8
user_6,tt0088691,7
user_6,tt0088763,6
user_6,tt0088846,8
user_6,tt0088847,8
user_6,tt0088850,6
user_6,tt0088885,5
user_6,tt0088889,6
user_6,tt0088891,4
user_6,tt0088930,8
user_6,tt0088933,5
user_6,tt0088939,7
user_6,tt0088944,8
user_6,tt0088961,3
user_6,tt0088979,6
user_6,tt0088993,7
user_6,tt0089003,7
user_6,tt0089092,6
user_6,tt0089155,7
user_6,tt0089175,6
user_6,tt0089199,7
user_6,tt0089208,4
user_6,tt0089218,8
user_6,tt0089274,4
user_6,tt0089308,4
user_6,tt0089360,8
user_6,tt0089370,5
user_6,tt0089393,6
user_6,tt0089469,6
user_6,tt0089530,6
user_6,tt0089606,5
user_6,tt0089622,4
user_6,tt0089652,7
user_6,tt0089686,6
user_6,tt0089730,6
user_6,tt0089841,7
user_6,tt0089853,8
user_6,tt0089880,8
user_6,tt0089881,7
user_6,tt0089885,7
user_6,tt0089908,8
user_6,tt0089927,8
user_6,tt0090022,7
user_6,tt0090142,7
user_6,tt0090192,7
user_6,tt0090264,6
user_6,tt0090305,8
user_6,tt0090329,8
user_6,tt0090357,10
user_6,tt0090583,8
user_6,tt0090605,9
user_6,tt0090685,6
user_6,tt0090728,7
user_6,tt0090756,8
user_6,tt0090767,6
user_6,tt0090966,7
user_6,tt0091006,8
user_6,tt0091042,9
user_6,tt0091064,9
user_6,tt0091080,7
user_6,tt0091149,8
user_6,tt0091187,6
user_6,tt0091203,9
user_6,tt0091209,7
user_6,tt0091223,7
user_6,tt0091225,6
user_6,tt0091251,6
user_6,tt0091306,5
user_6,tt0091326,6
user_6,tt0091338,5
user_6,tt0091341,7
user_6,tt0091344,4
user_6,tt0091369,6
user_6,tt0091374,8
user_6,tt0091431,7
user_6,tt0091474,7
user_6,tt0091499,6
user_6,tt0091530,8
user_6,tt0091541,8
user_6,tt0091605,8
user_6,tt0091635,6
user_6,tt0091738,8
user_6,tt0091763,7
user_6,tt0091786,3
user_6,tt0091790,8
user_6,tt0092005,10
user_6,tt0092007,7
user_6,tt0092022,5
user_6,tt0092067,6
user_6,tt0092086,6
user_6,tt0092099,7
user_6,tt0092493,5
user_6,tt0092494,7
user_6,tt0092513,7
user_6,tt0092563,7
user_6,tt0092593,6
user_6,tt0092637,8
user_6,tt0092644,6
user_6,tt0092666,6
user_6,tt0092675,7
user_6,tt0092797,7
user_6,tt0092842,4
user_6,tt0092890,7
user_6,tt0092906,6
user_6,tt0092965,9
user_6,tt0092991,9
user_6,tt0093010,7
user_6,tt0093058,8
user_6,tt0093105,8
user_6,tt0093148,5
user_6,tt0093177,8
user_6,tt0093223,6
user_6,tt0093260,7
user_6,tt0093389,9
user_6,tt0093407,6
user_6,tt0093409,6
user_6,tt0093428,7
user_6,tt0093437,7
user_6,tt0093507,5
user_6,tt0093603,9
user_6,tt0093629,7
user_6,tt0093692,6
user_6,tt0093693,7
user_6,tt0093748,8
user_6,tt0093773,8
user_6,tt0093779,8
user_6,tt0093822,8
user_6,tt0093870,7
user_6,tt0093894,8
user_6,tt0094008,4
user_6,tt0094012,6
user_6,tt0094226,7
user_6,tt0094291,9
user_6,tt0094315,8
user_6,tt0094625,7
user_6,tt0094678,5
user_6,tt0094709,7
user_6,tt0094721,9
user_6,tt0094737,8
user_6,tt0094761,8
user_6,tt0094812,7
user_6,tt0094862,7
user_6,tt0094898,5
user_6,tt0095016,6
user_6,tt0095159,9
user_6,tt0095243,7
user_6,tt0095294,7
user_6,tt0095327,9
user_6,tt0095403,10
user_6,tt0095489,6
user_6,tt0095497,7
user_6,tt0095530,7
user_6,tt0095583,5
user_6,tt0095647,7
user_6,tt0095652,7
user_6,tt0095687,4
user_6,tt0095690,5
user_6,tt0095705,8
user_6,tt0095742,6
user_6,tt0095765,10
user_6,tt0095800,8
user_6,tt0095882,5
user_6,tt0095925,7
user_6,tt0095927,5
user_6,tt0095953,10
user_6,tt0095956,5
user_6,tt0095963,7
user_6,tt0096061,6
user_6,tt0096256,7
user_6,tt0096283,6
user_6,tt0096320,6
user_6,tt0096438,6
user_6,tt0096446,9
user_6,tt0096463,6
user_6,tt0096734,7
user_6,tt0096754,8
user_6,tt0096874,8
user_6,tt0096895,8
user_6,tt0096928,6
user_6,tt0096933,7
user_6,tt0096969,9
user_6,tt0097116,7
user_6,tt0097136,4
user_6,tt0097165,9
user_6,tt0097216,8
user_6,tt0097235,9
user_6,tt0097239,7
user_6,tt0097240,8
user_6,tt0097257,4
user_6,tt0097268,8
user_6,tt0097351,8
user_6,tt0097428,7
user_6,tt0097441,7
user_6,tt0097474,4
user_6,tt0097481,4
user_6,tt0097493,8
user_6,tt0097523,5
user_6,tt0097576,10
user_6,tt0097637,6
user_6,tt0097733,6
user_6,tt0097742,6
user_6,tt0097757,8
user_6,tt0097814,9
user_6,tt0097815,7
user_6,tt0097889,7
user_6,tt0097958,8
user_6,tt0097981,5
user_6,tt0097991,7
user_6,tt0098067,5
user_6,tt0098084,8
user_6,tt0098220,8
user_6,tt0098309,4
user_6,tt0098382,6
user_6,tt0098437,10
user_6,tt0098439,7
user_6,tt0098546,6
user_6,tt0098554,8
user_6,tt0098627,5
user_6,tt0098635,6
user_6,tt0099044,6
user_6,tt0099052,5
user_6,tt0099077,9
user_6,tt0099088,6
user_6,tt0099165,6
user_6,tt0099253,7
user_6,tt0099310,7
user_6,tt0099329,8
user_6,tt0099348,8
user_6,tt0099365,7
user_6,tt0099385,4
user_6,tt0099422,8
user_6,tt0099423,8
user_6,tt0099487,7
user_6,tt0099582,6
user_6,tt0099653,8
user_6,tt0099669,7
user_6,tt0099674,9
user_6,tt0099685,7
user_6,tt0099700,5
user_6,tt0099785,10
user_6,tt0099810,8
user_6,tt0099816,7
user_6,tt0099819,7
user_6,tt0099871,6
user_6,tt0099938,7
user_6,tt0099939,9
user_6,tt0100029,5
user_6,tt0100050,4
user_6,tt0100079,5
user_6,tt0100112,8
user_6,tt0100150,6
user_6,tt0100157,7
user_6,tt0100201,5
user_6,tt0100234,7
user_6,tt0100258,5
user_6,tt0100318,8
user_6,tt0100403,7
user_6,tt0100405,10
user_6,tt0100436,8
user_6,tt0100475,5
user_6,tt0100486,8
user_6,tt0100502,7
user_6,tt0100507,5
user_6,tt0100514,7
user_6,tt0100802,7
user_6,tt0100814,6
user_6,tt0100944,7
user_6,tt0101272,6
user_6,tt0101329,7
user_6,tt0101410,7
user_6,tt0101414,9
user_6,tt0101452,6
user_6,tt0101507,8
user_6,tt0101540,6
user_6,tt0101606,7
user_6,tt0101615,3
user_6,tt0101635,5
user_6,tt0101700,6
user_6,tt0101701,7
user_6,tt0101757,7
user_6,tt0101761,5
user_6,tt0101765,7
user_6,tt0101862,6
user_6,tt0101889,9
user_6,tt0101917,5
user_6,tt0101921,8
user_6,tt0101969,8
user_6,tt0102057,8
user_6,tt0102059,7
user_6,tt0102065,7
user_6,tt0102070,7
user_6,tt0102138,7
user_6,tt0102175,7
user_6,tt0102250,7
user_6,tt0102266,8
user_6,tt0102307,7
user_6,tt0102492,8
user_6,tt0102494,6
user_6,tt0102510,6
user_6,tt0102511,7
user_6,tt0102536,6
user_6,tt0102558,6
user_6,tt0102573,7
user_6,tt0102685,8
user_6,tt0102719,5
user_6,tt0102798,8
user_6,tt0102926,9
user_6,tt0102943,8
user_6,tt0102945,5
user_6,tt0102975,6
user_6,tt0102984,5
user_6,tt0103035,6
user_6,tt0103060,5
user_6,tt0103064,8
user_6,tt0103074,6
user_6,tt0103241,5
user_6,tt0103639,9
user_6,tt0103644,6
user_6,tt0103747,7
user_6,tt0103772,8
user_6,tt0103776,7
user_6,tt0103855,6
user_6,tt0103873,8
user_6,tt0103874,7
user_6,tt0103893,5
user_6,tt0103905,8
user_6,tt0103927,3
user_6,tt0103939,8
user_6,tt0104029,6
user_6,tt0104036,8
user_6,tt0104070,7
user_6,tt0104135,4
user_6,tt0104231,8
user_6,tt0104257,6
user_6,tt0104291,6
user_6,tt0104348,9
user_6,tt0104427,7
user_6,tt0104431,8
user_6,tt0104507,7
user_6,tt0104511,7
user_6,tt0104549,6
user_6,tt0104691,7
user_6,tt0104694,5
user_6,tt0104695,6
user_6,tt0104714,8
user_6,tt0104743,4
user_6,tt0104797,7
user_6,tt0104815,8
user_6,tt0104868,7
user_6,tt0104897,5
user_6,tt0104952,8
user_6,tt0105107,7
user_6,tt0105112,7
user_6,tt0105151,6
user_6,tt0105236,8
user_6,tt0105265,7
user_6,tt0105323,9
user_6,tt0105391,6
user_6,tt0105417,6
user_6,tt0105428,4
user_6,tt0105435,6
user_6,tt0105508,7
user_6,tt0105629,5
user_6,tt0105665,6
user_6,tt0105695,9
user_6,tt0105698,6
user_6,tt0105793,8
user_6,tt0105812,8
user_6,tt0106226,8
user_6,tt0106246,6
user_6,tt0106266,5
user_6,tt0106308,8
user_6,tt0106330,7
user_6,tt0106332,9
user_6,tt0106375,6
user_6,tt0106455,4
user_6,tt0106469,8
user_6,tt0106489,6
user_6,tt0106519,8
user_6,tt0106538,6
user_6,tt0106582,6
user_6,tt0106598,6
user_6,tt0106611,9
user_6,tt0106664,6
user_6,tt0106673,8
user_6,tt0106677,8
user_6,tt0106697,6
user_6,tt0106770,7
user_6,tt0106856,7
user_6,tt0106881,7
user_6,tt0106913,5
user_6,tt0106918,8
user_6,tt0106965,5
user_6,tt0106977,9
user_6,tt0107048,7
user_6,tt0107120,6
user_6,tt0107131,7
user_6,tt0107144,6
user_6,tt0107156,8
user_6,tt0107206,5
user_6,tt0107207,7
user_6,tt0107211,4
user_6,tt0107290,8
user_6,tt0107362,7
user_6,tt0107468,6
user_6,tt0107501,8
user_6,tt0107507,7
user_6,tt0107554,10
user_6,tt0107614,8
user_6,tt0107653,6
user_6,tt0107665,5
user_6,tt0107688,9
user_6,tt0107808,7
user_6,tt0107818,7
user_6,tt0107969,5
user_6,tt0107977,8
user_6,tt0107978,3
user_6,tt0108002,9
user_6,tt0108037,8
user_6,tt0108052,8
user_6,tt0108071,6
user_6,tt0108101,5
user_6,tt0108148,8
user_6,tt0108160,7
user_6,tt0108169,4
user_6,tt0108238,6
user_6,tt0108358,7
user_6,tt0108394,8
user_6,tt0108399,10
user_6,tt0108473,6
user_6,tt0108500,7
user_6,tt0108525,4
user_6,tt0108550,9
user_6,tt0108592,7
user_6,tt0109010,6
user_6,tt0109040,7
user_6,tt0109045,8
user_6,tt0109068,7
user_6,tt0109127,7
user_6,tt0109162,5
user_6,tt0109254,5
user_6,tt0109255,5
user_6,tt0109323,6
user_6,tt0109348,7
user_6,tt0109370,6
user_6,tt0109424,8
user_6,tt0109444,7
user_6,tt0109445,7
user_6,tt0109446,8
user_6,tt0109456,5
user_6,tt0109493,7
user_6,tt0109506,8
user_6,tt0109520,6
user_6,tt0109642,7
user_6,tt0109686,8
user_6,tt0109707,5
user_6,tt0109813,5
user_6,tt0109830,9
user_6,tt0109831,7
user_6,tt0109836,6
user_6,tt0109949,6
user_6,tt0110005,5
user_6,tt0110074,7
user_6,tt0110116,8
user_6,tt0110148,7
user_6,tt0110167,5
user_6,tt0110200,7
user_6,tt0110322,7
user_6,tt0110357,10
user_6,tt0110366,6
user_6,tt0110367,8
user_6,tt0110395,5
user_6,tt0110413,8
user_6,tt0110428,7
user_6,tt0110475,8
user_6,tt0110478,8
user_6,tt0110508,6
user_6,tt0110622,6
user_6,tt0110632,6
user_6,tt0110687,5
user_6,tt0110712,4
user_6,tt0110882,8
user_6,tt0110912,9
user_6,tt0110932,7
user_6,tt0110944,7
user_6,tt0110950,6
user_6,tt0110997,7
user_6,tt0111070,6
user_6,tt0111143,9
user_6,tt0111161,10
user_6,tt0111216,6
user_6,tt0111257,7
user_6,tt0111280,6
user_6,tt0111282,8
user_6,tt0111341,9
user_6,tt0111400,5
user_6,tt0111418,8
user_6,tt0111438,6
user_6,tt0111495,7
user_6,tt0111503,8
user_6,tt0111507,9
user_6,tt0111512,7
user_6,tt0111686,8
user_6,tt0111742,5
user_6,tt0111756,5
user_6,tt0111797,9
user_6,tt0111835,8
user_6,tt0112281,5
user_6,tt0112346,7
user_6,tt0112384,8
user_6,tt0112431,7
user_6,tt0112442,8
user_6,tt0112445,8
user_6,tt0112461,7
user_6,tt0112462,5
user_6,tt0112471,10
user_6,tt0112508,6
user_6,tt0112553,9
user_6,tt0112573,9
user_6,tt0112579,6
user_6,tt0112609,7
user_6,tt0112641,9
user_6,tt0112642,6
user_6,tt0112682,9
user_6,tt0112697,7
user_6,tt0112715,5
user_6,tt0112722,8
user_6,tt0112740,8
user_6,tt0112750,6
user_6,tt0112792,6
user_6,tt0112817,9
user_6,tt0112851,7
user_6,tt0112864,8
user_6,tt0112913,10
user_6,tt0112922,6
user_6,tt0113097,7
user_6,tt0113101,6
user_6,tt0113118,8
user_6,tt0113149,6
user_6,tt0113161,7
user_6,tt0113189,6
user_6,tt0113198,6
user_6,tt0113247,7
user_6,tt0113253,6
user_6,tt0113277,7
user_6,tt0113305,6
user_6,tt0113326,7
user_6,tt0113409,8
user_6,tt0113481,7
user_6,tt0113492,5
user_6,tt0113497,10
user_6,tt0113501,7
user_6,tt0113568,7
user_6,tt0113627,7
user_6,tt0113749,6
user_6,tt0113799,8
user_6,tt0113819,8
user_6,tt0113824,7
user_6,tt0113845,6
user_6,tt0113855,6
user_6,tt0113957,7
user_6,tt0113987,6
user_6,tt0114069,6
user_6,tt0114148,6
user_6,tt0114151,4
user_6,tt0114194,8
user_6,tt0114214,5
user_6,tt0114272,8
user_6,tt0114369,9
user_6,tt0114388,8
user_6,tt0114436,5
user_6,tt0114478,6
user_6,tt0114576,5
user_6,tt0114608,5
user_6,tt0114609,6
user_6,tt0114648,6
user_6,tt0114681,7
user_6,tt0114702,5
user_6,tt0114709,8
user_6,tt0114746,9
user_6,tt0114814,7
user_6,tt0114857,6
user_6,tt0114885,5
user_6,tt0114898,6
user_6,tt0114924,8
user_6,tt0115005,7
user_6,tt0115433,6
user_6,tt0115683,6
user_6,tt0115710,4
user_6,tt0115734,9
user_6,tt0115736,8
user_6,tt0115751,8
user_6,tt0115759,7
user_6,tt0115783,4
user_6,tt0115798,6
user_6,tt0115836,6
user_6,tt0115907,7
user_6,tt0115964,7
user_6,tt0115986,5
user_6,tt0115994,6
user_6,tt0116136,8
user_6,tt0116147,7
user_6,tt0116191,6
user_6,tt0116209,8
user_6,tt0116213,5
user_6,tt0116225,6
user_6,tt0116250,6
user_6,tt0116260,5
user_6,tt0116282,8
user_6,tt0116313,7
user_6,tt0116324,9
user_6,tt0116330,6
user_6,tt0116365,6
user_6,tt0116367,7
user_6,tt0116421,5
user_6,tt0116483,7
user_6,tt0116531,5
user_6,tt0116583,7
user_6,tt0116629,7
user_6,tt0116654,4
user_6,tt0116695,7
user_6,tt0116705,5
user_6,tt0116736,8
user_6,tt0116768,7
user_6,tt0116778,6
user_6,tt0116830,7
user_6,tt0116922,8
user_6,tt0116996,6
user_6,tt0117008,9
user_6,tt0117039,8
user_6,tt0117060,6
user_6,tt0117218,7
user_6,tt0117247,7
user_6,tt0117318,6
user_6,tt0117333,8
user_6,tt0117381,8
user_6,tt0117438,8
user_6,tt0117500,9
user_6,tt0117509,7
user_6,tt0117571,6
user_6,tt0117631,7
user_6,tt0117665,7
user_6,tt0117666,10
user_6,tt0117705,7
user_6,tt0117731,7
user_6,tt0117802,7
user_6,tt0117826,4
user_6,tt0117883,7
user_6,tt0117913,7
user_6,tt0117918,7
user_6,tt0117924,5
user_6,tt0117951,8
user_6,tt0117965,5
user_6,tt0117979,7
user_6,tt0117998,9
user_6,tt0118158,7
user_6,tt0118548,7
user_6,tt0118570,4
user_6,tt0118571,5
user_6,tt0118583,5
user_6,tt0118607,8
user_6,tt0118615,4
user_6,tt0118617,6
user_6,tt0118655,7
user_6,tt0118661,4
user_6,tt0118688,3
user_6,tt0118689,7
user_6,tt0118694,8
user_6,tt0118705,7
user_6,tt0118715,10
user_6,tt0118749,9
user_6,tt0118789,7
user_6,tt0118799,9
user_6,tt0118842,8
user_6,tt0118843,10
user_6,tt0118849,8
user_6,tt0118864,10
user_6,tt0118880,6
user_6,tt0118883,6
user_6,tt0118884,7
user_6,tt0118887,5
user_6,tt0118900,6
user_6,tt0118928,7
user_6,tt0118929,8
user_6,tt0118971,9
user_6,tt0118972,6
user_6,tt0118998,5
user_6,tt0119008,8
user_6,tt0119051,7
user_6,tt0119081,6
user_6,tt0119094,7
user_6,tt0119099,7
user_6,tt0119116,10
user_6,tt0119137,5
user_6,tt0119141,6
user_6,tt0119164,5
user_6,tt0119167,8
user_6,tt0119173,6
user_6,tt0119174,10
user_6,tt0119177,8
user_6,tt0119214,4
user_6,tt0119217,9
user_6,tt0119223,7
user_6,tt0119229,6
user_6,tt0119237,5
user_6,tt0119239,9
user_6,tt0119256,9
user_6,tt0119282,6
user_6,tt0119303,5
user_6,tt0119314,7
user_6,tt0119345,5
user_6,tt0119349,8
user_6,tt0119360,6
user_6,tt0119395,4
user_6,tt0119396,6
user_6,tt0119432,6
user_6,tt0119468,6
user_6,tt0119488,9
user_6,tt0119494,5
user_6,tt0119521,5
user_6,tt0119528,6
user_6,tt0119535,7
user_6,tt0119567,3
user_6,tt0119643,7
user_6,tt0119654,7
user_6,tt0119664,8
user_6,tt0119668,7
user_6,tt0119698,8
user_6,tt0119707,3
user_6,tt0119718,6
user_6,tt0119731,6
user_6,tt0119738,5
user_6,tt0119791,6
user_6,tt0119822,7
user_6,tt0119874,6
user_6,tt0119925,7
user_6,tt0119934,7
user_6,tt0119942,7
user_6,tt0119951,6
user_6,tt0119978,7
user_6,tt0120029,9
user_6,tt0120061,6
user_6,tt0120082,6
user_6,tt0120094,8
user_6,tt0120102,8
user_6,tt0120125,9
user_6,tt0120148,4
user_6,tt0120174,3
user_6,tt0120184,5
user_6,tt0120185,4
user_6,tt0120188,10
user_6,tt0120201,6
user_6,tt0120202,8
user_6,tt0120238,5
user_6,tt0120255,8
user_6,tt0120263,8
user_6,tt0120265,8
user_6,tt0120324,8
user_6,tt0120338,7
user_6,tt0120347,5
user_6,tt0120363,9
user_6,tt0120373,7
user_6,tt0120382,9
user_6,tt0120390,4
user_6,tt0120399,7
user_6,tt0120483,9
user_6,tt0120484,6
user_6,tt0120533,7
user_6,tt0120551,6
user_6,tt0120586,9
user_6,tt0120587,7
user_6,tt0120591,7
user_6,tt0120601,9
user_6,tt0120611,7
user_6,tt0120616,7
user_6,tt0120618,6
user_6,tt0120623,7
user_6,tt0120630,7
user_6,tt0120632,8
user_6,tt0120643,6
user_6,tt0120647,6
user_6,tt0120655,7
user_6,tt0120657,9
user_6,tt0120660,8
user_6,tt0120663,7
user_6,tt0120667,8
user_6,tt0120669,8
user_6,tt0120679,6
user_6,tt0120681,8
user_6,tt0120685,6
user_6,tt0120689,8
user_6,tt0120692,7
user_6,tt0120701,6
user_6,tt0120728,8
user_6,tt0120731,9
user_6,tt0120735,10
user_6,tt0120737,9
user_6,tt0120738,6
user_6,tt0120741,6
user_6,tt0120744,5
user_6,tt0120746,5
user_6,tt0120751,5
user_6,tt0120755,8
user_6,tt0120762,8
user_6,tt0120768,8
user_6,tt0120780,7
user_6,tt0120783,7
user_6,tt0120784,9
user_6,tt0120787,6
user_6,tt0120789,8
user_6,tt0120794,6
user_6,tt0120804,6
user_6,tt0120812,8
user_6,tt0120815,7
user_6,tt0120828,6
user_6,tt0120855,8
user_6,tt0120863,6
user_6,tt0120873,5
user_6,tt0120877,6
user_6,tt0120879,7
user_6,tt0120882,7
user_6,tt0120885,9
user_6,tt0120888,8
user_6,tt0120889,7
user_6,tt0120890,7
user_6,tt0120891,3
user_6,tt0120902,8
user_6,tt0120903,5
user_6,tt0120906,8
user_6,tt0120907,7
user_6,tt0120910,6
user_6,tt0120912,6
user_6,tt0120913,9
user_6,tt0120915,7
user_6,tt0120917,7
user_6,tt0121164,8
user_6,tt0121765,8
user_6,tt0121766,8
user_6,tt0122151,7
user_6,tt0122690,7
user_6,tt0122718,5
user_6,tt0122933,6
user_6,tt0123209,5
user_6,tt0123755,7
user_6,tt0124315,8
user_6,tt0124718,8
user_6,tt0125439,9
user_6,tt0125659,9
user_6,tt0125664,9
user_6,tt0126029,8
user_6,tt0126886,7
user_6,tt0127536,7
user_6,tt0127723,6
user_6,tt0128442,8
user_6,tt0128445,7
user_6,tt0128853,4
user_6,tt0129114,7
user_6,tt0129167,7
user_6,tt0129290,6
user_6,tt0129332,7
user_6,tt0129387,7
user_6,tt0130121,7
user_6,tt0130623,7
user_6,tt0130827,8
user_6,tt0131325,7
user_6,tt0132347,5
user_6,tt0132477,9
user_6,tt0133093,8
user_6,tt0133152,7
user_6,tt0133240,9
user_6,tt0133385,6
user_6,tt0133751,6
user_6,tt0134084,6
user_6,tt0134119,6
user_6,tt0134273,7
user_6,tt0134619,4
user_6,tt0134847,8
user_6,tt0137338,7
user_6,tt0137363,6
user_6,tt0137494,6
user_6,tt0137523,9
user_6,tt0138097,8
user_6,tt0138524,6
user_6,tt0138704,9
user_6,tt0138749,8
user_6,tt0139134,7
user_6,tt0139151,6
user_6,tt0139239,7
user_6,tt0139414,5
user_6,tt0139654,7
user_6,tt0139668,9
user_6,tt0139699,6
user_6,tt0139809,6
user_6,tt0140352,8
user_6,tt0140397,7
user_6,tt0140428,8
user_6,tt0141926,7
user_6,tt0142237,7
user_6,tt0142342,7
user_6,tt0142371,7
user_6,tt0142650,6
user_6,tt0142688,6
user_6,tt0143145,6
user_6,tt0144084,8
user_6,tt0144117,8
user_6,tt0144120,8
user_6,tt0144214,8
user_6,tt0144964,5
user_6,tt0145487,8
user_6,tt0145531,7
user_6,tt0145547,8
user_6,tt0145660,7
user_6,tt0145681,6
user_6,tt0146309,7
user_6,tt0146316,4
user_6,tt0146336,6
user_6,tt0146675,5
user_6,tt0146838,6
user_6,tt0146882,8
user_6,tt0146984,8
user_6,tt0147004,7
user_6,tt0147612,8
user_6,tt0147800,9
user_6,tt0149261,6
user_6,tt0149367,5
user_6,tt0150662,8
user_6,tt0150992,7
user_6,tt0151239,5
user_6,tt0151738,8
user_6,tt0151804,9
user_6,tt0152930,7
user_6,tt0154420,9
user_6,tt0154506,8
user_6,tt0155267,7
user_6,tt0155975,7
user_6,tt0156323,5
user_6,tt0156659,4
user_6,tt0156812,8
user_6,tt0158983,8
user_6,tt0159097,7
user_6,tt0159273,5
user_6,tt0159365,6
user_6,tt0159485,8
user_6,tt0160009,6
user_6,tt0160127,7
user_6,tt0160339,7
user_6,tt0160484,6
user_6,tt0160797,5
user_6,tt0161081,6
user_6,tt0162222,6
user_6,tt0162346,9
user_6,tt0162661,7
user_6,tt0163025,6
user_6,tt0163187,5
user_6,tt0163651,8
user_6,tt0163978,6
user_6,tt0164052,6
user_6,tt0164181,7
user_6,tt0164184,8
user_6,tt0164334,7
user_6,tt0164912,5
user_6,tt0165230,3
user_6,tt0165710,8
user_6,tt0165798,8
user_6,tt0165929,6
user_6,tt0166276,6
user_6,tt0166813,4
user_6,tt0166896,9
user_6,tt0166924,8
user_6,tt0167190,6
user_6,tt0167260,9
user_6,tt0167261,9
user_6,tt0167404,9
user_6,tt0168176,6
user_6,tt0168629,9
user_6,tt0169102,9
user_6,tt0169106,5
user_6,tt0169547,8
user_6,tt0169858,8
user_6,tt0170016,5
user_6,tt0171363,5
user_6,tt0171804,6
user_6,tt0172156,9
user_6,tt0172493,8
user_6,tt0172495,9
user_6,tt0173840,5
user_6,tt0174856,8
user_6,tt0175142,8
user_6,tt0175880,9
user_6,tt0177185,2
user_6,tt0177511,8
user_6,tt0177747,6
user_6,tt0177789,7
user_6,tt0177858,9
user_6,tt0177882,7
user_6,tt0177971,8
user_6,tt0178642,5
user_6,tt0178868,9
user_6,tt0179626,6
user_6,tt0180052,5
user_6,tt0180073,7
user_6,tt0180093,7
user_6,tt0180734,7
user_6,tt0180841,7
user_6,tt0181536,7
user_6,tt0181689,7
user_6,tt0181739,6
user_6,tt0181852,7
user_6,tt0181865,10
user_6,tt0181875,9
user_6,tt0182789,8
user_6,tt0183505,7
user_6,tt0183523,4
user_6,tt0183649,9
user_6,tt0183790,7
user_6,tt0184791,6
user_6,tt0184858,6
user_6,tt0184894,6
user_6,tt0185014,7
user_6,tt0185183,3
user_6,tt0185371,5
user_6,tt0185431,4
user_6,tt0185937,6
user_6,tt0186151,6
user_6,tt0186566,6
user_6,tt0186647,6
user_6,tt0186975,4
user_6,tt0187078,8
user_6,tt0187393,7
user_6,tt0187738,8
user_6,tt0188030,8
user_6,tt0188503,5
user_6,tt0190138,6
user_6,tt0190332,6
user_6,tt0190590,7
user_6,tt0190641,8
user_6,tt0194218,7
user_6,tt0195685,9
user_6,tt0195714,8
user_6,tt0196216,7
user_6,tt0196229,8
user_6,tt0196857,6
user_6,tt0197521,7
user_6,tt0198021,8
user_6,tt0198386,7
user_6,tt0198781,7
user_6,tt0199683,8
user_6,tt0199753,5
user_6,tt0200465,7
user_6,tt0200550,6
user_6,tt0200768,6
user_6,tt0201368,9
user_6,tt0202055,7
user_6,tt0202283,9
user_6,tt0202415,7
user_6,tt0202677,8
user_6,tt0203009,8
user_6,tt0203019,6
user_6,tt0203092,6
user_6,tt0203166,7
user_6,tt0203230,7
user_6,tt0203549,8
user_6,tt0203632,8
user_6,tt0203755,6
user_6,tt0204175,6
user_6,tt0204313,3
user_6,tt0204315,6
user_6,tt0205000,5
user_6,tt0206275,7
user_6,tt0206314,6
user_6,tt0206420,5
user_6,tt0206634,7
user_6,tt0207201,5
user_6,tt0208003,4
user_6,tt0208092,8
user_6,tt0208181,7
user_6,tt0208196,6
user_6,tt0208988,6
user_6,tt0209077,4
user_6,tt0209144,8
user_6,tt0209163,6
user_6,tt0209475,5
user_6,tt0209958,6
user_6,tt0210616,6
user_6,tt0210843,8
user_6,tt0210945,8
user_6,tt0211443,4
user_6,tt0211465,7
user_6,tt0211915,8
user_6,tt0211933,6
user_6,tt0212338,7
user_6,tt0212346,7
user_6,tt0212604,7
user_6,tt0212720,6
user_6,tt0212815,7
user_6,tt0212985,6
user_6,tt0213149,6
user_6,tt0213203,5
user_6,tt0213847,9
user_6,tt0213890,8
user_6,tt0215129,6
user_6,tt0215545,6
user_6,tt0215750,7
user_6,tt0216216,5
user_6,tt0216584,8
user_6,tt0216890,7
user_6,tt0217505,8
user_6,tt0217869,7
user_6,tt0218839,8
user_6,tt0218922,7
user_6,tt0218967,6
user_6,tt0220099,8
user_6,tt0220827,6
user_6,tt0221027,7
user_6,tt0221218,7
user_6,tt0222851,8
user_6,tt0223897,8
user_6,tt0227445,8
user_6,tt0227538,4
user_6,tt0228333,6
user_6,tt0229260,2
user_6,tt0230011,8
user_6,tt0230030,6
user_6,tt0230600,8
user_6,tt0230838,6
user_6,tt0231402,4
user_6,tt0232500,8
user_6,tt0233469,5
user_6,tt0234215,6
user_6,tt0236348,6
user_6,tt0236493,5
user_6,tt0238380,9
user_6,tt0238891,8
user_6,tt0238936,8
user_6,tt0239948,5
user_6,tt0240462,5
user_6,tt0240772,8
user_6,tt0240890,6
user_6,tt0241303,8
user_6,tt0241527,7
user_6,tt0241760,6
user_6,tt0242423,6
user_6,tt0242445,4
user_6,tt0242587,9
user_6,tt0242653,6
user_6,tt0243133,7
user_6,tt0243155,6
user_6,tt0243736,6
user_6,tt0244244,6
user_6,tt0245429,8
user_6,tt0245562,5
user_6,tt0245574,6
user_6,tt0245674,4
user_6,tt0245712,7
user_6,tt0245844,6
user_6,tt0246460,7
user_6,tt0246578,8
user_6,tt0246677,7
user_6,tt0246894,2
user_6,tt0246989,5
user_6,tt0247425,7
user_6,tt0247638,7
user_6,tt0247745,8
user_6,tt0248126,6
user_6,tt0248667,6
user_6,tt0249188,9
user_6,tt0249241,9
user_6,tt0249361,10
user_6,tt0249462,7
user_6,tt0250081,5
user_6,tt0250223,6
user_6,tt0250258,6
user_6,tt0250292,8
user_6,tt0250310,5
user_6,tt0250494,7
user_6,tt0250687,6
user_6,tt0250797,8
user_6,tt0251075,6
user_6,tt0251127,6
user_6,tt0251160,6
user_6,tt0252028,6
user_6,tt0252076,6
user_6,tt0252269,6
user_6,tt0252405,8
user_6,tt0252489,9
user_6,tt0252597,9
user_6,tt0252611,10
user_6,tt0252866,6
user_6,tt0253335,8
user_6,tt0253474,10
user_6,tt0253556,7
user_6,tt0253754,6
user_6,tt0253798,7
user_6,tt0254521,6
user_6,tt0255094,10
user_6,tt0255798,4
user_6,tt0256009,8
user_6,tt0256380,4
user_6,tt0256415,9
user_6,tt0257044,9
user_6,tt0257076,6
user_6,tt0257106,5
user_6,tt0257360,8
user_6,tt0258000,7
user_6,tt0258153,8
user_6,tt0258273,6
user_6,tt0258463,7
user_6,tt0258470,7
user_6,tt0259324,5
user_6,tt0259393,7
user_6,tt0259446,6
user_6,tt0259711,7
user_6,tt0260991,9
user_6,tt0261392,7
user_6,tt0261983,6
user_6,tt0263488,9
user_6,tt0264446,7
user_6,tt0264464,8
user_6,tt0264616,7
user_6,tt0265029,5
user_6,tt0265086,9
user_6,tt0265087,4
user_6,tt0265208,7
user_6,tt0265298,5
user_6,tt0265343,8
user_6,tt0265349,6
user_6,tt0265459,6
user_6,tt0265662,7
user_6,tt0265666,7
user_6,tt0265930,7
user_6,tt0266308,6
user_6,tt0266452,5
user_6,tt0266543,9
user_6,tt0266697,7
user_6,tt0266915,7
user_6,tt0266987,8
user_6,tt0267129,6
user_6,tt0267351,9
user_6,tt0267626,8
user_6,tt0267913,7
user_6,tt0268126,8
user_6,tt0268380,8
user_6,tt0268695,5
user_6,tt0268978,8
user_6,tt0269347,7
user_6,tt0270288,9
user_6,tt0271027,8
user_6,tt0271367,7
user_6,tt0272152,6
user_6,tt0272338,8
user_6,tt0273689,6
user_6,tt0274114,7
user_6,tt0274166,5
user_6,tt0274558,8
user_6,tt0274812,7
user_6,tt0275277,9
user_6,tt0275719,9
user_6,tt0275847,8
user_6,tt0276751,7
user_6,tt0276919,7
user_6,tt0277027,8
user_6,tt0277296,6
user_6,tt0277371,5
user_6,tt0277434,7
user_6,tt0278488,7
user_6,tt0278504,7
user_6,tt0278731,8
user_6,tt0279064,9
user_6,tt0279111,7
user_6,tt0279286,6
user_6,tt0280030,7
user_6,tt0280486,7
user_6,tt0280590,6
user_6,tt0280609,6
user_6,tt0280665,7
user_6,tt0280707,7
user_6,tt0280760,6
user_6,tt0280778,6
user_6,tt0281190,7
user_6,tt0281358,8
user_6,tt0282209,6
user_6,tt0282695,7
user_6,tt0283111,5
user_6,tt0283139,7
user_6,tt0283900,8
user_6,tt0283957,6
user_6,tt0284490,8
user_6,tt0285462,5
user_6,tt0285492,5
user_6,tt0285531,5
user_6,tt0285742,5
user_6,tt0285823,7
user_6,tt0286106,7
user_6,tt0286112,8
user_6,tt0286499,8
user_6,tt0286716,4
user_6,tt0286788,7
user_6,tt0287467,9
user_6,tt0287717,4
user_6,tt0287978,4
user_6,tt0288477,5
user_6,tt0289043,7
user_6,tt0289725,5
user_6,tt0289765,7
user_6,tt0289845,6
user_6,tt0289848,6
user_6,tt0289879,7
user_6,tt0289992,7
user_6,tt0290002,6
user_6,tt0290095,7
user_6,tt0290334,7
user_6,tt0290673,6
user_6,tt0291341,7
user_6,tt0292506,7
user_6,tt0292963,8
user_6,tt0293508,9
user_6,tt0293564,5
user_6,tt0293662,8
user_6,tt0295178,7
user_6,tt0295254,2
user_6,tt0295297,8
user_6,tt0295700,6
user_6,tt0295701,7
user_6,tt0295721,5
user_6,tt0296042,8
user_6,tt0296572,6
user_6,tt0297884,7
user_6,tt0298130,8
user_6,tt0298148,7
user_6,tt0298203,6
user_6,tt0298482,7
user_6,tt0298814,5
user_6,tt0299117,5
user_6,tt0299658,7
user_6,tt0299930,2
user_6,tt0299977,9
user_6,tt0300051,7
user_6,tt0300214,6
user_6,tt0300471,6
user_6,tt0300556,7
user_6,tt0301199,7
user_6,tt0301357,7
user_6,tt0301524,5
user_6,tt0302585,7
user_6,tt0302640,5
user_6,tt0302886,6
user_6,tt0303361,6
user_6,tt0303714,7
user_6,tt0303816,6
user_6,tt0304141,8
user_6,tt0304415,8
user_6,tt0304669,6
user_6,tt0305206,6
user_6,tt0305224,8
user_6,tt0305357,6
user_6,tt0305669,6
user_6,tt0305711,6
user_6,tt0306047,6
user_6,tt0306685,5
user_6,tt0307453,6
user_6,tt0307479,6
user_6,tt0307901,8
user_6,tt0307987,6
user_6,tt0308496,8
user_6,tt0308644,9
user_6,tt0309530,6
user_6,tt0309593,6
user_6,tt0309698,6
user_6,tt0309912,7
user_6,tt0309987,7
user_6,tt0310775,8
user_6,tt0310910,8
user_6,tt0311113,6
user_6,tt0311289,9
user_6,tt0311361,7
user_6,tt0311429,6
user_6,tt0311592,5
user_6,tt0312004,9
user_6,tt0312329,6
user_6,tt0312528,5
user_6,tt0312549,8
user_6,tt0313443,6
user_6,tt0313542,7
user_6,tt0313737,7
user_6,tt0314331,9
user_6,tt0314353,8
user_6,tt0314412,6
user_6,tt0315327,6
user_6,tt0315642,7
user_6,tt0315733,7
user_6,tt0315983,7
user_6,tt0316218,6
user_6,tt0316396,6
user_6,tt0316654,7
user_6,tt0316763,7
user_6,tt0317132,6
user_6,tt0317198,4
user_6,tt0317219,7
user_6,tt0317248,9
user_6,tt0317303,5
user_6,tt0317640,7
user_6,tt0317648,3
user_6,tt0317676,2
user_6,tt0317705,8
user_6,tt0317740,7
user_6,tt0317919,8
user_6,tt0318034,6
user_6,tt0318462,9
user_6,tt0318627,8
user_6,tt0318649,7
user_6,tt0318761,7
user_6,tt0319061,9
user_6,tt0319262,9
user_6,tt0319343,8
user_6,tt0320193,7
user_6,tt0320661,6
user_6,tt0320691,8
user_6,tt0322259,5
user_6,tt0322330,8
user_6,tt0324216,7
user_6,tt0324554,6
user_6,tt0325258,7
user_6,tt0325703,4
user_6,tt0325710,6
user_6,tt0325805,7
user_6,tt0325980,9
user_6,tt0326664,6
user_6,tt0326856,5
user_6,tt0327056,8
user_6,tt0327084,6
user_6,tt0327247,4
user_6,tt0327437,6
user_6,tt0327554,3
user_6,tt0327597,8
user_6,tt0327679,5
user_6,tt0327850,9
user_6,tt0328099,4
user_6,tt0328107,8
user_6,tt0328828,5
user_6,tt0328880,7
user_6,tt0329101,6
user_6,tt0329774,6
user_6,tt0330229,9
user_6,tt0330242,4
user_6,tt0330373,6
user_6,tt0330702,6
user_6,tt0330793,6
user_6,tt0331632,7
user_6,tt0331811,8
user_6,tt0332047,8
user_6,tt0332280,8
user_6,tt0332379,9
user_6,tt0332452,7
user_6,tt0333766,7
user_6,tt0333780,4
user_6,tt0335013,8
user_6,tt0335121,5
user_6,tt0335245,5
user_6,tt0335266,7
user_6,tt0335345,7
user_6,tt0335438,7
user_6,tt0335563,7
user_6,tt0337563,7
user_6,tt0337697,7
user_6,tt0337741,7
user_6,tt0337978,9
user_6,tt0338013,8
user_6,tt0338135,8
user_6,tt0338325,7
user_6,tt0338337,5
user_6,tt0338348,7
user_6,tt0338526,7
user_6,tt0338564,9
user_6,tt0338706,7
user_6,tt0338751,8
user_6,tt0339034,3
user_6,tt0339291,8
user_6,tt0340163,7
user_6,tt0340855,7
user_6,tt0342258,7
user_6,tt0342492,8
user_6,tt0343135,4
user_6,tt0343660,7
user_6,tt0343737,8
user_6,tt0343818,7
user_6,tt0344510,8
user_6,tt0346156,7
user_6,tt0346491,6
user_6,tt0347048,8
user_6,tt0347149,8
user_6,tt0347304,7
user_6,tt0347473,7
user_6,tt0347591,5
user_6,tt0347618,8
user_6,tt0348150,4
user_6,tt0348333,6
user_6,tt0348836,6
user_6,tt0349205,5
user_6,tt0349260,7
user_6,tt0349683,8
user_6,tt0349710,7
user_6,tt0349903,6
user_6,tt0350028,6
user_6,tt0350258,10
user_6,tt0351283,7
user_6,tt0351459,7
user_6,tt0352248,8
user_6,tt0353969,9
user_6,tt0354836,6
user_6,tt0354899,6
user_6,tt0355295,6
user_6,tt0355954,4
user_6,tt0356150,8
user_6,tt0356470,7
user_6,tt0356618,6
user_6,tt0356634,5
user_6,tt0356680,7
user_6,tt0356721,6
user_6,tt0356910,6
user_6,tt0357277,5
user_6,tt0357413,8
user_6,tt0358082,7
user_6,tt0358273,7
user_6,tt0359013,7
user_6,tt0359950,6
user_6,tt0360486,7
user_6,tt0360717,7
user_6,tt0361089,4
user_6,tt0361411,7
user_6,tt0361748,8
user_6,tt0361862,8
user_6,tt0362120,4
user_6,tt0362165,4
user_6,tt0362227,8
user_6,tt0362270,6
user_6,tt0362478,6
user_6,tt0362511,5
user_6,tt0363163,8
user_6,tt0363473,7
user_6,tt0363547,7
user_6,tt0363771,5
user_6,tt0363988,4
user_6,tt0364045,6
user_6,tt0364385,7
user_6,tt0364517,8
user_6,tt0364569,7
user_6,tt0364725,6
user_6,tt0364751,5
user_6,tt0364970,5
user_6,tt0365376,10
user_6,tt0365737,6
user_6,tt0365748,9
user_6,tt0365830,7
user_6,tt0365885,7
user_6,tt0365907,6
user_6,tt0365929,5
user_6,tt0366548,5
user_6,tt0366551,6
user_6,tt0366627,8
user_6,tt0366777,8
user_6,tt0367085,5
user_6,tt0367088,4
user_6,tt0367089,8
user_6,tt0367110,8
user_6,tt0367188,8
user_6,tt0367594,6
user_6,tt0367882,4
user_6,tt0367913,7
user_6,tt0367959,6
user_6,tt0368008,7
user_6,tt0368226,4
user_6,tt0368447,7
user_6,tt0368794,8
user_6,tt0368891,8
user_6,tt0368896,8
user_6,tt0369339,9
user_6,tt0369441,7
user_6,tt0369610,5
user_6,tt0369702,8
user_6,tt0370032,5
user_6,tt0370263,6
user_6,tt0370986,8
user_6,tt0371246,5
user_6,tt0371257,9
user_6,tt0371552,7
user_6,tt0371606,5
user_6,tt0371724,9
user_6,tt0371746,7
user_6,tt0372183,9
user_6,tt0372237,5
user_6,tt0372588,9
user_6,tt0372784,9
user_6,tt0373051,5
user_6,tt0373074,9
user_6,tt0373469,8
user_6,tt0373883,7
user_6,tt0373889,7
user_6,tt0373926,6
user_6,tt0374102,6
user_6,tt0374536,5
user_6,tt0374546,7
user_6,tt0374887,7
user_6,tt0374900,8
user_6,tt0375063,7
user_6,tt0375154,8
user_6,tt0375173,7
user_6,tt0375210,5
user_6,tt0375679,8
user_6,tt0375912,6
user_6,tt0376108,6
user_6,tt0376136,7
user_6,tt0376541,7
user_6,tt0376750,8
user_6,tt0376968,7
user_6,tt0376994,8
user_6,tt0377092,7
user_6,tt0377107,6
user_6,tt0377109,7
user_6,tt0377471,6
user_6,tt0377713,7
user_6,tt0377749,7
user_6,tt0377981,7
user_6,tt0378109,3
user_6,tt0378194,8
user_6,tt0378793,7
user_6,tt0379217,7
user_6,tt0379725,7
user_6,tt0379786,7
user_6,tt0380164,8
user_6,tt0380366,6
user_6,tt0380510,6
user_6,tt0380817,4
user_6,tt0381061,8
user_6,tt0381348,7
user_6,tt0381681,8
user_6,tt0381707,6
user_6,tt0381849,8
user_6,tt0381966,7
user_6,tt0381971,6
user_6,tt0382077,6
user_6,tt0382625,5
user_6,tt0382932,9
user_6,tt0382992,4
user_6,tt0383010,6
user_6,tt0383028,8
user_6,tt0383216,7
user_6,tt0383574,8
user_6,tt0384537,8
user_6,tt0384793,8
user_6,tt0384806,7
user_6,tt0385002,9
user_6,tt0385004,8
user_6,tt0385752,6
user_6,tt0385880,7
user_6,tt0386117,6
user_6,tt0386140,6
user_6,tt0386504,7
user_6,tt0386588,6
user_6,tt0387059,4
user_6,tt0387131,7
user_6,tt0387463,5
user_6,tt0387514,5
user_6,tt0387564,8
user_6,tt0387575,6
user_6,tt0387808,7
user_6,tt0388125,6
user_6,tt0388473,8
user_6,tt0388482,5
user_6,tt0388795,7
user_6,tt0389557,9
user_6,tt0389722,8
user_6,tt0389790,6
user_6,tt0389860,7
user_6,tt0390384,7
user_6,tt0391198,6
user_6,tt0391774,4
user_6,tt0393109,8
user_6,tt0393162,8
user_6,tt0395119,5
user_6,tt0395125,7
user_6,tt0395169,7
user_6,tt0395251,6
user_6,tt0395584,9
user_6,tt0395699,6
user_6,tt0396171,7
user_6,tt0396184,8
user_6,tt0396269,7
user_6,tt0396746,6
user_6,tt0396857,6
user_6,tt0397065,4
user_6,tt0397078,6
user_6,tt0397101,6
user_6,tt0397229,8
user_6,tt0397313,7
user_6,tt0397535,8
user_6,tt0397619,7
user_6,tt0397892,6
user_6,tt0398013,7
user_6,tt0398017,8
user_6,tt0398165,7
user_6,tt0398286,7
user_6,tt0398375,5
user_6,tt0398712,6
user_6,tt0398808,7
user_6,tt0399146,7
user_6,tt0399201,6
user_6,tt0399295,9
user_6,tt0400717,6
user_6,tt0401383,10
user_6,tt0401445,9
user_6,tt0401711,8
user_6,tt0401729,7
user_6,tt0401792,7
user_6,tt0401855,5
user_6,tt0401997,7
user_6,tt0402022,4
user_6,tt0402247,6
user_6,tt0402399,5
user_6,tt0402850,7
user_6,tt0403508,7
user_6,tt0403935,4
user_6,tt0404030,9
user_6,tt0404032,5
user_6,tt0404203,8
user_6,tt0404390,7
user_6,tt0405094,7
user_6,tt0405159,8
user_6,tt0405296,6
user_6,tt0405422,6
user_6,tt0405508,8
user_6,tt0406375,6
user_6,tt0406650,7
user_6,tt0406759,4
user_6,tt0406816,8
user_6,tt0407121,7
user_6,tt0407304,5
user_6,tt0407887,7
user_6,tt0408236,6
user_6,tt0408306,6
user_6,tt0408345,4
user_6,tt0408790,7
user_6,tt0408839,6
user_6,tt0409459,6
user_6,tt0409847,5
user_6,tt0410097,8
user_6,tt0410297,8
user_6,tt0411061,7
user_6,tt0411195,7
user_6,tt0411477,8
user_6,tt0411951,7
user_6,tt0412019,9
user_6,tt0412080,9
user_6,tt0413099,5
user_6,tt0413267,7
user_6,tt0413300,8
user_6,tt0414055,6
user_6,tt0414387,7
user_6,tt0414982,4
user_6,tt0414993,7
user_6,tt0415306,6
user_6,tt0416044,8
user_6,tt0416236,9
user_6,tt0416320,9
user_6,tt0416449,6
user_6,tt0416508,7
user_6,tt0417148,8
user_6,tt0417741,10
user_6,tt0418279,6
user_6,tt0418455,8
user_6,tt0418689,8
user_6,tt0418763,9
user_6,tt0418773,8
user_6,tt0418819,9
user_6,tt0418887,5
user_6,tt0419706,5
user_6,tt0419843,6
user_6,tt0419887,10
user_6,tt0420090,6
user_6,tt0420223,6
user_6,tt0420294,5
user_6,tt0420304,8
user_6,tt0420332,6
user_6,tt0420609,8
user_6,tt0420740,7
user_6,tt0421054,7
user_6,tt0421073,6
user_6,tt0421206,8
user_6,tt0421238,7
user_6,tt0421239,8
user_6,tt0421715,8
user_6,tt0422720,6
user_6,tt0423294,6
user_6,tt0423977,6
user_6,tt0424095,7
user_6,tt0424136,6
user_6,tt0424205,6
user_6,tt0424345,6
user_6,tt0424823,6
user_6,tt0424880,7
user_6,tt0425061,7
user_6,tt0425112,7
user_6,tt0425123,7
user_6,tt0425210,9
user_6,tt0425413,6
user_6,tt0425430,7
user_6,tt0425637,7
user_6,tt0426578,7
user_6,tt0426592,6
user_6,tt0426883,5
user_6,tt0426931,7
user_6,tt0427152,6
user_6,tt0427229,4
user_6,tt0427309,6
user_6,tt0427327,9
user_6,tt0427392,5
user_6,tt0427470,8
user_6,tt0427944,9
user_6,tt0427954,6
user_6,tt0427969,7
user_6,tt0429493,8
user_6,tt0429573,7
user_6,tt0430105,7
user_6,tt0430304,3
user_6,tt0430357,5
user_6,tt0430576,8
user_6,tt0430634,8
user_6,tt0430912,3
user_6,tt0430922,10
user_6,tt0431021,7
user_6,tt0431197,7
user_6,tt0431308,8
user_6,tt0432021,6
user_6,tt0432283,9
user_6,tt0432348,7
user_6,tt0432402,8
user_6,tt0433035,8
user_6,tt0433362,6
user_6,tt0433383,7
user_6,tt0433386,7
user_6,tt0433387,5
user_6,tt0433400,5
user_6,tt0433405,8
user_6,tt0434409,8
user_6,tt0435625,7
user_6,tt0435651,8
user_6,tt0435705,4
user_6,tt0435761,7
user_6,tt0436697,7
user_6,tt0437086,8
user_6,tt0437150,6
user_6,tt0437238,7
user_6,tt0438097,7
user_6,tt0438488,7
user_6,tt0439289,6
user_6,tt0439815,5
user_6,tt0440963,10
user_6,tt0441773,8
user_6,tt0441774,5
user_6,tt0441796,5
user_6,tt0441909,8
user_6,tt0442933,6
user_6,tt0443272,7
user_6,tt0443274,6
user_6,tt0443295,5
user_6,tt0443453,9
user_6,tt0443465,6
user_6,tt0443489,7
user_6,tt0443536,6
user_6,tt0443543,8
user_6,tt0443559,5
user_6,tt0443649,6
user_6,tt0443680,8
user_6,tt0443701,5
user_6,tt0443706,8
user_6,tt0444182,6
user_6,tt0444682,5
user_6,tt0445922,7
user_6,tt0445934,6
user_6,tt0445946,4
user_6,tt0446029,8
user_6,tt0446755,9
user_6,tt0448011,7
user_6,tt0448075,5
user_6,tt0448115,6
user_6,tt0448134,6
user_6,tt0448157,9
user_6,tt0448694,7
user_6,tt0449010,4
user_6,tt0449059,7
user_6,tt0449086,6
user_6,tt0449088,7
user_6,tt0449089,6
user_6,tt0449467,10
user_6,tt0450188,8
user_6,tt0450232,7
user_6,tt0450259,9
user_6,tt0450278,6
user_6,tt0450314,6
user_6,tt0450345,3
user_6,tt0450385,8
user_6,tt0450450,8
user_6,tt0451079,6
user_6,tt0451279,7
user_6,tt0452580,7
user_6,tt0452594,7
user_6,tt0452608,6
user_6,tt0452623,8
user_6,tt0452624,5
user_6,tt0452625,8
user_6,tt0452637,6
user_6,tt0452643,5
user_6,tt0452681,4
user_6,tt0452694,8
user_6,tt0452702,6
user_6,tt0453366,8
user_6,tt0453451,7
user_6,tt0453467,7
user_6,tt0453556,8
user_6,tt0453562,8
user_6,tt0453671,8
user_6,tt0454841,6
user_6,tt0454848,8
user_6,tt0454876,7
user_6,tt0454921,9
user_6,tt0454932,6
user_6,tt0454945,7
user_6,tt0455323,7
user_6,tt0455326,6
user_6,tt0455407,5
user_6,tt0455538,9
user_6,tt0455590,8
user_6,tt0455760,6
user_6,tt0455805,8
user_6,tt0455824,7
user_6,tt0455944,8
user_6,tt0455960,3
user_6,tt0455967,5
user_6,tt0456144,7
user_6,tt0456396,7
user_6,tt0456554,8
user_6,tt0456912,7
user_6,tt0457297,6
user_6,tt0457400,6
user_6,tt0457430,9
user_6,tt0457433,7
user_6,tt0457510,5
user_6,tt0457513,6
user_6,tt0457939,6
user_6,tt0458339,7
user_6,tt0458352,7
user_6,tt0458481,7
user_6,tt0458525,6
user_6,tt0459412,4
user_6,tt0460492,8
user_6,tt0460732,5
user_6,tt0460740,7
user_6,tt0460745,7
user_6,tt0460791,9
user_6,tt0460792,6
user_6,tt0460829,6
user_6,tt0461703,5
user_6,tt0461770,6
user_6,tt0462200,7
user_6,tt0462322,6
user_6,tt0462499,8
user_6,tt0462504,6
user_6,tt0462538,8
user_6,tt0462590,8
user_6,tt0463034,7
user_6,tt0463392,3
user_6,tt0463854,7
user_6,tt0463985,8
user_6,tt0463998,9
user_6,tt0464049,6
user_6,tt0464141,8
user_6,tt0464913,7
user_6,tt0465234,8
user_6,tt0465494,6
user_6,tt0465538,9
user_6,tt0465551,7
user_6,tt0465580,6
user_6,tt0465602,6
user_6,tt0465624,7
user_6,tt0466856,6
user_6,tt0466893,5
user_6,tt0466909,6
user_6,tt0467003,8
user_6,tt0467197,7
user_6,tt0467200,8
user_6,tt0467406,7
user_6,tt0468489,7
user_6,tt0468492,7
user_6,tt0468565,8
user_6,tt0468569,10
user_6,tt0469184,6
user_6,tt0469263,8
user_6,tt0469318,4
user_6,tt0469494,9
user_6,tt0469641,7
user_6,tt0470705,7
user_6,tt0470752,8
user_6,tt0471042,6
user_6,tt0472033,6
user_6,tt0472043,8
user_6,tt0472062,7
user_6,tt0472198,7
user_6,tt0472399,8
user_6,tt0473075,7
user_6,tt0473267,4
user_6,tt0473310,2
user_6,tt0473444,7
user_6,tt0473705,7
user_6,tt0475271,8
user_6,tt0475276,8
user_6,tt0475290,7
user_6,tt0475394,6
user_6,tt0476848,9
user_6,tt0477051,3
user_6,tt0477071,6
user_6,tt0477080,6
user_6,tt0477095,8
user_6,tt0477139,7
user_6,tt0477273,7
user_6,tt0477302,8
user_6,tt0477347,8
user_6,tt0477348,7
user_6,tt0478087,7
user_6,tt0478134,10
user_6,tt0478304,7
user_6,tt0478311,7
user_6,tt0478970,6
user_6,tt0478988,7
user_6,tt0479143,8
user_6,tt0479528,6
user_6,tt0479537,7
user_6,tt0479884,8
user_6,tt0479952,7
user_6,tt0480025,9
user_6,tt0480242,6
user_6,tt0480249,6
user_6,tt0480255,8
user_6,tt0480687,6
user_6,tt0481141,5
user_6,tt0481369,7
user_6,tt0481499,7
user_6,tt0481536,6
user_6,tt0482463,8
user_6,tt0482527,8
user_6,tt0482546,7
user_6,tt0482571,7
user_6,tt0482599,7
user_6,tt0482606,6
user_6,tt0482629,7
user_6,tt0483796,3
user_6,tt0484740,8
user_6,tt0485947,8
user_6,tt0486551,7
user_6,tt0486576,5
user_6,tt0486640,5
user_6,tt0486655,9
user_6,tt0486822,6
user_6,tt0486946,7
user_6,tt0487273,5
user_6,tt0488120,8
user_6,tt0489099,6
user_6,tt0489225,9
user_6,tt0489270,6
user_6,tt0489281,7
user_6,tt0490086,6
user_6,tt0490204,8
user_6,tt0490215,7
user_6,tt0491152,7
user_6,tt0492956,6
user_6,tt0493464,6
user_6,tt0493949,7
user_6,tt0494238,5
user_6,tt0494271,7
user_6,tt0496634,6
user_6,tt0496806,9
user_6,tt0497465,6
user_6,tt0497915,8
user_6,tt0498353,5
user_6,tt0498380,6
user_6,tt0498399,7
user_6,tt0498587,7
user_6,tt0499448,7
user_6,tt0499525,5
user_6,tt0499549,7
user_6,tt0499554,6
user_6,tt0499556,6
user_6,tt0756672,5
user_6,tt0756683,10
user_6,tt0758730,8
user_6,tt0758746,6
user_6,tt0758752,8
user_6,tt0758758,7
user_6,tt0758766,8
user_6,tt0758774,8
user_6,tt0758786,6
user_6,tt0762073,7
user_6,tt0762107,6
user_6,tt0762114,5
user_6,tt0765010,9
user_6,tt0765429,8
user_6,tt0765443,8
user_6,tt0765487,7
user_6,tt0768837,5
user_6,tt0770703,4
user_6,tt0770752,7
user_6,tt0770828,7
user_6,tt0772193,3
user_6,tt0775529,6
user_6,tt0779982,6
user_6,tt0780504,8
user_6,tt0780521,7
user_6,tt0780536,7
user_6,tt0780571,8
user_6,tt0780622,6
user_6,tt0780653,7
user_6,tt0783233,8
user_6,tt0783598,6
user_6,tt0787474,7
user_6,tt0787475,7
user_6,tt0790636,8
user_6,tt0790686,6
user_6,tt0790724,7
user_6,tt0790736,4
user_6,tt0795351,8
user_6,tt0795368,7
user_6,tt0795421,7
user_6,tt0795434,8
user_6,tt0795461,5
user_6,tt0796366,8
user_6,tt0798817,7
user_6,tt0799934,5
user_6,tt0799949,3
user_6,tt0800039,6
user_6,tt0800080,9
user_6,tt0800320,7
user_6,tt0800325,9
user_6,tt0800369,8
user_6,tt0800981,5
user_6,tt0803096,7
user_6,tt0804461,7
user_6,tt0804492,4
user_6,tt0804497,7
user_6,tt0805564,7
user_6,tt0808151,7
user_6,tt0808185,8
user_6,tt0808240,3
user_6,tt0808279,7
user_6,tt0808357,9
user_6,tt0808399,6
user_6,tt0808417,7
user_6,tt0810784,7
user_6,tt0810819,6
user_6,tt0810913,3
user_6,tt0810922,6
user_6,tt0810988,7
user_6,tt0811080,5
user_6,tt0811137,6
user_6,tt0813547,8
user_6,tt0814022,5
user_6,tt0814255,8
user_6,tt0814314,8
user_6,tt0814335,5
user_6,tt0815178,6
user_6,tt0815236,7
user_6,tt0815245,7
user_6,tt0816258,8
user_6,tt0816442,8
user_6,tt0816692,8
user_6,tt0816711,8
user_6,tt0817177,9
user_6,tt0817230,7
user_6,tt0819765,8
user_6,tt0821640,7
user_6,tt0821642,5
user_6,tt0822832,9
user_6,tt0822847,5
user_6,tt0822854,6
user_6,tt0824316,9
user_6,tt0824747,8
user_6,tt0825232,8
user_6,tt0827503,7
user_6,tt0828103,4
user_6,tt0828158,5
user_6,tt0829150,7
user_6,tt0829482,9
user_6,tt0830515,6
user_6,tt0830581,6
user_6,tt0831387,6
user_6,tt0831887,5
user_6,tt0831888,8
user_6,tt0832266,7
user_6,tt0834001,8
user_6,tt0837562,8
user_6,tt0837563,6
user_6,tt0838221,6
user_6,tt0838247,7
user_6,tt0838283,6
user_6,tt0839980,4
user_6,tt0840361,8
user_6,tt0841046,8
user_6,tt0842926,8
user_6,tt0843302,7
user_6,tt0843326,10
user_6,tt0844286,6
user_6,tt0844471,6
user_6,tt0844708,7
user_6,tt0845474,6
user_6,tt0848228,9
user_6,tt0848537,7
user_6,tt0848557,7
user_6,tt0851578,9
user_6,tt0852713,6
user_6,tt0856288,7
user_6,tt0857177,4
user_6,tt0857191,7
user_6,tt0858479,6
user_6,tt0859163,5
user_6,tt0861689,8
user_6,tt0861739,6
user_6,tt0862467,6
user_6,tt0862856,6
user_6,tt0864761,8
user_6,tt0864835,7
user_6,tt0865556,6
user_6,tt0866439,7
user_6,tt0870111,7
user_6,tt0870984,6
user_6,tt0874314,4
user_6,tt0874425,6
user_6,tt0876233,7
user_6,tt0876563,8
user_6,tt0878804,7
user_6,tt0879870,6
user_6,tt0880502,9
user_6,tt0881320,6
user_6,tt0882977,4
user_6,tt0884328,7
user_6,tt0884732,7
user_6,tt0887719,4
user_6,tt0887883,7
user_6,tt0887912,7
user_6,tt0889573,6
user_6,tt0889583,5
user_6,tt0889652,9
user_6,tt0890870,6
user_6,tt0891592,4
user_6,tt0892318,7
user_6,tt0892769,9
user_6,tt0892782,8
user_6,tt0892791,7
user_6,tt0893532,6
user_6,tt0898367,8
user_6,tt0901475,7
user_6,tt0901476,6
user_6,tt0901507,8
user_6,tt0902955,7
user_6,tt0903624,7
user_6,tt0905372,7
user_6,tt0907657,9
user_6,tt0910936,7
user_6,tt0910970,9
user_6,tt0913425,7
user_6,tt0913968,7
user_6,tt0914798,8
user_6,tt0914863,8
user_6,tt0918927,8
user_6,tt0918940,6
user_6,tt0920470,5
user_6,tt0924317,8
user_6,tt0926084,9
user_6,tt0926129,6
user_6,tt0926759,7
user_6,tt0926762,7
user_6,tt0928152,9
user_6,tt0929632,7
user_6,tt0936501,6
user_6,tt0938283,5
user_6,tt0938305,8
user_6,tt0938330,6
user_6,tt0942385,7
user_6,tt0944835,5
user_6,tt0945513,8
user_6,tt0947798,7
user_6,tt0947802,5
user_6,tt0947810,8
user_6,tt0948470,8
user_6,tt0949731,5
user_6,tt0951335,5
user_6,tt0955308,6
user_6,tt0959337,6
user_6,tt0960144,4
user_6,tt0960731,7
user_6,tt0961722,6
user_6,tt0962736,7
user_6,tt0962774,5
user_6,tt0963178,8
user_6,tt0963194,6
user_6,tt0963743,7
user_6,tt0963966,7
user_6,tt0964517,7
user_6,tt0964539,6
user_6,tt0968264,5
user_6,tt0970179,8
user_6,tt0970416,7
user_6,tt0970452,7
user_6,tt0970462,6
user_6,tt0970866,7
user_6,tt0971209,7
user_6,tt0974015,8
user_6,tt0974661,7
user_6,tt0976051,8
user_6,tt0977855,7
user_6,tt0978762,8
user_6,tt0978764,6
user_6,tt0980970,6
user_6,tt0981042,7
user_6,tt0981227,9
user_6,tt0983193,7
user_6,tt0985694,5
user_6,tt0985699,7
user_6,tt0986263,7
user_6,tt0986264,9
user_6,tt0988045,7
user_6,tt0988047,7
user_6,tt0988108,9
user_6,tt0988595,8
user_6,tt0988849,5
user_6,tt0989757,4
user_6,tt0990407,6
user_6,tt0993842,7
user_6,tt0993846,9
user_6,tt0995740,8
user_6,tt0995851,5
user_6,tt0997035,8
user_6,tt0999913,6
user_6,tt1000774,7
user_6,tt1001508,7
user_6,tt1001526,9
user_6,tt1007028,7
user_6,tt1007029,8
user_6,tt10096424,3
user_6,tt1010048,9
user_6,tt1010265,9
user_6,tt1010271,6
user_6,tt1012804,7
user_6,tt1013743,6
user_6,tt1013752,7
user_6,tt1013753,6
user_6,tt1014759,6
user_6,tt1014763,6
user_6,tt1017451,8
user_6,tt1017460,6
user_6,tt10182822,8
user_6,tt1018818,5
user_6,tt1019452,8
user_6,tt1020055,7
user_6,tt1020072,5
user_6,tt1020530,7
user_6,tt1020543,6
user_6,tt1020558,8
user_6,tt1020885,5
user_6,tt1022603,8
user_6,tt10230404,5
user_6,tt1023111,7
user_6,tt1023114,7
user_6,tt1023481,7
user_6,tt1023490,8
user_6,tt1024255,6
user_6,tt1024648,4
user_6,tt1024733,6
user_6,tt1025100,3
user_6,tt1027718,7
user_6,tt1028528,7
user_6,tt1028532,7
user_6,tt1029234,8
user_6,tt10320050,8
user_6,tt1032755,6
user_6,tt1032815,7
user_6,tt1032819,7
user_6,tt1032825,6
user_6,tt1033575,6
user_6,tt1033643,9
user_6,tt1034032,6
user_6,tt1034303,8
user_6,tt1034314,9
user_6,tt1034331,5
user_6,tt1034389,7
user_6,tt1034415,7
user_6,tt1035736,6
user_6,tt1037705,8
user_6,tt1038686,7
user_6,tt1038915,6
user_6,tt1038919,6
user_6,tt1038988,8
user_6,tt1041829,7
user_6,tt1045658,8
user_6,tt1045670,7
user_6,tt1045772,6
user_6,tt1045778,5
user_6,tt1046173,7
user_6,tt1049413,8
user_6,tt1051904,8
user_6,tt1051906,6
user_6,tt1053424,6
user_6,tt1054606,8
user_6,tt1055292,7
user_6,tt1055369,7
user_6,tt1057500,8
user_6,tt1058017,8
user_6,tt1059786,5
user_6,tt1060256,7
user_6,tt1060277,7
user_6,tt1063669,8
user_6,tt1065073,7
user_6,tt1067106,6
user_6,tt1067583,7
user_6,tt1067774,7
user_6,tt1068242,7
user_6,tt1068680,7
user_6,tt10709232,6
user_6,tt1071875,3
user_6,tt1072748,4
user_6,tt1073498,5
user_6,tt1074638,6
user_6,tt1077091,6
user_6,tt1077258,5
user_6,tt1077368,7
user_6,tt1078188,9
user_6,tt1078588,6
user_6,tt1078912,7
user_6,tt1078940,6
user_6,tt1080016,6
user_6,tt1082868,5
user_6,tt1083452,7
user_6,tt1083456,6
user_6,tt1083462,7
user_6,tt1086772,6
user_6,tt1087578,10
user_6,tt1091191,8
user_6,tt1091722,6
user_6,tt1092026,8
user_6,tt1092082,7
user_6,tt10930586,3
user_6,tt1093357,5
user_6,tt1093908,7
user_6,tt1095217,7
user_6,tt1098327,5
user_6,tt1099212,5
user_6,tt1100089,8
user_6,tt1103153,5
user_6,tt1104001,9
user_6,tt1105263,5
user_6,tt1105300,6
user_6,tt1107860,7
user_6,tt1109624,6
user_6,tt1111422,7
user_6,tt1112782,5
user_6,tt1114677,6
user_6,tt1114740,5
user_6,tt1117385,8
user_6,tt1119646,9
user_6,tt1120985,8
user_6,tt1121096,7
user_6,tt1121931,6
user_6,tt1123373,5
user_6,tt1124035,8
user_6,tt1124037,8
user_6,tt1124039,6
user_6,tt1125849,9
user_6,tt1126590,7
user_6,tt1126591,7
user_6,tt1126618,6
user_6,tt1127180,6
user_6,tt1127896,5
user_6,tt1129423,5
user_6,tt1129442,5
user_6,tt1130080,7
user_6,tt1130884,7
user_6,tt1130983,8
user_6,tt1131729,7
user_6,tt1131734,4
user_6,tt1132620,8
user_6,tt1132626,5
user_6,tt1133985,7
user_6,tt1135487,5
user_6,tt1135503,7
user_6,tt1135952,7
user_6,tt1135985,6
user_6,tt1136608,9
user_6,tt11390036,6
user_6,tt1139328,8
user_6,tt1139592,5
user_6,tt1139797,7
user_6,tt1142800,6
user_6,tt1142977,8
user_6,tt1142988,7
user_6,tt1144884,5
user_6,tt1148204,8
user_6,tt1149362,8
user_6,tt1152836,7
user_6,tt1153085,6
user_6,tt1155056,7
user_6,tt1155076,6
user_6,tt1156067,6
user_6,tt1156398,7
user_6,tt1160317,5
user_6,tt1161418,7
user_6,tt11617052,7
user_6,tt1161864,6
user_6,tt1164999,8
user_6,tt1167638,8
user_6,tt1167675,6
user_6,tt1170358,7
user_6,tt1170391,6
user_6,tt1172049,7
user_6,tt1172570,8
user_6,tt1172991,6
user_6,tt1172994,7
user_6,tt1174730,6
user_6,tt1174732,5
user_6,tt1175506,7
user_6,tt1176251,6
user_6,tt1176724,7
user_6,tt1176740,8
user_6,tt1178663,6
user_6,tt1178665,7
user_6,tt1179031,7
user_6,tt1179034,6
user_6,tt1179056,6
user_6,tt1179258,8
user_6,tt1179891,6
user_6,tt1179904,7
user_6,tt1179933,7
user_6,tt1182345,6
user_6,tt1182921,6
user_6,tt1182937,8
user_6,tt1183251,6
user_6,tt1183732,7
user_6,tt1185834,5
user_6,tt1186367,7
user_6,tt1187043,9
user_6,tt1187064,10
user_6,tt1188729,6
user_6,tt1188996,9
user_6,tt1189073,8
user_6,tt1189340,7
user_6,tt1190080,7
user_6,tt1190536,7
user_6,tt1191111,9
user_6,tt1192628,7
user_6,tt1193138,6
user_6,tt1194173,7
user_6,tt1195478,6
user_6,tt1196956,6
user_6,tt1197624,8
user_6,tt1198138,4
user_6,tt1198333,5
user_6,tt1201167,9
user_6,tt1201607,7
user_6,tt1204340,8
user_6,tt1204975,7
user_6,tt1205489,8
user_6,tt1205537,8
user_6,tt1206543,6
user_6,tt1209367,6
user_6,tt1210106,7
user_6,tt1210166,7
user_6,tt1210819,6
user_6,tt1211837,10
user_6,tt1211956,6
user_6,tt1212419,5
user_6,tt1212428,7
user_6,tt1212450,6
user_6,tt1213641,8
user_6,tt1213644,3
user_6,tt1213648,6
user_6,tt1213663,6
user_6,tt1213899,8
user_6,tt1214962,5
user_6,tt1216475,6
user_6,tt1216491,8
user_6,tt1217209,6
user_6,tt1217613,9
user_6,tt1219289,8
user_6,tt1219827,6
user_6,tt1220198,6
user_6,tt1220634,7
user_6,tt1220719,9
user_6,tt1220888,6
user_6,tt1222817,4
user_6,tt1225822,6
user_6,tt1226229,6
user_6,tt1226271,7
user_6,tt1226273,6
user_6,tt1226753,8
user_6,tt1226774,7
user_6,tt1226837,8
user_6,tt1227536,6
user_6,tt1228705,5
user_6,tt1228987,9
user_6,tt1229238,5
user_6,tt1229340,7
user_6,tt1229822,7
user_6,tt1230126,6
user_6,tt1230168,6
user_6,tt1230211,5
user_6,tt1230414,7
user_6,tt1231580,5
user_6,tt1231583,8
user_6,tt1231587,7
user_6,tt1232200,6
user_6,tt1232776,6
user_6,tt1232829,7
user_6,tt1233227,7
user_6,tt1233301,8
user_6,tt1234541,7
user_6,tt1234548,8
user_6,tt1234654,5
user_6,tt1234721,5
user_6,tt1235124,7
user_6,tt1235166,7
user_6,tt1235189,8
user_6,tt1235522,5
user_6,tt1235536,4
user_6,tt1235841,8
user_6,tt1236471,4
user_6,tt1240982,8
user_6,tt1241316,5
user_6,tt1241317,6
user_6,tt1242422,7
user_6,tt1242432,5
user_6,tt1242460,8
user_6,tt1242545,8
user_6,tt1243957,5
user_6,tt1244658,6
user_6,tt1245112,8
user_6,tt1245358,6
user_6,tt1245492,7
user_6,tt1245526,7
user_6,tt1247690,5
user_6,tt1250777,9
user_6,tt1251757,4
user_6,tt1253863,6
user_6,tt1253864,6
user_6,tt1255919,4
user_6,tt1255953,7
user_6,tt1258197,7
user_6,tt1259521,8
user_6,tt1259528,10
user_6,tt1259571,4
user_6,tt12607910,6
user_6,tt1261945,4
user_6,tt1262416,7
user_6,tt1263670,9
user_6,tt1265990,4
user_6,tt1267297,6
user_6,tt1268799,8
user_6,tt1270797,7
user_6,tt1270798,9
user_6,tt1272878,6
user_6,tt1273678,6
user_6,tt1276104,8
user_6,tt1277953,7
user_6,tt1278340,8
user_6,tt1279935,6
user_6,tt1280558,6
user_6,tt1282139,9
user_6,tt1282140,7
user_6,tt1284575,5
user_6,tt1285016,7
user_6,tt1285241,7
user_6,tt1286154,4
user_6,tt1288403,6
user_6,tt1288558,8
user_6,tt1289401,7
user_6,tt1289403,7
user_6,tt1289406,7
user_6,tt1291150,6
user_6,tt1291566,5
user_6,tt1291570,5
user_6,tt1291584,7
user_6,tt1292566,7
user_6,tt1293842,7
user_6,tt1293847,6
user_6,tt1294226,8
user_6,tt1294688,7
user_6,tt1296898,6
user_6,tt1298649,7
user_6,tt1298650,7
user_6,tt1300851,7
user_6,tt1300854,8
user_6,tt1301303,7
user_6,tt1302006,9
user_6,tt1302011,9
user_6,tt1303828,7
user_6,tt1305797,9
user_6,tt1305806,8
user_6,tt1306980,8
user_6,tt1307068,4
user_6,tt1308729,7
user_6,tt1311071,7
user_6,tt1313092,8
user_6,tt1314655,4
user_6,tt1315981,6
user_6,tt1316037,3
user_6,tt1316536,6
user_6,tt1318514,7
user_6,tt1319722,5
user_6,tt1320244,6
user_6,tt1320253,6
user_6,tt1320261,6
user_6,tt1321511,6
user_6,tt1321860,4
user_6,tt1321870,7
user_6,tt1322269,6
user_6,tt1322930,7
user_6,tt1323594,8
user_6,tt1324999,6
user_6,tt1325004,8
user_6,tt1327035,9
user_6,tt1327194,6
user_6,tt1327773,8
user_6,tt1333125,4
user_6,tt1334260,6
user_6,tt1335975,7
user_6,tt1336608,6
user_6,tt1336617,6
user_6,tt1337032,7
user_6,tt1337342,7
user_6,tt1337672,6
user_6,tt1340108,6
user_6,tt1340138,6
user_6,tt1340800,9
user_6,tt1341167,8
user_6,tt1341188,5
user_6,tt1343092,7
user_6,tt1343097,5
user_6,tt1343703,8
user_6,tt1343727,7
user_6,tt1345836,9
user_6,tt1351685,6
user_6,tt1352824,6
user_6,tt1355630,7
user_6,tt1355631,7
user_6,tt1355644,7
user_6,tt1355683,5
user_6,tt1356864,8
user_6,tt1359421,6
user_6,tt1361318,5
user_6,tt1364487,7
user_6,tt1365048,6
user_6,tt1365050,8
user_6,tt1365519,6
user_6,tt1366365,3
user_6,tt1369684,7
user_6,tt1371111,7
user_6,tt1374989,6
user_6,tt1374992,8
user_6,tt1375666,8
user_6,tt1375670,5
user_6,tt1379182,7
user_6,tt1384927,7
user_6,tt1385543,6
user_6,tt1385826,8
user_6,tt1385867,6
user_6,tt1386588,8
user_6,tt1386697,5
user_6,tt1386703,7
user_6,tt1386932,8
user_6,tt1389072,6
user_6,tt1389096,6
user_6,tt1389137,7
user_6,tt1390411,7
user_6,tt1392170,8
user_6,tt1392190,7
user_6,tt1392214,8
user_6,tt1396218,5
user_6,tt1396484,8
user_6,tt1397280,5
user_6,tt1397514,7
user_6,tt1398426,8
user_6,tt1398428,6
user_6,tt1399103,7
user_6,tt1399683,6
user_6,tt1401152,7
user_6,tt1403865,7
user_6,tt1403981,9
user_6,tt1407972,6
user_6,tt1408101,9
user_6,tt1408253,7
user_6,tt1409024,6
user_6,tt1410272,8
user_6,tt1411238,6
user_6,tt1411250,7
user_6,tt1411697,7
user_6,tt1411704,6
user_6,tt1412386,5
user_6,tt1412528,5
user_6,tt1414382,6
user_6,tt1418377,5
user_6,tt1418754,6
user_6,tt1422101,6
user_6,tt1423894,8
user_6,tt1423995,5
user_6,tt1424381,7
user_6,tt1426329,8
user_6,tt1428538,6
user_6,tt1430132,8
user_6,tt1430612,6
user_6,tt1431045,9
user_6,tt1431122,5
user_6,tt1433108,6
user_6,tt1433905,7
user_6,tt1435513,5
user_6,tt1436045,8
user_6,tt1436562,6
user_6,tt1437354,5
user_6,tt1438176,7
user_6,tt1438254,6
user_6,tt1439572,8
user_6,tt1440129,8
user_6,tt1440161,6
user_6,tt1440232,6
user_6,tt1440292,8
user_6,tt1440728,7
user_6,tt1440732,5
user_6,tt1441395,8
user_6,tt1441912,8
user_6,tt1441951,8
user_6,tt1441952,6
user_6,tt1446192,6
user_6,tt1446714,8
user_6,tt1448755,9
user_6,tt1450321,7
user_6,tt1453405,7
user_6,tt1454029,8
user_6,tt1454468,9
user_6,tt1456635,7
user_6,tt1456941,6
user_6,tt1457767,8
user_6,tt1458175,6
user_6,tt1462041,6
user_6,tt1462758,6
user_6,tt1462769,8
user_6,tt1462900,7
user_6,tt1464535,6
user_6,tt1464540,7
user_6,tt1464580,6
user_6,tt1465522,8
user_6,tt1467304,6
user_6,tt1468846,5
user_6,tt1469304,6
user_6,tt1473389,5
user_6,tt1473832,7
user_6,tt1477076,6
user_6,tt1477834,5
user_6,tt1478338,5
user_6,tt1478839,9
user_6,tt1478964,6
user_6,tt1482459,6
user_6,tt1483013,9
user_6,tt1485796,8
user_6,tt1486185,6
user_6,tt1486190,7
user_6,tt1486192,5
user_6,tt1486834,7
user_6,tt1488555,5
user_6,tt1488606,4
user_6,tt1489887,5
user_6,tt1489889,6
user_6,tt1490017,9
user_6,tt1491044,8
user_6,tt1496025,7
user_6,tt1498569,8
user_6,tt1499658,6
user_6,tt1502397,7
user_6,tt1502404,5
user_6,tt1502407,6
user_6,tt1502712,4
user_6,tt1504320,10
user_6,tt1506999,5
user_6,tt1509767,7
user_6,tt1512235,5
user_6,tt1515091,8
user_6,tt1517260,6
user_6,tt1517451,6
user_6,tt1517489,5
user_6,tt1520498,10
user_6,tt1523486,9
user_6,tt1524134,4
user_6,tt1524137,7
user_6,tt1524930,6
user_6,tt1525890,4
user_6,tt1527186,7
user_6,tt1528071,7
user_6,tt1528100,6
user_6,tt1528312,6
user_6,tt1528854,4
user_6,tt1530509,3
user_6,tt1531663,8
user_6,tt1532503,8
user_6,tt1533749,8
user_6,tt1535108,5
user_6,tt1535109,8
user_6,tt1535970,5
user_6,tt1536044,5
user_6,tt1536410,7
user_6,tt1536537,7
user_6,tt1537032,5
user_6,tt1538403,4
user_6,tt1540133,8
user_6,tt1542344,8
user_6,tt1547234,5
user_6,tt1549572,8
user_6,tt1549920,6
user_6,tt1555064,8
user_6,tt1555149,6
user_6,tt1560220,7
user_6,tt1560747,5
user_6,tt1560970,7
user_6,tt1562871,6
user_6,tt1563719,3
user_6,tt1563738,8
user_6,tt1564367,6
user_6,tt1564585,5
user_6,tt1567609,7
user_6,tt1568338,6
user_6,tt1568343,5
user_6,tt1568346,9
user_6,tt1568911,6
user_6,tt1568921,8
user_6,tt1570728,8
user_6,tt1571222,5
user_6,tt1571234,6
user_6,tt1572306,5
user_6,tt1572315,3
user_6,tt1572781,9
user_6,tt1573072,6
user_6,tt1579540,5
user_6,tt1582198,4
user_6,tt1582248,8
user_6,tt1582507,4
user_6,tt1583420,7
user_6,tt1583421,6
user_6,tt1586265,6
user_6,tt1586752,5
user_6,tt1587310,7
user_6,tt1588170,8
user_6,tt1588173,5
user_6,tt1588334,8
user_6,tt1588875,7
user_6,tt1590089,8
user_6,tt1590193,5
user_6,tt1591095,8
user_6,tt1592525,6
user_6,tt1595366,8
user_6,tt1595656,6
user_6,tt1596343,6
user_6,tt1596345,7
user_6,tt1596350,6
user_6,tt1596352,8
user_6,tt1596363,7
user_6,tt1596365,7
user_6,tt1598642,7
user_6,tt1598778,6
user_6,tt1598873,8
user_6,tt1599348,7
user_6,tt1600195,7
user_6,tt1600196,7
user_6,tt1600524,8
user_6,tt1601913,8
user_6,tt1602098,7
user_6,tt1602472,5
user_6,tt1602613,5
user_6,tt1602620,7
user_6,tt1605630,6
user_6,tt1605783,7
user_6,tt1606378,6
user_6,tt1606389,8
user_6,tt1608290,5
user_6,tt1611211,4
user_6,tt1611224,4
user_6,tt1613040,8
user_6,tt1613750,8
user_6,tt1614989,9
user_6,tt1615065,8
user_6,tt1615147,7
user_6,tt1615160,10
user_6,tt1616195,6
user_6,tt1617661,5
user_6,tt1618434,7
user_6,tt1618442,6
user_6,tt1619029,7
user_6,tt1620680,3
user_6,tt1620772,6
user_6,tt1620933,8
user_6,tt1620981,6
user_6,tt1622547,5
user_6,tt1622979,5
user_6,tt1623205,5
user_6,tt1623288,7
user_6,tt1624408,6
user_6,tt1625346,5
user_6,tt1628841,5
user_6,tt1631707,7
user_6,tt1631867,8
user_6,tt1632708,8
user_6,tt1634106,6
user_6,tt1634122,4
user_6,tt1636826,6
user_6,tt1637688,8
user_6,tt1637706,5
user_6,tt1637725,7
user_6,tt1638002,7
user_6,tt1638328,7
user_6,tt1638355,8
user_6,tt1645080,6
user_6,tt1645170,7
user_6,tt1646971,7
user_6,tt1646980,5
user_6,tt1646987,6
user_6,tt1648179,7
user_6,tt1648190,4
user_6,tt1649419,8
user_6,tt1650062,6
user_6,tt1650393,5
user_6,tt1650554,8
user_6,tt1653690,5
user_6,tt1655420,7
user_6,tt1655441,7
user_6,tt1655442,10
user_6,tt1656190,6
user_6,tt1657507,8
user_6,tt1658837,5
user_6,tt1659337,7
user_6,tt1661199,8
user_6,tt1661382,6
user_6,tt1663143,5
user_6,tt1663202,9
user_6,tt1663662,9
user_6,tt1666185,6
user_6,tt1666186,3
user_6,tt1666335,6
user_6,tt1667108,6
user_6,tt1667307,7
user_6,tt1667310,6
user_6,tt1667691,6
user_6,tt1667889,8
user_6,tt1670345,8
user_6,tt1673434,6
user_6,tt1673702,6
user_6,tt1674771,7
user_6,tt1675434,8
user_6,tt1677720,8
user_6,tt1682180,6
user_6,tt1682246,7
user_6,tt1683526,9
user_6,tt1684233,5
user_6,tt1684548,4
user_6,tt1686784,7
user_6,tt1686821,5
user_6,tt1687901,5
user_6,tt1690953,8
user_6,tt1691917,6
user_6,tt1692486,6
user_6,tt1694019,7
user_6,tt1700841,6
user_6,tt1700844,5
user_6,tt1701990,7
user_6,tt1702014,7
user_6,tt1702439,5
user_6,tt1703049,7
user_6,tt1703199,6
user_6,tt1704573,6
user_6,tt1706593,7
user_6,tt1706620,8
user_6,tt1707386,8
user_6,tt1708453,9
user_6,tt1709143,6
user_6,tt1712261,5
user_6,tt1714206,7
user_6,tt1714210,9
user_6,tt1714915,7
user_6,tt1715336,5
user_6,tt1716772,7
user_6,tt1718199,7
user_6,tt1718835,6
user_6,tt1723121,9
user_6,tt1723811,6
user_6,tt1726592,7
user_6,tt1726889,5
user_6,tt1727388,8
user_6,tt1727770,6
user_6,tt1727776,7
user_6,tt1727824,8
user_6,tt1728179,7
user_6,tt1729226,7
user_6,tt1731141,4
user_6,tt1731697,4
user_6,tt1734493,6
user_6,tt1735898,7
user_6,tt1735907,5
user_6,tt1740707,6
user_6,tt1742334,4
user_6,tt1742336,6
user_6,tt1742650,6
user_6,tt1743711,5
user_6,tt1748122,7
user_6,tt1748179,6
user_6,tt1748227,6
user_6,tt1753383,8
user_6,tt1756476,9
user_6,tt1756851,4
user_6,tt1758692,5
user_6,tt1758795,5
user_6,tt1758830,6
user_6,tt1763303,6
user_6,tt1764234,6
user_6,tt1764651,6
user_6,tt1767319,3
user_6,tt1767354,6
user_6,tt1772264,6
user_6,tt1772288,6
user_6,tt1772341,7
user_6,tt1778304,5
user_6,tt1780798,7
user_6,tt1783423,5
user_6,tt1783732,5
user_6,tt1783780,6
user_6,tt1785635,4
user_6,tt1790809,7
user_6,tt1790864,7
user_6,tt1790885,7
user_6,tt1790886,5
user_6,tt1791528,5
user_6,tt1791682,6
user_6,tt1796652,9
user_6,tt1798603,4
user_6,tt1798684,8
user_6,tt1798709,7
user_6,tt1800241,6
user_6,tt1800246,6
user_6,tt1801051,9
user_6,tt1805263,9
user_6,tt1806913,5
user_6,tt1809398,9
user_6,tt1815862,5
user_6,tt1817081,6
user_6,tt1817273,8
user_6,tt1821480,8
user_6,tt1821549,9
user_6,tt1821694,7
user_6,tt1823672,6
user_6,tt1825683,6
user_6,tt1827512,9
user_6,tt1832382,9
user_6,tt1837709,8
user_6,tt1839492,8
user_6,tt1839642,7
user_6,tt1840309,8
user_6,tt1840417,5
user_6,tt1843866,6
user_6,tt1846589,8
user_6,tt1853728,8
user_6,tt1853739,5
user_6,tt1854564,7
user_6,tt1855199,6
user_6,tt1855325,4
user_6,tt1856101,9
user_6,tt1859650,5
user_6,tt1860213,5
user_6,tt1860242,7
user_6,tt1860353,9
user_6,tt1860357,7
user_6,tt1862079,7
user_6,tt1865505,8
user_6,tt1867093,8
user_6,tt1872181,6
user_6,tt1872194,8
user_6,tt1872818,7
user_6,tt1877832,8
user_6,tt1878870,9
user_6,tt1881002,6
user_6,tt1891923,5
user_6,tt1895315,8
user_6,tt1895587,9
user_6,tt1899353,9
user_6,tt1901040,5
user_6,tt1904996,8
user_6,tt1905041,6
user_6,tt1906329,6
user_6,tt1907614,7
user_6,tt1907668,6
user_6,tt1907779,5
user_6,tt1911553,7
user_6,tt1911644,8
user_6,tt1911658,8
user_6,tt1915581,5
user_6,tt1919090,6
user_6,tt1920945,7
user_6,tt1921043,6
user_6,tt1921064,6
user_6,tt1922777,6
user_6,tt1924396,8
user_6,tt1924429,7
user_6,tt1924435,8
user_6,tt1928330,5
user_6,tt1931435,4
user_6,tt1931533,8
user_6,tt1934231,8
user_6,tt1935179,6
user_6,tt1935302,5
user_6,tt1935859,8
user_6,tt1935914,8
user_6,tt1937390,8
user_6,tt1939659,6
user_6,tt1945084,6
user_6,tt1946289,7
user_6,tt1946502,5
user_6,tt1950186,8
user_6,tt1951181,6
user_6,tt1951261,4
user_6,tt1951264,8
user_6,tt1951265,8
user_6,tt1951266,8
user_6,tt1954381,4
user_6,tt1954470,9
user_6,tt1956620,6
user_6,tt1956697,6
user_6,tt1959332,6
user_6,tt1959490,5
user_6,tt1959563,6
user_6,tt1961175,6
user_6,tt1964418,7
user_6,tt1964624,7
user_6,tt1964895,5
user_6,tt1971325,5
user_6,tt1972571,7
user_6,tt1972591,8
user_6,tt1974419,6
user_6,tt1979319,8
user_6,tt1979320,9
user_6,tt1979376,7
user_6,tt1979388,7
user_6,tt1980209,8
user_6,tt1980929,7
user_6,tt1981115,8
user_6,tt1981128,5
user_6,tt1981677,8
user_6,tt1984153,6
user_6,tt1985949,6
user_6,tt1985966,6
user_6,tt1989598,7
user_6,tt1995390,6
user_6,tt1999995,5
user_6,tt2002718,6
user_6,tt2004420,6
user_6,tt2005151,8
user_6,tt2005374,8
user_6,tt2006295,5
user_6,tt2011159,6
user_6,tt2014264,4
user_6,tt2015381,7
user_6,tt2017020,6
user_6,tt2017038,7
user_6,tt2023587,6
user_6,tt2023690,6
user_6,tt2024432,6
user_6,tt2024469,6
user_6,tt2024506,7
user_6,tt2024542,4
user_6,tt2024544,10
user_6,tt2034139,4
user_6,tt2034800,3
user_6,tt2036416,6
user_6,tt2039338,8
user_6,tt2042568,7
user_6,tt2043932,6
user_6,tt2043933,5
user_6,tt2046110,8
user_6,tt2050633,4
user_6,tt2051879,9
user_6,tt2053425,8
user_6,tt2053463,6
user_6,tt2056771,7
user_6,tt2057392,8
user_6,tt2058107,8
user_6,tt2061756,7
user_6,tt2062700,4
user_6,tt2066051,7
user_6,tt2072230,5
user_6,tt2075108,8
user_6,tt2076220,7
user_6,tt2080374,8
user_6,tt2083231,6
user_6,tt2084970,8
user_6,tt2085930,6
user_6,tt2091256,7
user_6,tt2091473,6
user_6,tt2091935,5
user_6,tt2094018,8
user_6,tt2094766,5
user_6,tt2095649,5
user_6,tt2096672,6
user_6,tt2096673,9
user_6,tt2101341,6
user_6,tt2101441,6
user_6,tt2101569,6
user_6,tt2103217,7
user_6,tt2103254,5
user_6,tt2103267,6
user_6,tt2103281,6
user_6,tt2105044,5
user_6,tt2106361,5
user_6,tt2106476,9
user_6,tt2108605,2
user_6,tt2109184,4
user_6,tt2109248,6
user_6,tt2118624,7
user_6,tt2119532,8
user_6,tt2120120,4
user_6,tt2121382,8
user_6,tt2125435,8
user_6,tt2126355,6
user_6,tt2127305,7
user_6,tt2131628,4
user_6,tt2132285,5
user_6,tt2139881,7
user_6,tt2140373,9
user_6,tt2140379,8
user_6,tt2140479,7
user_6,tt2140619,7
user_6,tt2145829,5
user_6,tt2170439,9
user_6,tt2170593,9
user_6,tt2172071,6
user_6,tt2172584,6
user_6,tt2172934,6
user_6,tt2176013,8
user_6,tt2177771,5
user_6,tt2178470,7
user_6,tt2179116,9
user_6,tt2179121,8
user_6,tt2179136,8
user_6,tt2180411,7
user_6,tt2181959,6
user_6,tt2184339,5
user_6,tt2186781,8
user_6,tt2186783,7
user_6,tt2191701,5
user_6,tt2193215,5
user_6,tt2193364,9
user_6,tt2194499,8
user_6,tt2196254,9
user_6,tt2199571,8
user_6,tt2203939,6
user_6,tt2205697,8
user_6,tt2209418,7
user_6,tt2209764,6
user_6,tt2215285,5
user_6,tt2223990,7
user_6,tt2224026,8
user_6,tt2226417,5
user_6,tt2226597,6
user_6,tt2229499,7
user_6,tt2231253,6
user_6,tt2231461,6
user_6,tt2234003,10
user_6,tt2234155,6
user_6,tt2238032,4
user_6,tt2239822,8
user_6,tt2245084,7
user_6,tt2245544,6
user_6,tt2250912,8
user_6,tt2256677,5
user_6,tt2261287,5
user_6,tt2262227,9
user_6,tt2265171,9
user_6,tt2265534,8
user_6,tt2267968,6
user_6,tt2267998,7
user_6,tt2273657,7
user_6,tt2274172,6
user_6,tt2274648,4
user_6,tt2276480,6
user_6,tt2277860,7
user_6,tt2278388,8
user_6,tt2278871,9
user_6,tt2281587,6
user_6,tt2283336,6
user_6,tt2283362,7
user_6,tt2293640,8
user_6,tt2294449,7
user_6,tt2294629,8
user_6,tt2302755,7
user_6,tt2304933,7
user_6,tt2305003,2
user_6,tt2305051,6
user_6,tt2310332,8
user_6,tt2312718,6
user_6,tt2314824,5
user_6,tt2316204,8
user_6,tt2316411,8
user_6,tt2321163,5
user_6,tt2321549,8
user_6,tt2322441,6
user_6,tt2326554,7
user_6,tt2326612,7
user_6,tt2328819,7
user_6,tt2333784,8
user_6,tt2333804,4
user_6,tt2334649,7
user_6,tt2334873,7
user_6,tt2334879,6
user_6,tt2338151,8
user_6,tt2339741,5
user_6,tt2343582,7
user_6,tt2345759,5
user_6,tt2351310,8
user_6,tt2356180,8
user_6,tt2357129,8
user_6,tt2357291,7
user_6,tt2358913,6
user_6,tt2358925,5
user_6,tt2359024,8
user_6,tt2361317,7
user_6,tt2361509,7
user_6,tt2364841,5
user_6,tt2368254,7
user_6,tt2369135,8
user_6,tt2370248,9
user_6,tt2370410,9
user_6,tt2371824,7
user_6,tt2377938,8
user_6,tt2378507,8
user_6,tt2379386,4
user_6,tt2379713,9
user_6,tt2380307,8
user_6,tt2381111,8
user_6,tt2381249,8
user_6,tt2381941,6
user_6,tt2382009,6
user_6,tt2382396,6
user_6,tt2386237,6
user_6,tt2386490,8
user_6,tt2387433,7
user_6,tt2387559,5
user_6,tt2388715,6
user_6,tt2390361,6
user_6,tt2392748,6
user_6,tt2395427,9
user_6,tt2395469,7
user_6,tt2397535,7
user_6,tt2398149,8
user_6,tt2398231,4
user_6,tt2400463,7
user_6,tt2401621,8
user_6,tt2402927,7
user_6,tt2403393,7
user_6,tt2404181,7
user_6,tt2404233,6
user_6,tt2404311,6
user_6,tt2404425,10
user_6,tt2404435,7
user_6,tt2404461,7
user_6,tt2404463,8
user_6,tt2406566,8
user_6,tt2407380,5
user_6,tt2408040,7
user_6,tt2424028,6
user_6,tt2425486,7
user_6,tt2427892,6
user_6,tt2431286,8
user_6,tt2436386,8
user_6,tt2446042,7
user_6,tt2446980,6
user_6,tt2450186,7
user_6,tt2452042,8
user_6,tt2452254,5
user_6,tt2452386,8
user_6,tt2461132,6
user_6,tt2463288,8
user_6,tt2473794,7
user_6,tt2474932,8
user_6,tt2479478,5
user_6,tt2481498,7
user_6,tt2488496,10
user_6,tt2493318,6
user_6,tt2494280,7
user_6,tt2494362,7
user_6,tt2499472,7
user_6,tt2503944,8
user_6,tt2510894,8
user_6,tt2527336,7
user_6,tt2527338,5
user_6,tt2531334,5
user_6,tt2531344,6
user_6,tt2543164,6
user_6,tt2543472,8
user_6,tt2548396,5
user_6,tt2554274,7
user_6,tt2555736,7
user_6,tt2557478,6
user_6,tt2557490,5
user_6,tt2561572,7
user_6,tt2562232,6
user_6,tt2567026,5
user_6,tt2567712,7
user_6,tt2568862,7
user_6,tt2573438,6
user_6,tt2576450,4
user_6,tt2576852,9
user_6,tt2578608,2
user_6,tt2581244,6
user_6,tt2582496,9
user_6,tt2582498,5
user_6,tt2582782,6
user_6,tt2582802,9
user_6,tt2582846,7
user_6,tt2584384,7
user_6,tt2591814,8
user_6,tt2592614,5
user_6,tt2597892,5
user_6,tt2599716,7
user_6,tt2608224,10
user_6,tt2610768,3
user_6,tt2614684,7
user_6,tt2620590,4
user_6,tt2626350,6
user_6,tt2631186,9
user_6,tt2637276,6
user_6,tt2637294,7
user_6,tt2639336,7
user_6,tt2659414,8
user_6,tt2660888,7
user_6,tt2671706,6
user_6,tt2674426,8
user_6,tt2679042,6
user_6,tt2692250,7
user_6,tt2692904,7
user_6,tt2702724,5
user_6,tt2704998,8
user_6,tt2709768,4
user_6,tt2710368,5
user_6,tt2713180,8
user_6,tt2717822,4
user_6,tt2718492,7
user_6,tt2719848,6
user_6,tt2726560,8
user_6,tt2737304,4
user_6,tt2752200,7
user_6,tt2752758,4
user_6,tt2756032,7
user_6,tt2757456,6
user_6,tt2758890,6
user_6,tt2763304,8
user_6,tt2771200,8
user_6,tt2788556,6
user_6,tt2788710,6
user_6,tt2788732,7
user_6,tt2798920,7
user_6,tt2800240,6
user_6,tt2802144,9
user_6,tt2803940,3
user_6,tt2820852,6
user_6,tt2822672,6
user_6,tt2823054,6
user_6,tt2833408,7
user_6,tt2848292,6
user_6,tt2852406,7
user_6,tt2854926,8
user_6,tt2865120,7
user_6,tt2866360,9
user_6,tt2869728,5
user_6,tt2870612,6
user_6,tt2870756,8
user_6,tt2872462,7
user_6,tt2872518,8
user_6,tt2872718,8
user_6,tt2872732,7
user_6,tt2873282,6
user_6,tt2877108,8
user_6,tt2883512,6
user_6,tt2884018,6
user_6,tt2884206,7
user_6,tt2888046,6
user_6,tt2891174,7
user_6,tt2908446,6
user_6,tt2910274,4
user_6,tt2910814,8
user_6,tt2911666,7
user_6,tt2911668,5
user_6,tt2926810,6
user_6,tt2932536,5
user_6,tt2935476,9
user_6,tt2935510,6
user_6,tt2937696,8
user_6,tt2937898,9
user_6,tt2948356,7
user_6,tt2967224,5
user_6,tt2974918,7
user_6,tt2975578,6
user_6,tt2975590,7
user_6,tt2977090,6
user_6,tt2980210,6
user_6,tt2980516,7
user_6,tt2980592,7
user_6,tt2980648,8
user_6,tt2980708,7
user_6,tt2994190,7
user_6,tt2996684,4
user_6,tt3005920,7
user_6,tt3011894,9
user_6,tt3014866,8
user_6,tt3019620,6
user_6,tt3022898,5
user_6,tt3040964,6
user_6,tt3045616,4
user_6,tt3062096,8
user_6,tt3063516,7
user_6,tt3064298,7
user_6,tt3065204,8
user_6,tt3072482,7
user_6,tt3076658,8
user_6,tt3079380,9
user_6,tt3097204,6
user_6,tt3099498,6
user_6,tt3104988,6
user_6,tt3110958,6
user_6,tt3113696,5
user_6,tt3114432,4
user_6,tt3118452,4
user_6,tt3120280,8
user_6,tt3125220,5
user_6,tt3131744,6
user_6,tt3142764,7
user_6,tt3149038,7
user_6,tt3151738,6
user_6,tt3152592,5
user_6,tt3152624,5
user_6,tt3165612,7
user_6,tt3168230,8
user_6,tt3170832,8
user_6,tt3175038,6
user_6,tt3176134,6
user_6,tt3177316,6
user_6,tt3179568,6
user_6,tt3181776,6
user_6,tt3183660,7
user_6,tt3187378,6
user_6,tt3195644,7
user_6,tt3203616,4
user_6,tt3212232,7
user_6,tt3215518,7
user_6,tt3224458,9
user_6,tt3235888,8
user_6,tt3263904,8
user_6,tt3264240,4
user_6,tt3266284,4
user_6,tt3276924,8
user_6,tt3280262,5
user_6,tt3281548,8
user_6,tt3289724,6
user_6,tt3289956,7
user_6,tt3300542,6
user_6,tt3315342,9
user_6,tt3316948,7
user_6,tt3316960,7
user_6,tt3317234,5
user_6,tt3320542,8
user_6,tt3322364,7
user_6,tt3322420,9
user_6,tt3322940,7
user_6,tt3344694,5
user_6,tt3344922,8
user_6,tt3371366,4
user_6,tt3385516,8
user_6,tt3387520,7
user_6,tt3387648,8
user_6,tt3393786,7
user_6,tt3395184,6
user_6,tt3397884,7
user_6,tt3400058,5
user_6,tt3402236,6
user_6,tt3410834,6
user_6,tt3411444,6
user_6,tt3416536,7
user_6,tt3416742,9
user_6,tt3416744,7
user_6,tt3417422,9
user_6,tt3450650,6
user_6,tt3450958,7
user_6,tt3460252,8
user_6,tt3462710,4
user_6,tt3464902,7
user_6,tt3469046,7
user_6,tt3470600,8
user_6,tt3471098,7
user_6,tt3481634,4
user_6,tt3488710,8
user_6,tt3498820,8
user_6,tt3499096,6
user_6,tt3501632,9
user_6,tt3513498,6
user_6,tt3513548,9
user_6,tt3517870,9
user_6,tt3521126,7
user_6,tt3521164,6
user_6,tt3522806,6
user_6,tt3525168,7
user_6,tt3528284,7
user_6,tt3530002,6
user_6,tt3531824,8
user_6,tt3532216,7
user_6,tt3540016,9
user_6,tt3544112,9
user_6,tt3553976,9
user_6,tt3562786,5
user_6,tt3567194,7
user_6,tt3567288,6
user_6,tt3569230,7
user_6,tt3605418,4
user_6,tt3606756,7
user_6,tt3612616,7
user_6,tt3613314,7
user_6,tt3616916,6
user_6,tt3622592,5
user_6,tt3631112,7
user_6,tt3640424,7
user_6,tt3647498,7
user_6,tt3654796,6
user_6,tt3655522,5
user_6,tt3655682,7
user_6,tt3658772,5
user_6,tt3659388,8
user_6,tt3668162,7
user_6,tt3682448,9
user_6,tt3691740,6
user_6,tt3697566,6
user_6,tt3698408,7
user_6,tt3704050,7
user_6,tt3704700,8
user_6,tt3708886,6
user_6,tt3715320,8
user_6,tt3717252,4
user_6,tt3717490,7
user_6,tt3721936,6
user_6,tt3721954,9
user_6,tt3722062,4
user_6,tt3731562,6
user_6,tt3741700,7
user_6,tt3741834,9
user_6,tt3748172,8
user_6,tt3748528,9
user_6,tt3754976,8
user_6,tt3766354,6
user_6,tt3774114,7
user_6,tt3774694,7
user_6,tt3776826,7
user_6,tt3778354,8
user_6,tt3778644,5
user_6,tt3783958,9
user_6,tt3784042,7
user_6,tt3794354,7
user_6,tt3799694,6
user_6,tt3808342,9
user_6,tt3829266,6
user_6,tt3841424,7
user_6,tt3841866,7
user_6,tt3846674,7
user_6,tt3848892,9
user_6,tt3850214,8
user_6,tt3860916,4
user_6,tt3861390,7
user_6,tt3862750,6
user_6,tt3863552,8
user_6,tt3874544,5
user_6,tt3882082,6
user_6,tt3890160,9
user_6,tt3896198,7
user_6,tt3919218,5
user_6,tt3922798,9
user_6,tt3922818,7
user_6,tt3949660,6
user_6,tt3960412,7
user_6,tt3967856,7
user_6,tt3986820,6
user_6,tt3991412,9
user_6,tt4016934,8
user_6,tt4034228,8
user_6,tt4034354,9
user_6,tt4046784,8
user_6,tt4048272,8
user_6,tt4052882,7
user_6,tt4054654,4
user_6,tt4062536,7
user_6,tt4085944,7
user_6,tt4088268,8
user_6,tt4094724,7
user_6,tt4102304,6
user_6,tt4110568,7
user_6,tt4116284,8
user_6,tt4123430,7
user_6,tt4139588,7
user_6,tt4144190,6
user_6,tt4154664,8
user_6,tt4154756,8
user_6,tt4154796,8
user_6,tt4158096,6
user_6,tt4160708,7
user_6,tt4163224,3
user_6,tt4172430,7
user_6,tt4178092,6
user_6,tt4189442,4
user_6,tt4191054,5
user_6,tt4195368,7
user_6,tt4196776,6
user_6,tt4209788,7
user_6,tt4218572,7
user_6,tt4225622,9
user_6,tt4226388,8
user_6,tt4244998,6
user_6,tt4257926,8
user_6,tt4258292,10
user_6,tt4263482,7
user_6,tt4276820,7
user_6,tt4287320,5
user_6,tt4302938,7
user_6,tt4327510,7
user_6,tt4332232,8
user_6,tt4359416,7
user_6,tt4374460,9
user_6,tt4375438,7
user_6,tt4381236,6
user_6,tt4383594,8
user_6,tt4404474,3
user_6,tt4411504,6
user_6,tt4415016,6
user_6,tt4425200,8
user_6,tt4430212,8
user_6,tt4438848,5
user_6,tt4443838,5
user_6,tt4451458,8
user_6,tt4458206,2
user_6,tt4463894,7
user_6,tt4465564,5
user_6,tt4467626,8
user_6,tt4468740,7
user_6,tt4477536,5
user_6,tt4481414,7
user_6,tt4500922,7
user_6,tt4501244,6
user_6,tt4504044,5
user_6,tt4520988,7
user_6,tt4530422,7
user_6,tt4540710,7
user_6,tt4547056,8
user_6,tt4550098,8
user_6,tt4555426,7
user_6,tt4560436,4
user_6,tt4572514,5
user_6,tt4575576,7
user_6,tt4585660,6
user_6,tt4595882,7
user_6,tt4630562,8
user_6,tt4633690,7
user_6,tt4633694,9
user_6,tt4635372,8
user_6,tt4649466,8
user_6,tt4651520,6
user_6,tt4669264,6
user_6,tt4675030,4
user_6,tt4680182,5
user_6,tt4682786,8
user_6,tt4686844,6
user_6,tt4687108,6
user_6,tt4695012,6
user_6,tt4698684,9
user_6,tt4701182,5
user_6,tt4703048,6
user_6,tt4714782,5
user_6,tt4721400,4
user_6,tt4729430,8
user_6,tt4731136,7
user_6,tt4776998,7
user_6,tt4779682,4
user_6,tt4786282,7
user_6,tt4795124,6
user_6,tt4799050,8
user_6,tt4815122,6
user_6,tt4823434,5
user_6,tt4824308,5
user_6,tt4827922,7
user_6,tt4846232,8
user_6,tt4846340,7
user_6,tt4857264,8
user_6,tt4877122,6
user_6,tt4878482,6
user_6,tt4881806,7
user_6,tt4901306,6
user_6,tt4909982,8
user_6,tt4911996,7
user_6,tt4912910,9
user_6,tt4925292,8
user_6,tt4940416,8
user_6,tt4954522,7
user_6,tt4972582,9
user_6,tt4975722,6
user_6,tt4981966,7
user_6,tt4986134,7
user_6,tt4995790,7
user_6,tt5001718,6
user_6,tt5013056,7
user_6,tt5022702,7
user_6,tt5027774,7
user_6,tt5028340,7
user_6,tt5033998,6
user_6,tt5038448,7
user_6,tt5050200,6
user_6,tt5052448,7
user_6,tt5052474,7
user_6,tt5057140,5
user_6,tt5059406,4
user_6,tt5068280,7
user_6,tt5074352,10
user_6,tt5083738,7
user_6,tt5095030,7
user_6,tt5096536,5
user_6,tt5104604,9
user_6,tt5109784,6
user_6,tt5116302,8
user_6,tt5121816,6
user_6,tt5140878,5
user_6,tt5164184,7
user_6,tt5164214,6
user_6,tt5164432,7
user_6,tt5168192,7
user_6,tt5179598,6
user_6,tt5208950,6
user_6,tt5247022,7
user_6,tt5247042,3
user_6,tt5254868,6
user_6,tt5286444,10
user_6,tt5287168,7
user_6,tt5294550,7
user_6,tt5297256,8
user_6,tt5308322,7
user_6,tt5311514,8
user_6,tt5322012,5
user_6,tt5323662,8
user_6,tt5362988,9
user_6,tt5390504,9
user_6,tt5397194,6
user_6,tt5436228,6
user_6,tt5439796,7
user_6,tt5442430,7
user_6,tt5460276,8
user_6,tt5462602,8
user_6,tt5463162,9
user_6,tt5464234,6
user_6,tt5468130,5
user_6,tt5477566,8
user_6,tt5480782,6
user_6,tt5491920,5
user_6,tt5501104,7
user_6,tt5519340,6
user_6,tt5536736,8
user_6,tt5539054,4
user_6,tt5541240,9
user_6,tt5563334,7
user_6,tt5580036,9
user_6,tt5580390,8
user_6,tt5589816,5
user_6,tt5592248,5
user_6,tt5606664,7
user_6,tt5610554,6
user_6,tt5611648,8
user_6,tt5613484,7
user_6,tt5628792,7
user_6,tt5638642,6
user_6,tt5640450,7
user_6,tt5649144,7
user_6,tt5657280,5
user_6,tt5657846,6
user_6,tt5657856,6
user_6,tt5687334,8
user_6,tt5688932,7
user_6,tt5690360,4
user_6,tt5691084,7
user_6,tt5697572,4
user_6,tt5700182,7
user_6,tt5700672,7
user_6,tt5715874,6
user_6,tt5719700,6
user_6,tt5723286,5
user_6,tt5726086,6
user_6,tt5726616,8
user_6,tt5727208,7
user_6,tt5730150,5
user_6,tt5742374,6
user_6,tt5749596,5
user_6,tt5755594,4
user_6,tt5758778,6
user_6,tt5770864,5
user_6,tt5774060,3
user_6,tt5776858,9
user_6,tt5813916,10
user_6,tt5814060,6
user_6,tt5814534,8
user_6,tt5816682,7
user_6,tt5822564,4
user_6,tt5829040,5
user_6,tt5848272,7
user_6,tt5862312,5
user_6,tt5866930,7
user_6,tt5884052,7
user_6,tt5884234,6
user_6,tt5886046,8
user_6,tt5910350,5
user_6,tt5918074,6
user_6,tt5925772,8
user_6,tt5929754,6
user_6,tt5932728,9
user_6,tt5934922,7
user_6,tt5937296,7
user_6,tt5940448,5
user_6,tt5942864,6
user_6,tt5946668,5
user_6,tt5968394,8
user_6,tt5974388,6
user_6,tt5982852,7
user_6,tt5988370,4
user_6,tt6019206,9
user_6,tt6048922,6
user_6,tt6053438,7
user_6,tt6060156,5
user_6,tt6096958,2
user_6,tt6104206,6
user_6,tt6105098,9
user_6,tt6108090,9
user_6,tt6116856,8
user_6,tt6131450,5
user_6,tt6133466,5
user_6,tt6138688,7
user_6,tt6139732,7
user_6,tt6146586,8
user_6,tt6155172,7
user_6,tt6189022,6
user_6,tt6212478,8
user_6,tt6214928,6
user_6,tt6237966,7
user_6,tt6243140,5
user_6,tt6258486,8
user_6,tt6264938,7
user_6,tt6265828,10
user_6,tt6266538,8
user_6,tt6281650,4
user_6,tt6285944,7
user_6,tt6294822,6
user_6,tt6304046,7
user_6,tt6306064,6
user_6,tt6316138,9
user_6,tt6318954,6
user_6,tt6320628,8
user_6,tt6324278,7
user_6,tt6343314,9
user_6,tt6359956,6
user_6,tt6398184,8
user_6,tt6410564,7
user_6,tt6412452,6
user_6,tt6415416,7
user_6,tt6426028,8
user_6,tt6428676,5
user_6,tt6439020,8
user_6,tt6450186,8
user_6,tt6450804,8
user_6,tt6452574,8
user_6,tt6490394,7
user_6,tt6494418,4
user_6,tt6495770,6
user_6,tt6499752,8
user_6,tt6511932,5
user_6,tt6513120,7
user_6,tt6513656,4
user_6,tt6565702,5
user_6,tt6567396,7
user_6,tt6628102,7
user_6,tt6628394,7
user_6,tt6644200,4
user_6,tt6656262,8
user_6,tt6673612,7
user_6,tt6679794,7
user_6,tt6684714,6
user_6,tt6738136,6
user_6,tt6751668,9
user_6,tt6763252,7
user_6,tt6768578,8
user_6,tt6772950,6
user_6,tt6777370,7
user_6,tt6781982,5
user_6,tt6791096,3
user_6,tt6803046,6
user_6,tt6806448,8
user_6,tt6814914,8
user_6,tt6821012,5
user_6,tt6823368,5
user_6,tt6835806,6
user_6,tt6850820,7
user_6,tt6852872,6
user_6,tt6857112,5
user_6,tt6864046,8
user_6,tt6878038,9
user_6,tt6884200,3
user_6,tt6895746,6
user_6,tt6901252,7
user_6,tt6908274,8
user_6,tt6938828,6
user_6,tt6966692,9
user_6,tt6967980,8
user_6,tt6984258,4
user_6,tt6998518,6
user_6,tt7012864,5
user_6,tt7039208,5
user_6,tt7040874,9
user_6,tt7043012,6
user_6,tt7125860,9
user_6,tt7131622,7
user_6,tt7137380,6
user_6,tt7204348,6
user_6,tt7205942,7
user_6,tt7208564,5
user_6,tt7218518,8
user_6,tt7221896,3
user_6,tt7256866,7
user_6,tt7282468,6
user_6,tt7286456,10
user_6,tt7297336,5
user_6,tt7315484,6
user_6,tt7329656,3
user_6,tt7339248,6
user_6,tt7339792,8
user_6,tt7347846,6
user_6,tt7349662,7
user_6,tt7349950,8
user_6,tt7388562,8
user_6,tt7399470,8
user_6,tt7401588,7
user_6,tt7429708,6
user_6,tt7456310,8
user_6,tt7456312,3
user_6,tt7483318,6
user_6,tt7489816,8
user_6,tt7502322,8
user_6,tt7533846,7
user_6,tt7537738,6
user_6,tt7549996,6
user_6,tt7556122,7
user_6,tt7605074,5
user_6,tt7605922,6
user_6,tt7653254,9
user_6,tt7668842,5
user_6,tt7668870,7
user_6,tt7713068,6
user_6,tt7772580,5
user_6,tt7784604,8
user_6,tt7798634,6
user_6,tt7825208,3
user_6,tt7959026,7
user_6,tt7959216,6
user_6,tt7975244,7
user_6,tt7984734,6
user_6,tt8060624,7
user_6,tt8064418,4
user_6,tt8075192,9
user_6,tt8079248,7
user_6,tt8106534,4
user_6,tt8108198,8
user_6,tt8108200,9
user_6,tt8110330,8
user_6,tt8110640,5
user_6,tt8130968,7
user_6,tt8151874,7
user_6,tt8201170,8
user_6,tt8212958,7
user_6,tt8228288,6
user_6,tt8236336,8
user_6,tt8244784,7
user_6,tt8267604,10
user_6,tt8305806,6
user_6,tt8359822,5
user_6,tt8359848,6
user_6,tt8364368,6
user_6,tt8367814,8
user_6,tt8368406,6
user_6,tt8385474,7
user_6,tt8386898,8
user_6,tt8404614,9
user_6,tt8504014,7
user_6,tt8526872,8
user_6,tt8544498,7
user_6,tt8574252,8
user_6,tt8579674,7
user_6,tt8580274,6
user_6,tt8590896,10
user_6,tt8591986,4
user_6,tt8613070,9
user_6,tt8652728,7
user_6,tt8667334,6
user_6,tt8718300,6
user_6,tt8752474,7
user_6,tt8752498,7
user_6,tt8772262,8
user_6,tt8936646,8
user_6,tt8946378,8
user_6,tt8976710,6
user_6,tt9016016,8
user_6,tt9052870,8
user_6,tt9070230,6
user_6,tt9071322,8
user_6,tt9076562,5
user_6,tt9094002,6
user_6,tt9243946,6
user_6,tt9257484,5
user_6,tt9264336,7
user_6,tt9354842,7
user_6,tt9358486,7
user_6,tt9418878,10
user_6,tt9431740,6
user_6,tt9484998,6
user_6,tt9619798,7
user_6,tt9860728,6
user_7,tt0007367,5
user_7,tt0008443,6
user_7,tt0010323,8
user_7,tt0012349,9
user_7,tt0015324,6
user_7,tt0015864,6
user_7,tt0016005,4
user_7,tt0016544,5
user_7,tt0017136,7
user_7,tt0017832,4
user_7,tt0017925,7
user_7,tt0018328,6
user_7,tt0018455,10
user_7,tt0018528,5
user_7,tt0018773,7
user_7,tt0019254,10
user_7,tt0020629,8
user_7,tt0020806,9
user_7,tt0021165,6
user_7,tt0021749,8
user_7,tt0021814,7
user_7,tt0021884,8
user_7,tt0022100,8
user_7,tt0022879,7
user_7,tt0023042,6
user_7,tt0023349,8
user_7,tt0023563,8
user_7,tt0023856,7
user_7,tt0023940,8
user_7,tt0024216,6
user_7,tt0024353,5
user_7,tt0024453,8
user_7,tt0024561,7
user_7,tt0024747,6
user_7,tt0024894,10
user_7,tt0025316,10
user_7,tt0025586,8
user_7,tt0026138,7
user_7,tt0026663,6
user_7,tt0027260,6
user_7,tt0027552,7
user_7,tt0027958,9
user_7,tt0027977,9
user_7,tt0028010,7
user_7,tt0028436,7
user_7,tt0028665,6
user_7,tt0028950,9
user_7,tt0029335,6
user_7,tt0029583,9
user_7,tt0029942,8
user_7,tt0030433,5
user_7,tt0030631,5
user_7,tt0031088,8
user_7,tt0031381,7
user_7,tt0031385,9
user_7,tt0031679,8
user_7,tt0031885,8
user_7,tt0032043,6
user_7,tt0032138,7
user_7,tt0032455,8
user_7,tt0032551,8
user_7,tt0032553,10
user_7,tt0032851,8
user_7,tt0032904,9
user_7,tt0032910,8
user_7,tt0032976,8
user_7,tt0033253,7
user_7,tt0033436,8
user_7,tt0033467,7
user_7,tt0033477,8
user_7,tt0033563,7
user_7,tt0033870,8
user_7,tt0033922,6
user_7,tt0034145,6
user_7,tt0034162,8
user_7,tt0034248,8
user_7,tt0034492,7
user_7,tt0034583,7
user_7,tt0034587,7
user_7,tt0034770,4
user_7,tt0035093,9
user_7,tt0035140,6
user_7,tt0035151,6
user_7,tt0035423,5
user_7,tt0035446,10
user_7,tt0035770,7
user_7,tt0035881,6
user_7,tt0036342,8
user_7,tt0036613,9
user_7,tt0036716,6
user_7,tt0036775,9
user_7,tt0037008,9
user_7,tt0037059,9
user_7,tt0038071,5
user_7,tt0038109,7
user_7,tt0038190,9
user_7,tt0038355,7
user_7,tt0038650,10
user_7,tt0038787,8
user_7,tt0038991,7
user_7,tt0039040,9
user_7,tt0039243,6
user_7,tt0039628,7
user_7,tt0039748,7
user_7,tt0039822,7
user_7,tt0039825,8
user_7,tt0039926,5
user_7,tt0040068,8
user_7,tt0040321,7
user_7,tt0040366,7
user_7,tt0040500,1
user_7,tt0040501,7
user_7,tt0040522,7
user_7,tt0040550,7
user_7,tt0040580,6
user_7,tt0040725,8
user_7,tt0040746,8
user_7,tt0040798,8
user_7,tt0040897,9
user_7,tt0040979,5
user_7,tt0041154,7
user_7,tt0041327,7
user_7,tt0041452,7
user_7,tt0041546,8
user_7,tt0041594,5
user_7,tt0041838,8
user_7,tt0041928,8
user_7,tt0041959,7
user_7,tt0041996,9
user_7,tt0042192,9
user_7,tt0042325,8
user_7,tt0042332,9
user_7,tt0042804,10
user_7,tt0042876,7
user_7,tt0042994,7
user_7,tt0043014,8
user_7,tt0043265,7
user_7,tt0043274,6
user_7,tt0043278,7
user_7,tt0043465,9
user_7,tt0043687,7
user_7,tt0044079,8
user_7,tt0044081,8
user_7,tt0044413,6
user_7,tt0044706,7
user_7,tt0045152,8
user_7,tt0045594,8
user_7,tt0045758,6
user_7,tt0045886,8
user_7,tt0045897,6
user_7,tt0045920,9
user_7,tt0046022,7
user_7,tt0046036,7
user_7,tt0046183,8
user_7,tt0046204,9
user_7,tt0046250,7
user_7,tt0046268,8
user_7,tt0046359,9
user_7,tt0046431,6
user_7,tt0046451,7
user_7,tt0046478,9
user_7,tt0046672,8
user_7,tt0046754,7
user_7,tt0046912,10
user_7,tt0047150,7
user_7,tt0047296,7
user_7,tt0047377,7
user_7,tt0047396,10
user_7,tt0047422,8
user_7,tt0047437,9
user_7,tt0047445,7
user_7,tt0047478,9
user_7,tt0047647,7
user_7,tt0047811,7
user_7,tt0048280,8
user_7,tt0048281,8
user_7,tt0048411,6
user_7,tt0048424,7
user_7,tt0048445,8
user_7,tt0048473,8
user_7,tt0048545,8
user_7,tt0048579,7
user_7,tt0048641,8
user_7,tt0048657,7
user_7,tt0049223,8
user_7,tt0049366,8
user_7,tt0049406,7
user_7,tt0049456,8
user_7,tt0049470,8
user_7,tt0049552,7
user_7,tt0049674,7
user_7,tt0049730,7
user_7,tt0049833,8
user_7,tt0049902,7
user_7,tt0049966,9
user_7,tt0050083,10
user_7,tt0050105,8
user_7,tt0050212,9
user_7,tt0050371,10
user_7,tt0050468,7
user_7,tt0050613,9
user_7,tt0050706,8
user_7,tt0050766,8
user_7,tt0050825,8
user_7,tt0050976,9
user_7,tt0050986,8
user_7,tt0051036,7
user_7,tt0051055,8
user_7,tt0051201,8
user_7,tt0051378,8
user_7,tt0051475,6
user_7,tt0051554,7
user_7,tt0051570,3
user_7,tt0051879,6
user_7,tt0051887,8
user_7,tt0052131,5
user_7,tt0052264,6
user_7,tt0052311,7
user_7,tt0052357,10
user_7,tt0052365,8
user_7,tt0052561,9
user_7,tt0052572,10
user_7,tt0052600,7
user_7,tt0052618,8
user_7,tt0052905,8
user_7,tt0053125,7
user_7,tt0053137,7
user_7,tt0053143,9
user_7,tt0053168,7
user_7,tt0053182,9
user_7,tt0053198,7
user_7,tt0053221,8
user_7,tt0053240,2
user_7,tt0053285,6
user_7,tt0053291,7
user_7,tt0053363,8
user_7,tt0053434,9
user_7,tt0053472,8
user_7,tt0053604,8
user_7,tt0053619,6
user_7,tt0053717,7
user_7,tt0053719,7
user_7,tt0054033,6
user_7,tt0054047,8
user_7,tt0054215,8
user_7,tt0054269,8
user_7,tt0054279,7
user_7,tt0054331,7
user_7,tt0054387,9
user_7,tt0054389,8
user_7,tt0054393,4
user_7,tt0054698,9
user_7,tt0054727,7
user_7,tt0054997,6
user_7,tt0055018,8
user_7,tt0055031,10
user_7,tt0055186,7
user_7,tt0055233,10
user_7,tt0055254,7
user_7,tt0055614,7
user_7,tt0055630,7
user_7,tt0055798,7
user_7,tt0055928,7
user_7,tt0056058,7
user_7,tt0056085,7
user_7,tt0056111,9
user_7,tt0056172,6
user_7,tt0056193,9
user_7,tt0056197,7
user_7,tt0056218,9
user_7,tt0056443,9
user_7,tt0056556,7
user_7,tt0056592,8
user_7,tt0056736,8
user_7,tt0056801,8
user_7,tt0056869,9
user_7,tt0056906,5
user_7,tt0056923,8
user_7,tt0056937,7
user_7,tt0057012,7
user_7,tt0057063,6
user_7,tt0057076,10
user_7,tt0057115,10
user_7,tt0057176,7
user_7,tt0057187,7
user_7,tt0057261,7
user_7,tt0057358,7
user_7,tt0057422,7
user_7,tt0057495,8
user_7,tt0057546,6
user_7,tt0057556,6
user_7,tt0057565,8
user_7,tt0058150,7
user_7,tt0058202,5
user_7,tt0058329,8
user_7,tt0058331,8
user_7,tt0058333,8
user_7,tt0058390,6
user_7,tt0058461,9
user_7,tt0058548,3
user_7,tt0058777,8
user_7,tt0058898,7
user_7,tt0058946,9
user_7,tt0059049,6
user_7,tt0059095,7
user_7,tt0059113,7
user_7,tt0059162,5
user_7,tt0059245,9
user_7,tt0059274,7
user_7,tt0059578,8
user_7,tt0059646,7
user_7,tt0059712,7
user_7,tt0059742,7
user_7,tt0059798,7
user_7,tt0059800,9
user_7,tt0060107,8
user_7,tt0060196,9
user_7,tt0060400,7
user_7,tt0060438,5
user_7,tt0060543,8
user_7,tt0060666,3
user_7,tt0060827,7
user_7,tt0060934,7
user_7,tt0060983,7
user_7,tt0061015,6
user_7,tt0061191,1
user_7,tt0061391,7
user_7,tt0061395,6
user_7,tt0061411,6
user_7,tt0061418,9
user_7,tt0061512,7
user_7,tt0061578,7
user_7,tt0061597,9
user_7,tt0061619,9
user_7,tt0061722,9
user_7,tt0061791,7
user_7,tt0061811,8
user_7,tt0061852,7
user_7,tt0062229,7
user_7,tt0062512,6
user_7,tt0062622,8
user_7,tt0062765,7
user_7,tt0062803,8
user_7,tt0062994,7
user_7,tt0063350,9
user_7,tt0063442,9
user_7,tt0063456,9
user_7,tt0063522,9
user_7,tt0063829,6
user_7,tt0063850,6
user_7,tt0064115,8
user_7,tt0064116,9
user_7,tt0064217,7
user_7,tt0064265,8
user_7,tt0064276,7
user_7,tt0064505,8
user_7,tt0064665,8
user_7,tt0064729,3
user_7,tt0064757,8
user_7,tt0065134,7
user_7,tt0065207,8
user_7,tt0065214,9
user_7,tt0065226,6
user_7,tt0065331,9
user_7,tt0065421,5
user_7,tt0065462,8
user_7,tt0065466,6
user_7,tt0065509,8
user_7,tt0065570,6
user_7,tt0065788,9
user_7,tt0065854,7
user_7,tt0065988,8
user_7,tt0066026,6
user_7,tt0066206,7
user_7,tt0066212,7
user_7,tt0066301,7
user_7,tt0066434,5
user_7,tt0066601,6
user_7,tt0066743,7
user_7,tt0066763,8
user_7,tt0066765,8
user_7,tt0066819,9
user_7,tt0066921,9
user_7,tt0066993,9
user_7,tt0066995,5
user_7,tt0066999,8
user_7,tt0067093,8
user_7,tt0067116,6
user_7,tt0067185,6
user_7,tt0067229,6
user_7,tt0067315,8
user_7,tt0067549,7
user_7,tt0067741,7
user_7,tt0067778,7
user_7,tt0067800,8
user_7,tt0067919,8
user_7,tt0067992,7
user_7,tt0068154,8
user_7,tt0068240,7
user_7,tt0068326,8
user_7,tt0068327,6
user_7,tt0068473,6
user_7,tt0068555,7
user_7,tt0068646,9
user_7,tt0068713,7
user_7,tt0068724,7
user_7,tt0068767,8
user_7,tt0068833,5
user_7,tt0069017,7
user_7,tt0069097,8
user_7,tt0069103,7
user_7,tt0069113,9
user_7,tt0069142,5
user_7,tt0069281,8
user_7,tt0069293,9
user_7,tt0069495,9
user_7,tt0069704,9
user_7,tt0069945,8
user_7,tt0069947,6
user_7,tt0070034,6
user_7,tt0070047,7
user_7,tt0070130,7
user_7,tt0070328,7
user_7,tt0070379,5
user_7,tt0070510,5
user_7,tt0070511,8
user_7,tt0070608,8
user_7,tt0070643,5
user_7,tt0070666,9
user_7,tt0070723,6
user_7,tt0070735,8
user_7,tt0070909,7
user_7,tt0070916,6
user_7,tt0070917,8
user_7,tt0070948,6
user_7,tt0071110,6
user_7,tt0071222,7
user_7,tt0071230,9
user_7,tt0071315,8
user_7,tt0071360,7
user_7,tt0071381,6
user_7,tt0071406,9
user_7,tt0071562,7
user_7,tt0071569,7
user_7,tt0071733,8
user_7,tt0071807,7
user_7,tt0071853,8
user_7,tt0071935,7
user_7,tt0072226,6
user_7,tt0072271,7
user_7,tt0072288,8
user_7,tt0072308,5
user_7,tt0072431,8
user_7,tt0072684,10
user_7,tt0072730,7
user_7,tt0072869,6
user_7,tt0072890,8
user_7,tt0073012,5
user_7,tt0073113,5
user_7,tt0073195,7
user_7,tt0073341,7
user_7,tt0073349,7
user_7,tt0073396,3
user_7,tt0073406,7
user_7,tt0073453,5
user_7,tt0073461,5
user_7,tt0073486,9
user_7,tt0073540,8
user_7,tt0073629,8
user_7,tt0073631,7
user_7,tt0073692,7
user_7,tt0073707,8
user_7,tt0073802,9
user_7,tt0074102,7
user_7,tt0074119,10
user_7,tt0074152,8
user_7,tt0074285,7
user_7,tt0074483,6
user_7,tt0074486,7
user_7,tt0074591,7
user_7,tt0074686,5
user_7,tt0074751,6
user_7,tt0074812,7
user_7,tt0074851,6
user_7,tt0074860,5
user_7,tt0074899,7
user_7,tt0074958,6
user_7,tt0075005,10
user_7,tt0075029,8
user_7,tt0075148,7
user_7,tt0075162,8
user_7,tt0075213,8
user_7,tt0075305,7
user_7,tt0075314,6
user_7,tt0075467,9
user_7,tt0075686,8
user_7,tt0075801,4
user_7,tt0075860,8
user_7,tt0075930,6
user_7,tt0076085,7
user_7,tt0076155,9
user_7,tt0076175,8
user_7,tt0076261,5
user_7,tt0076280,9
user_7,tt0076299,9
user_7,tt0076618,9
user_7,tt0076630,6
user_7,tt0076636,6
user_7,tt0076666,5
user_7,tt0076670,5
user_7,tt0076752,7
user_7,tt0076759,9
user_7,tt0076786,8
user_7,tt0076814,5
user_7,tt0077276,9
user_7,tt0077289,6
user_7,tt0077355,9
user_7,tt0077402,8
user_7,tt0077416,7
user_7,tt0077474,7
user_7,tt0077530,7
user_7,tt0077631,9
user_7,tt0077651,7
user_7,tt0077663,7
user_7,tt0077681,6
user_7,tt0077766,7
user_7,tt0077834,3
user_7,tt0077914,6
user_7,tt0077975,8
user_7,tt0078128,6
user_7,tt0078163,5
user_7,tt0078239,4
user_7,tt0078346,8
user_7,tt0078446,7
user_7,tt0078748,10
user_7,tt0078754,6
user_7,tt0078788,8
user_7,tt0079116,8
user_7,tt0079182,7
user_7,tt0079417,7
user_7,tt0079470,8
user_7,tt0079501,6
user_7,tt0079522,8
user_7,tt0079574,7
user_7,tt0079588,8
user_7,tt0079668,7
user_7,tt0079817,8
user_7,tt0079854,9
user_7,tt0079944,7
user_7,tt0079945,5
user_7,tt0080057,8
user_7,tt0080120,8
user_7,tt0080339,6
user_7,tt0080360,6
user_7,tt0080377,8
user_7,tt0080455,7
user_7,tt0080487,6
user_7,tt0080569,8
user_7,tt0080661,6
user_7,tt0080678,7
user_7,tt0080684,9
user_7,tt0080716,5
user_7,tt0080745,8
user_7,tt0080749,6
user_7,tt0080761,6
user_7,tt0080801,8
user_7,tt0080808,5
user_7,tt0080855,7
user_7,tt0080923,5
user_7,tt0080929,6
user_7,tt0080979,8
user_7,tt0081283,6
user_7,tt0081398,7
user_7,tt0081505,8
user_7,tt0081534,7
user_7,tt0081547,7
user_7,tt0081562,5
user_7,tt0081573,6
user_7,tt0081672,7
user_7,tt0081777,6
user_7,tt0082010,7
user_7,tt0082089,8
user_7,tt0082096,6
user_7,tt0082198,8
user_7,tt0082340,7
user_7,tt0082352,7
user_7,tt0082377,8
user_7,tt0082398,8
user_7,tt0082474,7
user_7,tt0082484,9
user_7,tt0082533,5
user_7,tt0082694,6
user_7,tt0082783,6
user_7,tt0082971,10
user_7,tt0083053,7
user_7,tt0083131,6
user_7,tt0083511,6
user_7,tt0083530,6
user_7,tt0083549,7
user_7,tt0083658,9
user_7,tt0083675,7
user_7,tt0083722,6
user_7,tt0083833,8
user_7,tt0083866,7
user_7,tt0083907,7
user_7,tt0083929,6
user_7,tt0083944,8
user_7,tt0083946,9
user_7,tt0083987,7
user_7,tt0084090,5
user_7,tt0084302,9
user_7,tt0084358,8
user_7,tt0084423,7
user_7,tt0084503,8
user_7,tt0084516,8
user_7,tt0084522,6
user_7,tt0084586,7
user_7,tt0084602,7
user_7,tt0084649,8
user_7,tt0084726,7
user_7,tt0084787,6
user_7,tt0084805,8
user_7,tt0084809,8
user_7,tt0084827,9
user_7,tt0085224,2
user_7,tt0085271,7
user_7,tt0085334,7
user_7,tt0085407,7
user_7,tt0085478,8
user_7,tt0085533,6
user_7,tt0085636,3
user_7,tt0085701,7
user_7,tt0085794,7
user_7,tt0085894,8
user_7,tt0085959,9
user_7,tt0085995,7
user_7,tt0086006,6
user_7,tt0086034,9
user_7,tt0086058,5
user_7,tt0086066,8
user_7,tt0086176,4
user_7,tt0086190,8
user_7,tt0086197,10
user_7,tt0086200,6
user_7,tt0086216,7
user_7,tt0086250,10
user_7,tt0086282,7
user_7,tt0086383,6
user_7,tt0086425,9
user_7,tt0086465,7
user_7,tt0086541,7
user_7,tt0086567,7
user_7,tt0086637,8
user_7,tt0086837,7
user_7,tt0086856,8
user_7,tt0086873,7
user_7,tt0086879,9
user_7,tt0086960,7
user_7,tt0086973,4
user_7,tt0086979,9
user_7,tt0087003,10
user_7,tt0087050,6
user_7,tt0087078,7
user_7,tt0087100,7
user_7,tt0087123,9
user_7,tt0087182,6
user_7,tt0087298,6
user_7,tt0087332,7
user_7,tt0087344,6
user_7,tt0087363,8
user_7,tt0087425,5
user_7,tt0087451,7
user_7,tt0087469,8
user_7,tt0087507,6
user_7,tt0087520,7
user_7,tt0087538,7
user_7,tt0087544,9
user_7,tt0087747,6
user_7,tt0087800,7
user_7,tt0087803,8
user_7,tt0087843,10
user_7,tt0087884,10
user_7,tt0087928,6
user_7,tt0087932,8
user_7,tt0087985,6
user_7,tt0088000,9
user_7,tt0088011,9
user_7,tt0088083,6
user_7,tt0088128,9
user_7,tt0088170,5
user_7,tt0088247,8
user_7,tt0088258,7
user_7,tt0088286,7
user_7,tt0088323,9
user_7,tt0088680,7
user_7,tt0088763,7
user_7,tt0088794,8
user_7,tt0088846,8
user_7,tt0088847,10
user_7,tt0088930,8
user_7,tt0088939,6
user_7,tt0088944,6
user_7,tt0088967,8
user_7,tt0088993,6
user_7,tt0089009,7
user_7,tt0089175,8
user_7,tt0089206,7
user_7,tt0089218,8
user_7,tt0089393,4
user_7,tt0089461,6
user_7,tt0089530,5
user_7,tt0089755,6
user_7,tt0089841,8
user_7,tt0089853,5
user_7,tt0089880,6
user_7,tt0089881,8
user_7,tt0089885,7
user_7,tt0089886,9
user_7,tt0089908,6
user_7,tt0089927,8
user_7,tt0089941,5
user_7,tt0089997,5
user_7,tt0090056,6
user_7,tt0090180,6
user_7,tt0090305,6
user_7,tt0090329,8
user_7,tt0090555,7
user_7,tt0090605,10
user_7,tt0090633,7
user_7,tt0090713,7
user_7,tt0090728,8
user_7,tt0090756,5
user_7,tt0090798,6
user_7,tt0090859,5
user_7,tt0090863,7
user_7,tt0090927,5
user_7,tt0091042,8
user_7,tt0091059,9
user_7,tt0091064,8
user_7,tt0091129,7
user_7,tt0091167,7
user_7,tt0091203,7
user_7,tt0091217,9
user_7,tt0091251,7
user_7,tt0091276,6
user_7,tt0091288,8
user_7,tt0091326,4
user_7,tt0091369,7
user_7,tt0091406,8
user_7,tt0091419,7
user_7,tt0091445,5
user_7,tt0091474,9
user_7,tt0091541,8
user_7,tt0091557,5
user_7,tt0091605,8
user_7,tt0091630,7
user_7,tt0091635,7
user_7,tt0091763,8
user_7,tt0091778,5
user_7,tt0091790,7
user_7,tt0091830,8
user_7,tt0091860,8
user_7,tt0091939,7
user_7,tt0091949,7
user_7,tt0092005,7
user_7,tt0092007,7
user_7,tt0092067,9
user_7,tt0092086,7
user_7,tt0092099,6
user_7,tt0092117,6
user_7,tt0092501,7
user_7,tt0092563,8
user_7,tt0092603,7
user_7,tt0092626,6
user_7,tt0092644,5
user_7,tt0092675,7
user_7,tt0092699,7
user_7,tt0092796,6
user_7,tt0092797,7
user_7,tt0092890,7
user_7,tt0092925,5
user_7,tt0092965,8
user_7,tt0092991,8
user_7,tt0093010,6
user_7,tt0093031,5
user_7,tt0093058,7
user_7,tt0093104,8
user_7,tt0093105,8
user_7,tt0093177,7
user_7,tt0093389,7
user_7,tt0093409,7
user_7,tt0093428,10
user_7,tt0093437,8
user_7,tt0093493,6
user_7,tt0093507,4
user_7,tt0093543,8
user_7,tt0093560,8
user_7,tt0093621,9
user_7,tt0093640,8
user_7,tt0093692,6
user_7,tt0093748,9
user_7,tt0093756,4
user_7,tt0093773,9
user_7,tt0093779,7
user_7,tt0093822,7
user_7,tt0093870,7
user_7,tt0093886,6
user_7,tt0093894,6
user_7,tt0093995,6
user_7,tt0094006,9
user_7,tt0094012,6
user_7,tt0094027,8
user_7,tt0094082,5
user_7,tt0094137,6
user_7,tt0094226,7
user_7,tt0094291,7
user_7,tt0094332,7
user_7,tt0094336,6
user_7,tt0094602,7
user_7,tt0094620,5
user_7,tt0094625,8
user_7,tt0094663,7
user_7,tt0094712,4
user_7,tt0094721,6
user_7,tt0094737,9
user_7,tt0094761,5
user_7,tt0094812,8
user_7,tt0094862,6
user_7,tt0094888,8
user_7,tt0094898,7
user_7,tt0094947,7
user_7,tt0094961,5
user_7,tt0094963,5
user_7,tt0094964,6
user_7,tt0095016,8
user_7,tt0095094,3
user_7,tt0095159,8
user_7,tt0095270,7
user_7,tt0095327,7
user_7,tt0095489,7
user_7,tt0095497,8
user_7,tt0095511,8
user_7,tt0095593,8
user_7,tt0095631,7
user_7,tt0095647,8
user_7,tt0095690,6
user_7,tt0095705,8
user_7,tt0095765,8
user_7,tt0095953,9
user_7,tt0095956,4
user_7,tt0095963,5
user_7,tt0096061,7
user_7,tt0096163,9
user_7,tt0096240,6
user_7,tt0096244,6
user_7,tt0096251,8
user_7,tt0096256,8
user_7,tt0096283,8
user_7,tt0096320,6
user_7,tt0096332,9
user_7,tt0096438,9
user_7,tt0096446,6
user_7,tt0096487,9
user_7,tt0096734,7
user_7,tt0096754,8
user_7,tt0096787,6
user_7,tt0096874,9
user_7,tt0096895,8
user_7,tt0096928,7
user_7,tt0096933,6
user_7,tt0096969,9
user_7,tt0097027,7
user_7,tt0097074,6
user_7,tt0097108,5
user_7,tt0097165,8
user_7,tt0097216,8
user_7,tt0097223,7
user_7,tt0097239,7
user_7,tt0097328,7
user_7,tt0097351,7
user_7,tt0097366,5
user_7,tt0097390,7
user_7,tt0097428,8
user_7,tt0097441,8
user_7,tt0097523,7
user_7,tt0097576,10
user_7,tt0097626,6
user_7,tt0097659,7
user_7,tt0097733,6
user_7,tt0097742,8
user_7,tt0097757,7
user_7,tt0097778,6
user_7,tt0097814,7
user_7,tt0097815,6
user_7,tt0097889,6
user_7,tt0097937,7
user_7,tt0097958,6
user_7,tt0097981,5
user_7,tt0098067,6
user_7,tt0098084,7
user_7,tt0098180,4
user_7,tt0098206,7
user_7,tt0098244,8
user_7,tt0098258,8
user_7,tt0098282,7
user_7,tt0098323,9
user_7,tt0098354,8
user_7,tt0098439,5
user_7,tt0098502,4
user_7,tt0098546,8
user_7,tt0098554,9
user_7,tt0098621,8
user_7,tt0098627,6
user_7,tt0098635,7
user_7,tt0099044,4
user_7,tt0099052,6
user_7,tt0099077,8
user_7,tt0099088,6
user_7,tt0099310,7
user_7,tt0099329,5
user_7,tt0099348,7
user_7,tt0099371,6
user_7,tt0099385,5
user_7,tt0099423,7
user_7,tt0099487,9
user_7,tt0099582,9
user_7,tt0099614,4
user_7,tt0099653,8
user_7,tt0099674,7
user_7,tt0099685,8
user_7,tt0099700,6
user_7,tt0099703,9
user_7,tt0099776,9
user_7,tt0099785,7
user_7,tt0099800,7
user_7,tt0099810,7
user_7,tt0099871,7
user_7,tt0099938,5
user_7,tt0100014,7
user_7,tt0100024,8
user_7,tt0100047,6
user_7,tt0100050,5
user_7,tt0100133,6
user_7,tt0100150,8
user_7,tt0100157,7
user_7,tt0100201,7
user_7,tt0100234,8
user_7,tt0100240,3
user_7,tt0100263,8
user_7,tt0100303,7
user_7,tt0100318,8
user_7,tt0100403,5
user_7,tt0100404,8
user_7,tt0100405,9
user_7,tt0100502,4
user_7,tt0100507,5
user_7,tt0100514,7
user_7,tt0100530,7
user_7,tt0100605,8
user_7,tt0100758,7
user_7,tt0100802,8
user_7,tt0100814,8
user_7,tt0100935,6
user_7,tt0100944,8
user_7,tt0100994,6
user_7,tt0100998,8
user_7,tt0101020,9
user_7,tt0101264,3
user_7,tt0101272,9
user_7,tt0101329,6
user_7,tt0101393,7
user_7,tt0101410,7
user_7,tt0101412,4
user_7,tt0101414,7
user_7,tt0101444,7
user_7,tt0101452,7
user_7,tt0101507,8
user_7,tt0101516,6
user_7,tt0101540,9
user_7,tt0101700,7
user_7,tt0101757,8
user_7,tt0101761,7
user_7,tt0101765,8
user_7,tt0101775,7
user_7,tt0101862,7
user_7,tt0101889,8
user_7,tt0101921,10
user_7,tt0102034,4
user_7,tt0102057,7
user_7,tt0102059,6
user_7,tt0102138,8
user_7,tt0102216,6
user_7,tt0102250,8
user_7,tt0102266,6
user_7,tt0102293,8
user_7,tt0102395,5
user_7,tt0102426,6
user_7,tt0102492,7
user_7,tt0102494,8
user_7,tt0102510,5
user_7,tt0102511,8
user_7,tt0102536,8
user_7,tt0102555,5
user_7,tt0102558,5
user_7,tt0102685,8
user_7,tt0102729,5
user_7,tt0102798,7
user_7,tt0102926,8
user_7,tt0102975,7
user_7,tt0103030,6
user_7,tt0103064,7
user_7,tt0103069,7
user_7,tt0103074,8
user_7,tt0103103,7
user_7,tt0103112,7
user_7,tt0103190,10
user_7,tt0103241,7
user_7,tt0103247,8
user_7,tt0103325,6
user_7,tt0103639,9
user_7,tt0103644,9
user_7,tt0103743,7
user_7,tt0103759,6
user_7,tt0103772,5
user_7,tt0103776,8
user_7,tt0103855,5
user_7,tt0103873,8
user_7,tt0103874,8
user_7,tt0103905,7
user_7,tt0103923,5
user_7,tt0104070,4
user_7,tt0104187,6
user_7,tt0104231,6
user_7,tt0104257,9
user_7,tt0104291,7
user_7,tt0104299,7
user_7,tt0104348,9
user_7,tt0104409,5
user_7,tt0104431,9
user_7,tt0104437,4
user_7,tt0104454,7
user_7,tt0104558,7
user_7,tt0104561,9
user_7,tt0104652,8
user_7,tt0104691,6
user_7,tt0104714,7
user_7,tt0104745,8
user_7,tt0104797,6
user_7,tt0104815,8
user_7,tt0104860,9
user_7,tt0104868,7
user_7,tt0104905,5
user_7,tt0104952,6
user_7,tt0105059,4
user_7,tt0105104,7
user_7,tt0105112,6
user_7,tt0105151,6
user_7,tt0105236,7
user_7,tt0105275,6
user_7,tt0105323,7
user_7,tt0105402,5
user_7,tt0105414,8
user_7,tt0105417,7
user_7,tt0105435,8
user_7,tt0105459,6
user_7,tt0105500,5
user_7,tt0105508,8
user_7,tt0105575,8
user_7,tt0105585,6
user_7,tt0105643,3
user_7,tt0105665,9
user_7,tt0105690,7
user_7,tt0105695,8
user_7,tt0105698,7
user_7,tt0105793,7
user_7,tt0105812,7
user_7,tt0105919,6
user_7,tt0106220,6
user_7,tt0106226,8
user_7,tt0106246,8
user_7,tt0106308,9
user_7,tt0106342,6
user_7,tt0106375,5
user_7,tt0106469,8
user_7,tt0106489,8
user_7,tt0106500,7
user_7,tt0106505,5
user_7,tt0106519,7
user_7,tt0106579,8
user_7,tt0106582,7
user_7,tt0106611,7
user_7,tt0106673,4
user_7,tt0106677,9
user_7,tt0106697,6
user_7,tt0106701,6
user_7,tt0106856,9
user_7,tt0106918,6
user_7,tt0106941,6
user_7,tt0106950,5
user_7,tt0106965,6
user_7,tt0106977,8
user_7,tt0107034,7
user_7,tt0107048,6
user_7,tt0107050,6
user_7,tt0107076,7
user_7,tt0107120,6
user_7,tt0107144,7
user_7,tt0107151,7
user_7,tt0107206,7
user_7,tt0107207,9
user_7,tt0107212,7
user_7,tt0107290,7
user_7,tt0107302,6
user_7,tt0107362,7
user_7,tt0107497,7
user_7,tt0107529,6
user_7,tt0107554,8
user_7,tt0107614,6
user_7,tt0107616,10
user_7,tt0107630,7
user_7,tt0107688,7
user_7,tt0107798,5
user_7,tt0107808,7
user_7,tt0107818,9
user_7,tt0107943,10
user_7,tt0107969,5
user_7,tt0107977,5
user_7,tt0107978,4
user_7,tt0107979,6
user_7,tt0108037,7
user_7,tt0108052,9
user_7,tt0108065,9
user_7,tt0108071,9
user_7,tt0108147,6
user_7,tt0108160,8
user_7,tt0108162,6
user_7,tt0108234,5
user_7,tt0108238,4
user_7,tt0108258,7
user_7,tt0108308,5
user_7,tt0108330,8
user_7,tt0108358,9
user_7,tt0108399,6
user_7,tt0108550,8
user_7,tt0108569,6
user_7,tt0109040,7
user_7,tt0109045,6
user_7,tt0109068,6
user_7,tt0109117,8
user_7,tt0109303,7
user_7,tt0109348,8
user_7,tt0109361,7
user_7,tt0109370,6
user_7,tt0109444,8
user_7,tt0109445,9
user_7,tt0109446,7
user_7,tt0109447,6
user_7,tt0109484,5
user_7,tt0109506,7
user_7,tt0109575,6
user_7,tt0109579,7
user_7,tt0109635,5
user_7,tt0109686,6
user_7,tt0109707,10
user_7,tt0109813,7
user_7,tt0109830,9
user_7,tt0109831,5
user_7,tt0109836,6
user_7,tt0110074,7
user_7,tt0110148,8
user_7,tt0110265,6
user_7,tt0110322,7
user_7,tt0110353,5
user_7,tt0110357,9
user_7,tt0110364,6
user_7,tt0110413,8
user_7,tt0110475,5
user_7,tt0110478,6
user_7,tt0110622,8
user_7,tt0110632,6
user_7,tt0110638,5
user_7,tt0110678,7
user_7,tt0110759,7
user_7,tt0110763,7
user_7,tt0110771,6
user_7,tt0110912,9
user_7,tt0110922,8
user_7,tt0110955,5
user_7,tt0110989,7
user_7,tt0110997,6
user_7,tt0111070,6
user_7,tt0111161,8
user_7,tt0111252,7
user_7,tt0111257,7
user_7,tt0111280,7
user_7,tt0111282,8
user_7,tt0111301,3
user_7,tt0111495,6
user_7,tt0111503,7
user_7,tt0111507,8
user_7,tt0111686,8
user_7,tt0111742,5
user_7,tt0112281,6
user_7,tt0112384,9
user_7,tt0112401,4
user_7,tt0112431,8
user_7,tt0112442,7
user_7,tt0112453,6
user_7,tt0112461,8
user_7,tt0112462,6
user_7,tt0112471,7
user_7,tt0112508,7
user_7,tt0112573,8
user_7,tt0112579,8
user_7,tt0112641,7
user_7,tt0112642,6
user_7,tt0112697,9
user_7,tt0112722,7
user_7,tt0112740,7
user_7,tt0112800,7
user_7,tt0112817,9
user_7,tt0112818,8
user_7,tt0112851,8
user_7,tt0112864,8
user_7,tt0112873,4
user_7,tt0112883,5
user_7,tt0112887,6
user_7,tt0112896,5
user_7,tt0112942,5
user_7,tt0113071,8
user_7,tt0113101,7
user_7,tt0113115,8
user_7,tt0113117,6
user_7,tt0113118,8
user_7,tt0113189,6
user_7,tt0113198,6
user_7,tt0113243,8
user_7,tt0113247,7
user_7,tt0113277,10
user_7,tt0113326,6
user_7,tt0113409,8
user_7,tt0113448,6
user_7,tt0113481,7
user_7,tt0113492,4
user_7,tt0113497,7
user_7,tt0113568,8
user_7,tt0113627,7
user_7,tt0113649,8
user_7,tt0113670,8
user_7,tt0113690,6
user_7,tt0113749,7
user_7,tt0113762,3
user_7,tt0113819,6
user_7,tt0113824,8
user_7,tt0113855,8
user_7,tt0113947,8
user_7,tt0113957,4
user_7,tt0113986,6
user_7,tt0114057,6
user_7,tt0114069,7
user_7,tt0114148,7
user_7,tt0114194,7
user_7,tt0114214,6
user_7,tt0114319,6
user_7,tt0114369,9
user_7,tt0114388,10
user_7,tt0114466,4
user_7,tt0114508,5
user_7,tt0114558,7
user_7,tt0114615,6
user_7,tt0114694,7
user_7,tt0114709,10
user_7,tt0114726,5
user_7,tt0114746,7
user_7,tt0114808,9
user_7,tt0114814,8
user_7,tt0114887,7
user_7,tt0114898,8
user_7,tt0114906,8
user_7,tt0114917,7
user_7,tt0114924,8
user_7,tt0115005,7
user_7,tt0115433,7
user_7,tt0115448,6
user_7,tt0115624,4
user_7,tt0115639,7
user_7,tt0115640,8
user_7,tt0115685,7
user_7,tt0115736,7
user_7,tt0115759,4
user_7,tt0115781,6
user_7,tt0115798,8
user_7,tt0115814,5
user_7,tt0115857,4
user_7,tt0115956,6
user_7,tt0115963,8
user_7,tt0115964,6
user_7,tt0115986,6
user_7,tt0116040,6
user_7,tt0116136,6
user_7,tt0116209,8
user_7,tt0116213,6
user_7,tt0116225,8
user_7,tt0116231,8
user_7,tt0116250,5
user_7,tt0116282,7
user_7,tt0116329,5
user_7,tt0116365,7
user_7,tt0116367,8
user_7,tt0116477,6
user_7,tt0116483,8
user_7,tt0116493,7
user_7,tt0116508,6
user_7,tt0116583,5
user_7,tt0116629,6
user_7,tt0116654,5
user_7,tt0116675,5
user_7,tt0116683,8
user_7,tt0116684,6
user_7,tt0116695,7
user_7,tt0116705,4
user_7,tt0116722,6
user_7,tt0116768,8
user_7,tt0116778,7
user_7,tt0116823,6
user_7,tt0116830,6
user_7,tt0116833,6
user_7,tt0116860,8
user_7,tt0116908,8
user_7,tt0116922,7
user_7,tt0116996,6
user_7,tt0117008,7
user_7,tt0117011,5
user_7,tt0117039,7
user_7,tt0117056,8
user_7,tt0117060,8
user_7,tt0117102,4
user_7,tt0117119,8
user_7,tt0117218,6
user_7,tt0117286,6
user_7,tt0117318,6
user_7,tt0117331,5
user_7,tt0117333,5
user_7,tt0117381,9
user_7,tt0117394,9
user_7,tt0117420,6
user_7,tt0117438,8
user_7,tt0117500,8
user_7,tt0117509,7
user_7,tt0117571,6
user_7,tt0117615,9
user_7,tt0117631,8
user_7,tt0117665,7
user_7,tt0117666,7
user_7,tt0117705,5
user_7,tt0117718,6
user_7,tt0117723,7
user_7,tt0117731,7
user_7,tt0117802,9
user_7,tt0117883,8
user_7,tt0117905,9
user_7,tt0117913,6
user_7,tt0117951,7
user_7,tt0117965,5
user_7,tt0117998,7
user_7,tt0118111,7
user_7,tt0118570,6
user_7,tt0118571,8
user_7,tt0118583,4
user_7,tt0118607,7
user_7,tt0118615,6
user_7,tt0118617,7
user_7,tt0118655,9
user_7,tt0118688,4
user_7,tt0118689,6
user_7,tt0118691,7
user_7,tt0118694,8
user_7,tt0118708,6
user_7,tt0118715,10
user_7,tt0118745,8
user_7,tt0118747,5
user_7,tt0118749,9
user_7,tt0118751,8
user_7,tt0118771,7
user_7,tt0118789,8
user_7,tt0118799,9
user_7,tt0118819,6
user_7,tt0118842,7
user_7,tt0118849,8
user_7,tt0118880,7
user_7,tt0118883,7
user_7,tt0118884,9
user_7,tt0118887,6
user_7,tt0118929,7
user_7,tt0118971,8
user_7,tt0118998,5
user_7,tt0119008,8
user_7,tt0119081,6
user_7,tt0119086,6
user_7,tt0119094,7
user_7,tt0119099,8
user_7,tt0119116,7
user_7,tt0119137,5
user_7,tt0119164,7
user_7,tt0119173,6
user_7,tt0119174,8
user_7,tt0119177,7
user_7,tt0119210,5
user_7,tt0119215,7
user_7,tt0119217,9
user_7,tt0119223,7
user_7,tt0119227,7
user_7,tt0119282,7
user_7,tt0119303,6
user_7,tt0119311,4
user_7,tt0119338,6
user_7,tt0119345,6
user_7,tt0119349,9
user_7,tt0119361,7
user_7,tt0119395,4
user_7,tt0119396,8
user_7,tt0119472,8
user_7,tt0119488,7
user_7,tt0119528,8
user_7,tt0119567,6
user_7,tt0119623,6
user_7,tt0119643,5
user_7,tt0119654,7
user_7,tt0119675,6
user_7,tt0119683,10
user_7,tt0119698,8
user_7,tt0119707,4
user_7,tt0119715,6
user_7,tt0119717,4
user_7,tt0119738,7
user_7,tt0119791,7
user_7,tt0119822,6
user_7,tt0119874,5
user_7,tt0119891,8
user_7,tt0119896,6
user_7,tt0119942,9
user_7,tt0119978,5
user_7,tt0120004,7
user_7,tt0120008,9
user_7,tt0120053,5
user_7,tt0120082,5
user_7,tt0120100,6
user_7,tt0120102,7
user_7,tt0120148,8
user_7,tt0120157,6
user_7,tt0120179,3
user_7,tt0120184,6
user_7,tt0120188,7
user_7,tt0120201,8
user_7,tt0120324,8
user_7,tt0120338,9
user_7,tt0120347,6
user_7,tt0120363,7
user_7,tt0120382,9
user_7,tt0120399,7
user_7,tt0120484,6
user_7,tt0120586,10
user_7,tt0120587,4
user_7,tt0120591,7
user_7,tt0120595,5
user_7,tt0120601,7
user_7,tt0120604,4
user_7,tt0120611,5
user_7,tt0120616,7
user_7,tt0120618,6
user_7,tt0120623,8
user_7,tt0120630,7
user_7,tt0120631,6
user_7,tt0120632,7
user_7,tt0120647,7
user_7,tt0120654,6
user_7,tt0120655,7
user_7,tt0120657,9
user_7,tt0120660,8
user_7,tt0120663,7
user_7,tt0120667,6
user_7,tt0120669,7
user_7,tt0120681,7
user_7,tt0120685,7
user_7,tt0120686,6
user_7,tt0120689,9
user_7,tt0120693,7
user_7,tt0120728,7
user_7,tt0120731,8
user_7,tt0120735,10
user_7,tt0120737,9
user_7,tt0120738,5
user_7,tt0120744,7
user_7,tt0120746,6
user_7,tt0120751,7
user_7,tt0120753,7
user_7,tt0120755,5
user_7,tt0120762,8
user_7,tt0120768,10
user_7,tt0120780,7
user_7,tt0120783,5
user_7,tt0120784,7
user_7,tt0120787,7
user_7,tt0120789,8
user_7,tt0120794,7
user_7,tt0120800,5
user_7,tt0120802,8
user_7,tt0120804,8
user_7,tt0120812,8
user_7,tt0120815,8
user_7,tt0120828,6
user_7,tt0120844,7
user_7,tt0120855,7
user_7,tt0120863,8
user_7,tt0120873,7
user_7,tt0120879,6
user_7,tt0120885,5
user_7,tt0120888,8
user_7,tt0120889,7
user_7,tt0120890,5
user_7,tt0120891,4
user_7,tt0120902,7
user_7,tt0120903,8
user_7,tt0120906,7
user_7,tt0120912,8
user_7,tt0120913,5
user_7,tt0120915,5
user_7,tt0120917,8
user_7,tt0121164,8
user_7,tt0121352,8
user_7,tt0121765,7
user_7,tt0121766,7
user_7,tt0122151,7
user_7,tt0122541,8
user_7,tt0122690,8
user_7,tt0122718,7
user_7,tt0122933,7
user_7,tt0123755,6
user_7,tt0124198,6
user_7,tt0124298,6
user_7,tt0124315,9
user_7,tt0124718,8
user_7,tt0125022,8
user_7,tt0125439,5
user_7,tt0125659,8
user_7,tt0125664,5
user_7,tt0126029,9
user_7,tt0126886,8
user_7,tt0127536,8
user_7,tt0128170,8
user_7,tt0128442,8
user_7,tt0128445,8
user_7,tt0128853,7
user_7,tt0129167,8
user_7,tt0129290,6
user_7,tt0129387,9
user_7,tt0130018,5
user_7,tt0130827,8
user_7,tt0131097,7
user_7,tt0131325,7
user_7,tt0132477,7
user_7,tt0133093,8
user_7,tt0133122,5
user_7,tt0133152,5
user_7,tt0133240,9
user_7,tt0133751,7
user_7,tt0133927,4
user_7,tt0133952,7
user_7,tt0134033,7
user_7,tt0134067,6
user_7,tt0134084,6
user_7,tt0134119,7
user_7,tt0134273,8
user_7,tt0134618,8
user_7,tt0134847,7
user_7,tt0136491,7
user_7,tt0137226,7
user_7,tt0137363,8
user_7,tt0137494,8
user_7,tt0137523,10
user_7,tt0138097,8
user_7,tt0138524,7
user_7,tt0138704,7
user_7,tt0138749,7
user_7,tt0139134,8
user_7,tt0139239,7
user_7,tt0139414,4
user_7,tt0139654,7
user_7,tt0139699,6
user_7,tt0140352,10
user_7,tt0140888,8
user_7,tt0141109,5
user_7,tt0141369,5
user_7,tt0142192,6
user_7,tt0142236,9
user_7,tt0142248,7
user_7,tt0142342,6
user_7,tt0142688,7
user_7,tt0142804,5
user_7,tt0142851,7
user_7,tt0143145,7
user_7,tt0143261,6
user_7,tt0144084,9
user_7,tt0144117,8
user_7,tt0144120,5
user_7,tt0144214,8
user_7,tt0144528,6
user_7,tt0144964,4
user_7,tt0145487,7
user_7,tt0145531,5
user_7,tt0145660,6
user_7,tt0145681,5
user_7,tt0146309,7
user_7,tt0146316,8
user_7,tt0146336,6
user_7,tt0146675,6
user_7,tt0146838,6
user_7,tt0146882,8
user_7,tt0146984,7
user_7,tt0147800,7
user_7,tt0149261,5
user_7,tt0150377,7
user_7,tt0151137,7
user_7,tt0151511,9
user_7,tt0151738,5
user_7,tt0151804,8
user_7,tt0152930,8
user_7,tt0154506,7
user_7,tt0155267,6
user_7,tt0156794,10
user_7,tt0156887,10
user_7,tt0158371,8
user_7,tt0158692,7
user_7,tt0158811,6
user_7,tt0158983,7
user_7,tt0159097,9
user_7,tt0159273,5
user_7,tt0159365,7
user_7,tt0160127,7
user_7,tt0160399,5
user_7,tt0160401,6
user_7,tt0160797,7
user_7,tt0160862,7
user_7,tt0160916,7
user_7,tt0161081,7
user_7,tt0162222,8
user_7,tt0162346,7
user_7,tt0162360,5
user_7,tt0162661,8
user_7,tt0163025,6
user_7,tt0163187,6
user_7,tt0163651,7
user_7,tt0163978,7
user_7,tt0163988,7
user_7,tt0164052,7
user_7,tt0164085,5
user_7,tt0164181,7
user_7,tt0164184,7
user_7,tt0164334,5
user_7,tt0164368,7
user_7,tt0164538,9
user_7,tt0164912,6
user_7,tt0164961,7
user_7,tt0165405,7
user_7,tt0165710,6
user_7,tt0165798,8
user_7,tt0165929,5
user_7,tt0166485,8
user_7,tt0166653,4
user_7,tt0166896,7
user_7,tt0166924,9
user_7,tt0167190,8
user_7,tt0167260,9
user_7,tt0167261,6
user_7,tt0167331,9
user_7,tt0167404,7
user_7,tt0167427,7
user_7,tt0168123,7
user_7,tt0168629,8
user_7,tt0169102,8
user_7,tt0169156,5
user_7,tt0169376,5
user_7,tt0169547,6
user_7,tt0169858,7
user_7,tt0170016,8
user_7,tt0170544,7
user_7,tt0171363,5
user_7,tt0171804,8
user_7,tt0172156,8
user_7,tt0172493,7
user_7,tt0172495,10
user_7,tt0173840,8
user_7,tt0173957,5
user_7,tt0174336,4
user_7,tt0174685,3
user_7,tt0174856,7
user_7,tt0175142,6
user_7,tt0175203,6
user_7,tt0175880,7
user_7,tt0177749,7
user_7,tt0177789,7
user_7,tt0177858,7
user_7,tt0177971,6
user_7,tt0178737,8
user_7,tt0178868,7
user_7,tt0179196,7
user_7,tt0180093,10
user_7,tt0181316,5
user_7,tt0181536,8
user_7,tt0181689,7
user_7,tt0181852,7
user_7,tt0181865,8
user_7,tt0181875,8
user_7,tt0182753,7
user_7,tt0182789,6
user_7,tt0183353,5
user_7,tt0183505,5
user_7,tt0183649,7
user_7,tt0183659,6
user_7,tt0183790,6
user_7,tt0183869,7
user_7,tt0184436,9
user_7,tt0184858,7
user_7,tt0184894,7
user_7,tt0185125,9
user_7,tt0185154,6
user_7,tt0185371,6
user_7,tt0185431,6
user_7,tt0185937,7
user_7,tt0186151,7
user_7,tt0186566,6
user_7,tt0186589,5
user_7,tt0186894,5
user_7,tt0187078,7
user_7,tt0187393,7
user_7,tt0187738,8
user_7,tt0189998,6
user_7,tt0190074,8
user_7,tt0190138,7
user_7,tt0190332,6
user_7,tt0190374,4
user_7,tt0190590,8
user_7,tt0191397,7
user_7,tt0192377,9
user_7,tt0192614,5
user_7,tt0194722,5
user_7,tt0195685,8
user_7,tt0195714,7
user_7,tt0196229,7
user_7,tt0198781,8
user_7,tt0200071,8
user_7,tt0200087,7
user_7,tt0200465,7
user_7,tt0200550,7
user_7,tt0202114,8
user_7,tt0202478,7
user_7,tt0203009,8
user_7,tt0203019,9
user_7,tt0203166,7
user_7,tt0203755,6
user_7,tt0203975,5
user_7,tt0204836,6
user_7,tt0204946,8
user_7,tt0205000,6
user_7,tt0205177,5
user_7,tt0206275,7
user_7,tt0206634,8
user_7,tt0207201,5
user_7,tt0208003,5
user_7,tt0208092,7
user_7,tt0208988,5
user_7,tt0209144,7
user_7,tt0209163,9
user_7,tt0209463,8
user_7,tt0209475,5
user_7,tt0209958,7
user_7,tt0210717,8
user_7,tt0210945,8
user_7,tt0211443,4
user_7,tt0211915,7
user_7,tt0211933,7
user_7,tt0212338,7
user_7,tt0212346,6
user_7,tt0212720,8
user_7,tt0212830,6
user_7,tt0212985,7
user_7,tt0213149,5
user_7,tt0213847,10
user_7,tt0215129,7
user_7,tt0215369,9
user_7,tt0215750,9
user_7,tt0216216,6
user_7,tt0216625,6
user_7,tt0216800,6
user_7,tt0217331,5
user_7,tt0217505,7
user_7,tt0217630,7
user_7,tt0217869,8
user_7,tt0218553,8
user_7,tt0218839,9
user_7,tt0218967,8
user_7,tt0219519,8
user_7,tt0219653,5
user_7,tt0219854,5
user_7,tt0219965,7
user_7,tt0220099,8
user_7,tt0220832,7
user_7,tt0221027,8
user_7,tt0221218,6
user_7,tt0221794,8
user_7,tt0223897,7
user_7,tt0227445,6
user_7,tt0227538,5
user_7,tt0228786,7
user_7,tt0229260,2
user_7,tt0230011,7
user_7,tt0230030,5
user_7,tt0230600,8
user_7,tt0230838,8
user_7,tt0232500,5
user_7,tt0233142,6
user_7,tt0233841,7
user_7,tt0234215,6
user_7,tt0234288,7
user_7,tt0235198,7
user_7,tt0235737,6
user_7,tt0236027,6
user_7,tt0236493,6
user_7,tt0237572,6
user_7,tt0237820,10
user_7,tt0238380,7
user_7,tt0238546,6
user_7,tt0238924,7
user_7,tt0239395,8
user_7,tt0240462,4
user_7,tt0240510,7
user_7,tt0240515,5
user_7,tt0240772,10
user_7,tt0240890,7
user_7,tt0241303,8
user_7,tt0241527,8
user_7,tt0242252,5
user_7,tt0242423,7
user_7,tt0242445,5
user_7,tt0242508,5
user_7,tt0242519,9
user_7,tt0242527,8
user_7,tt0242653,10
user_7,tt0243017,7
user_7,tt0243133,7
user_7,tt0243155,5
user_7,tt0243493,8
user_7,tt0243585,5
user_7,tt0243736,6
user_7,tt0244244,6
user_7,tt0245120,6
user_7,tt0245429,9
user_7,tt0245562,6
user_7,tt0245574,7
user_7,tt0245674,4
user_7,tt0245686,4
user_7,tt0245712,7
user_7,tt0245803,5
user_7,tt0245844,8
user_7,tt0246460,6
user_7,tt0246578,8
user_7,tt0246692,7
user_7,tt0246894,4
user_7,tt0247425,7
user_7,tt0247638,8
user_7,tt0247745,5
user_7,tt0248001,6
user_7,tt0248012,7
user_7,tt0248126,8
user_7,tt0248667,6
user_7,tt0248673,8
user_7,tt0249462,7
user_7,tt0249478,6
user_7,tt0250081,5
user_7,tt0250223,6
user_7,tt0250258,8
user_7,tt0250494,7
user_7,tt0250687,7
user_7,tt0250797,6
user_7,tt0251075,5
user_7,tt0251127,5
user_7,tt0251160,8
user_7,tt0252444,8
user_7,tt0252486,6
user_7,tt0252487,10
user_7,tt0252501,6
user_7,tt0252562,6
user_7,tt0252704,5
user_7,tt0252866,7
user_7,tt0252963,7
user_7,tt0253474,10
user_7,tt0253556,6
user_7,tt0253614,8
user_7,tt0253754,7
user_7,tt0253867,6
user_7,tt0255589,6
user_7,tt0256009,7
user_7,tt0256380,6
user_7,tt0256415,7
user_7,tt0257044,7
user_7,tt0257076,6
user_7,tt0257106,4
user_7,tt0257360,9
user_7,tt0258000,5
user_7,tt0258068,6
user_7,tt0258153,6
user_7,tt0258463,9
user_7,tt0259288,7
user_7,tt0259324,6
user_7,tt0259446,4
user_7,tt0259711,8
user_7,tt0259822,6
user_7,tt0261392,7
user_7,tt0262826,7
user_7,tt0263386,5
user_7,tt0263488,6
user_7,tt0264150,6
user_7,tt0264395,8
user_7,tt0264464,8
user_7,tt0264472,5
user_7,tt0264761,6
user_7,tt0265010,7
user_7,tt0265086,9
user_7,tt0265087,6
user_7,tt0265208,7
user_7,tt0265459,5
user_7,tt0265662,8
user_7,tt0265666,10
user_7,tt0266308,7
user_7,tt0266452,5
user_7,tt0266543,8
user_7,tt0266697,9
user_7,tt0266855,8
user_7,tt0266915,7
user_7,tt0266987,9
user_7,tt0267363,7
user_7,tt0267804,6
user_7,tt0267913,6
user_7,tt0268126,8
user_7,tt0268380,8
user_7,tt0268695,7
user_7,tt0268978,9
user_7,tt0268995,7
user_7,tt0270288,6
user_7,tt0271027,6
user_7,tt0271367,5
user_7,tt0271668,4
user_7,tt0271694,10
user_7,tt0272020,7
user_7,tt0272152,8
user_7,tt0272338,9
user_7,tt0273253,6
user_7,tt0273517,6
user_7,tt0274166,5
user_7,tt0274428,7
user_7,tt0274558,4
user_7,tt0275277,8
user_7,tt0275491,10
user_7,tt0275773,7
user_7,tt0275847,7
user_7,tt0276033,3
user_7,tt0276751,9
user_7,tt0276816,7
user_7,tt0276830,6
user_7,tt0276919,9
user_7,tt0277027,8
user_7,tt0277296,8
user_7,tt0277371,8
user_7,tt0277434,7
user_7,tt0278295,5
user_7,tt0278488,7
user_7,tt0278504,7
user_7,tt0279113,7
user_7,tt0279331,6
user_7,tt0279493,5
user_7,tt0280486,5
user_7,tt0280590,5
user_7,tt0280665,5
user_7,tt0280707,6
user_7,tt0281358,7
user_7,tt0282120,6
user_7,tt0283003,8
user_7,tt0283026,3
user_7,tt0283111,4
user_7,tt0283509,5
user_7,tt0283900,6
user_7,tt0284490,5
user_7,tt0284837,5
user_7,tt0285005,6
user_7,tt0285175,7
user_7,tt0285492,5
user_7,tt0285531,6
user_7,tt0285728,6
user_7,tt0285742,6
user_7,tt0285823,7
user_7,tt0286106,9
user_7,tt0286112,8
user_7,tt0286488,8
user_7,tt0286499,6
user_7,tt0286672,6
user_7,tt0286716,5
user_7,tt0286751,7
user_7,tt0286788,7
user_7,tt0287467,7
user_7,tt0287978,4
user_7,tt0288477,6
user_7,tt0289043,10
user_7,tt0289408,6
user_7,tt0289765,9
user_7,tt0289848,5
user_7,tt0289879,8
user_7,tt0289992,7
user_7,tt0290002,6
user_7,tt0290095,6
user_7,tt0290334,6
user_7,tt0290673,6
user_7,tt0291172,8
user_7,tt0291213,5
user_7,tt0291502,3
user_7,tt0292490,6
user_7,tt0292506,6
user_7,tt0292542,7
user_7,tt0292886,6
user_7,tt0292963,8
user_7,tt0293508,8
user_7,tt0293564,6
user_7,tt0293662,6
user_7,tt0293715,7
user_7,tt0293815,5
user_7,tt0295178,7
user_7,tt0295210,6
user_7,tt0295297,8
user_7,tt0295700,4
user_7,tt0295701,5
user_7,tt0295721,7
user_7,tt0296042,5
user_7,tt0296166,7
user_7,tt0296572,8
user_7,tt0297753,5
user_7,tt0298130,7
user_7,tt0298148,8
user_7,tt0298203,7
user_7,tt0298408,7
user_7,tt0298814,5
user_7,tt0298845,8
user_7,tt0299658,8
user_7,tt0299977,9
user_7,tt0300140,9
user_7,tt0300214,6
user_7,tt0300471,7
user_7,tt0301357,8
user_7,tt0302640,7
user_7,tt0302674,6
user_7,tt0302886,7
user_7,tt0303361,5
user_7,tt0303816,7
user_7,tt0303933,5
user_7,tt0304141,8
user_7,tt0304669,7
user_7,tt0305206,8
user_7,tt0305224,4
user_7,tt0305357,6
user_7,tt0305669,6
user_7,tt0306047,4
user_7,tt0306685,5
user_7,tt0306841,7
user_7,tt0307453,7
user_7,tt0307479,7
user_7,tt0307681,7
user_7,tt0307901,8
user_7,tt0307987,6
user_7,tt0308049,7
user_7,tt0308644,6
user_7,tt0309377,3
user_7,tt0309593,7
user_7,tt0309698,8
user_7,tt0309987,9
user_7,tt0310203,7
user_7,tt0310775,9
user_7,tt0310924,6
user_7,tt0311110,5
user_7,tt0311113,8
user_7,tt0311429,7
user_7,tt0311519,7
user_7,tt0312004,9
user_7,tt0312528,4
user_7,tt0312549,7
user_7,tt0312843,5
user_7,tt0313542,6
user_7,tt0313737,9
user_7,tt0314121,4
user_7,tt0314331,8
user_7,tt0314353,9
user_7,tt0314498,5
user_7,tt0315327,8
user_7,tt0315733,8
user_7,tt0315983,8
user_7,tt0316356,6
user_7,tt0316396,8
user_7,tt0316465,8
user_7,tt0316654,8
user_7,tt0316732,4
user_7,tt0317198,7
user_7,tt0317219,10
user_7,tt0317248,8
user_7,tt0317303,4
user_7,tt0317676,1
user_7,tt0317705,7
user_7,tt0317740,6
user_7,tt0317919,7
user_7,tt0318034,7
user_7,tt0318081,5
user_7,tt0318155,5
user_7,tt0318462,8
user_7,tt0318627,7
user_7,tt0318649,5
user_7,tt0319061,8
user_7,tt0319262,7
user_7,tt0319343,6
user_7,tt0320661,9
user_7,tt0320691,9
user_7,tt0322259,6
user_7,tt0322330,7
user_7,tt0322589,5
user_7,tt0323033,6
user_7,tt0323872,7
user_7,tt0324127,6
user_7,tt0324216,6
user_7,tt0325703,6
user_7,tt0325710,7
user_7,tt0325805,7
user_7,tt0325980,8
user_7,tt0327056,7
user_7,tt0327084,8
user_7,tt0327162,7
user_7,tt0327247,3
user_7,tt0327437,7
user_7,tt0327554,6
user_7,tt0327597,9
user_7,tt0327850,7
user_7,tt0328099,8
user_7,tt0328107,8
user_7,tt0328199,6
user_7,tt0328538,7
user_7,tt0328589,8
user_7,tt0328828,7
user_7,tt0328880,5
user_7,tt0329028,2
user_7,tt0329101,7
user_7,tt0329774,4
user_7,tt0330229,7
user_7,tt0330243,7
user_7,tt0330373,7
user_7,tt0330702,7
user_7,tt0330793,7
user_7,tt0331632,4
user_7,tt0331953,5
user_7,tt0332280,9
user_7,tt0332379,7
user_7,tt0332452,6
user_7,tt0332658,7
user_7,tt0333766,9
user_7,tt0335119,7
user_7,tt0335245,7
user_7,tt0335266,7
user_7,tt0335345,6
user_7,tt0335438,6
user_7,tt0337563,5
user_7,tt0337697,6
user_7,tt0337721,9
user_7,tt0337738,4
user_7,tt0337741,7
user_7,tt0337917,6
user_7,tt0337921,6
user_7,tt0337945,5
user_7,tt0337961,7
user_7,tt0337978,7
user_7,tt0338013,8
user_7,tt0338094,4
user_7,tt0338095,5
user_7,tt0338096,6
user_7,tt0338188,5
user_7,tt0338309,8
user_7,tt0338337,5
user_7,tt0338348,7
user_7,tt0338427,8
user_7,tt0338440,6
user_7,tt0338459,5
user_7,tt0338526,6
user_7,tt0338564,8
user_7,tt0338751,8
user_7,tt0339291,6
user_7,tt0340012,6
user_7,tt0340163,9
user_7,tt0340855,6
user_7,tt0342258,5
user_7,tt0342492,6
user_7,tt0343135,5
user_7,tt0343660,6
user_7,tt0343737,8
user_7,tt0343818,6
user_7,tt0344204,6
user_7,tt0344510,8
user_7,tt0345950,8
user_7,tt0346156,5
user_7,tt0346491,5
user_7,tt0346631,7
user_7,tt0347149,10
user_7,tt0347246,7
user_7,tt0347304,7
user_7,tt0347473,8
user_7,tt0348150,7
user_7,tt0348333,7
user_7,tt0348691,8
user_7,tt0348836,6
user_7,tt0349047,6
user_7,tt0349205,6
user_7,tt0349683,5
user_7,tt0349710,7
user_7,tt0349903,8
user_7,tt0350028,6
user_7,tt0350258,6
user_7,tt0350261,7
user_7,tt0351283,8
user_7,tt0352248,8
user_7,tt0353969,8
user_7,tt0354899,8
user_7,tt0355295,6
user_7,tt0356150,4
user_7,tt0356470,4
user_7,tt0356680,7
user_7,tt0356910,7
user_7,tt0356982,8
user_7,tt0357277,3
user_7,tt0357413,8
user_7,tt0358082,8
user_7,tt0358135,8
user_7,tt0358273,7
user_7,tt0358349,3
user_7,tt0359013,7
user_7,tt0359950,6
user_7,tt0360009,7
user_7,tt0360201,5
user_7,tt0360486,7
user_7,tt0360717,6
user_7,tt0361309,7
user_7,tt0361620,4
user_7,tt0361696,5
user_7,tt0361748,9
user_7,tt0361862,8
user_7,tt0362120,4
user_7,tt0362129,5
user_7,tt0362165,3
user_7,tt0362225,7
user_7,tt0362227,7
user_7,tt0362270,8
user_7,tt0362478,4
user_7,tt0363163,8
user_7,tt0363532,7
user_7,tt0363547,7
user_7,tt0363771,7
user_7,tt0363988,7
user_7,tt0364045,7
user_7,tt0364569,9
user_7,tt0364725,6
user_7,tt0364751,7
user_7,tt0364970,6
user_7,tt0365376,6
user_7,tt0365737,5
user_7,tt0365748,6
user_7,tt0365830,8
user_7,tt0365907,5
user_7,tt0365929,5
user_7,tt0366174,4
user_7,tt0366518,7
user_7,tt0366527,7
user_7,tt0366548,8
user_7,tt0366551,9
user_7,tt0366627,7
user_7,tt0366777,8
user_7,tt0366840,10
user_7,tt0367089,6
user_7,tt0367479,6
user_7,tt0367594,7
user_7,tt0367882,5
user_7,tt0367959,6
user_7,tt0368008,7
user_7,tt0368226,5
user_7,tt0368447,7
user_7,tt0368667,8
user_7,tt0368709,7
user_7,tt0368794,8
user_7,tt0368891,6
user_7,tt0368933,6
user_7,tt0369339,8
user_7,tt0369441,6
user_7,tt0369610,8
user_7,tt0369702,6
user_7,tt0369735,5
user_7,tt0370263,7
user_7,tt0370986,6
user_7,tt0371246,7
user_7,tt0371257,5
user_7,tt0371606,7
user_7,tt0371724,6
user_7,tt0371746,7
user_7,tt0371939,5
user_7,tt0372183,6
user_7,tt0372237,7
user_7,tt0372588,9
user_7,tt0372763,5
user_7,tt0372784,7
user_7,tt0372824,9
user_7,tt0372873,3
user_7,tt0373051,7
user_7,tt0373074,8
user_7,tt0373469,7
user_7,tt0373690,3
user_7,tt0373883,7
user_7,tt0373889,7
user_7,tt0373926,7
user_7,tt0374102,6
user_7,tt0374128,6
user_7,tt0374546,6
user_7,tt0374583,7
user_7,tt0374887,8
user_7,tt0374900,6
user_7,tt0375063,8
user_7,tt0375154,7
user_7,tt0375210,6
user_7,tt0375568,9
user_7,tt0375611,10
user_7,tt0375679,8
user_7,tt0375912,7
user_7,tt0376136,6
user_7,tt0376541,7
user_7,tt0376968,7
user_7,tt0376994,6
user_7,tt0377062,6
user_7,tt0377084,9
user_7,tt0377092,8
user_7,tt0377107,7
user_7,tt0377471,6
user_7,tt0377818,5
user_7,tt0378109,5
user_7,tt0378194,8
user_7,tt0378715,6
user_7,tt0379217,7
user_7,tt0379240,6
user_7,tt0379725,8
user_7,tt0379786,8
user_7,tt0380510,7
user_7,tt0380817,6
user_7,tt0381061,8
user_7,tt0381681,10
user_7,tt0381707,6
user_7,tt0381849,9
user_7,tt0381940,5
user_7,tt0381966,4
user_7,tt0382077,5
user_7,tt0382625,7
user_7,tt0382628,6
user_7,tt0382932,8
user_7,tt0382992,5
user_7,tt0383028,7
user_7,tt0383216,6
user_7,tt0383574,8
user_7,tt0384369,7
user_7,tt0384537,7
user_7,tt0384642,6
user_7,tt0384680,7
user_7,tt0384793,8
user_7,tt0384806,7
user_7,tt0385002,6
user_7,tt0385004,8
user_7,tt0385307,7
user_7,tt0385700,8
user_7,tt0385726,7
user_7,tt0385752,7
user_7,tt0385880,6
user_7,tt0385887,7
user_7,tt0386117,4
user_7,tt0386140,6
user_7,tt0386504,8
user_7,tt0386588,6
user_7,tt0386820,8
user_7,tt0387131,8
user_7,tt0387514,8
user_7,tt0387564,6
user_7,tt0387575,6
user_7,tt0387808,6
user_7,tt0387877,5
user_7,tt0387898,6
user_7,tt0388473,9
user_7,tt0388482,6
user_7,tt0388795,6
user_7,tt0388980,8
user_7,tt0389328,7
user_7,tt0389557,7
user_7,tt0389722,4
user_7,tt0389790,6
user_7,tt0389860,7
user_7,tt0389957,6
user_7,tt0390384,9
user_7,tt0391198,6
user_7,tt0391304,9
user_7,tt0393109,7
user_7,tt0393162,6
user_7,tt0395169,9
user_7,tt0395251,7
user_7,tt0395584,9
user_7,tt0395972,6
user_7,tt0395991,7
user_7,tt0396171,8
user_7,tt0396269,6
user_7,tt0396555,7
user_7,tt0396652,6
user_7,tt0396707,6
user_7,tt0397065,6
user_7,tt0397101,7
user_7,tt0397535,8
user_7,tt0397892,5
user_7,tt0398017,8
user_7,tt0398165,5
user_7,tt0398286,6
user_7,tt0398375,4
user_7,tt0398712,7
user_7,tt0398808,9
user_7,tt0398883,7
user_7,tt0399146,8
user_7,tt0399201,7
user_7,tt0399295,9
user_7,tt0400497,4
user_7,tt0400525,6
user_7,tt0400717,5
user_7,tt0401085,9
user_7,tt0401248,9
user_7,tt0401383,8
user_7,tt0401445,7
user_7,tt0401711,6
user_7,tt0401729,7
user_7,tt0401792,8
user_7,tt0401855,6
user_7,tt0402022,7
user_7,tt0402399,7
user_7,tt0402894,8
user_7,tt0402910,6
user_7,tt0403358,7
user_7,tt0404030,5
user_7,tt0404032,9
user_7,tt0404090,2
user_7,tt0404203,8
user_7,tt0404390,10
user_7,tt0405094,9
user_7,tt0405159,8
user_7,tt0405296,9
user_7,tt0405325,5
user_7,tt0405336,6
user_7,tt0405422,7
user_7,tt0405508,9
user_7,tt0405743,6
user_7,tt0406375,6
user_7,tt0406816,6
user_7,tt0406942,7
user_7,tt0407265,7
user_7,tt0407304,6
user_7,tt0407887,9
user_7,tt0408236,4
user_7,tt0408306,8
user_7,tt0408345,7
user_7,tt0408664,9
user_7,tt0408790,8
user_7,tt0408839,5
user_7,tt0409182,5
user_7,tt0409459,9
user_7,tt0409847,6
user_7,tt0409904,7
user_7,tt0410006,5
user_7,tt0410097,9
user_7,tt0410297,7
user_7,tt0411057,8
user_7,tt0411061,7
user_7,tt0411270,6
user_7,tt0411477,8
user_7,tt0412019,7
user_7,tt0412308,5
user_7,tt0412922,8
user_7,tt0413015,5
user_7,tt0413099,7
user_7,tt0413267,7
user_7,tt0413300,7
user_7,tt0414387,8
user_7,tt0414852,8
user_7,tt0414951,8
user_7,tt0414982,6
user_7,tt0414993,6
user_7,tt0415306,5
user_7,tt0415978,7
user_7,tt0416236,8
user_7,tt0416315,5
user_7,tt0416320,8
user_7,tt0416449,8
user_7,tt0417056,4
user_7,tt0417148,5
user_7,tt0417202,7
user_7,tt0417217,6
user_7,tt0417741,8
user_7,tt0418279,6
user_7,tt0418647,7
user_7,tt0418689,6
user_7,tt0418763,6
user_7,tt0418773,6
user_7,tt0418819,7
user_7,tt0419294,8
user_7,tt0419677,6
user_7,tt0419706,7
user_7,tt0419781,9
user_7,tt0419887,7
user_7,tt0420206,7
user_7,tt0420223,7
user_7,tt0420260,6
user_7,tt0420293,6
user_7,tt0420740,5
user_7,tt0421051,4
user_7,tt0421054,7
user_7,tt0421073,8
user_7,tt0421206,7
user_7,tt0421238,7
user_7,tt0421239,7
user_7,tt0421715,7
user_7,tt0422091,6
user_7,tt0422720,5
user_7,tt0422774,4
user_7,tt0423294,6
user_7,tt0423977,6
user_7,tt0424095,8
user_7,tt0424136,6
user_7,tt0424227,8
user_7,tt0424345,8
user_7,tt0424880,9
user_7,tt0424993,4
user_7,tt0425061,7
user_7,tt0425079,9
user_7,tt0425112,9
user_7,tt0425123,8
user_7,tt0425196,6
user_7,tt0425210,9
user_7,tt0425413,7
user_7,tt0425430,5
user_7,tt0425637,7
user_7,tt0426155,8
user_7,tt0426578,9
user_7,tt0426592,5
user_7,tt0426615,4
user_7,tt0426883,5
user_7,tt0426931,6
user_7,tt0427152,5
user_7,tt0427229,5
user_7,tt0427309,7
user_7,tt0427327,8
user_7,tt0427392,6
user_7,tt0427944,7
user_7,tt0427954,7
user_7,tt0427969,8
user_7,tt0429493,5
user_7,tt0429573,4
user_7,tt0429589,4
user_7,tt0429591,6
user_7,tt0430105,7
user_7,tt0430308,7
user_7,tt0430357,6
user_7,tt0430634,5
user_7,tt0430922,7
user_7,tt0431021,6
user_7,tt0431197,5
user_7,tt0431308,9
user_7,tt0431619,8
user_7,tt0432021,7
user_7,tt0432283,9
user_7,tt0432291,4
user_7,tt0432348,6
user_7,tt0433035,8
user_7,tt0433362,6
user_7,tt0433383,7
user_7,tt0433386,5
user_7,tt0433400,6
user_7,tt0433533,6
user_7,tt0434409,7
user_7,tt0435479,7
user_7,tt0435625,6
user_7,tt0435651,8
user_7,tt0435679,10
user_7,tt0435705,6
user_7,tt0435761,8
user_7,tt0436262,7
user_7,tt0436697,8
user_7,tt0437086,9
user_7,tt0437179,5
user_7,tt0437232,6
user_7,tt0437405,7
user_7,tt0437407,9
user_7,tt0437800,8
user_7,tt0438097,8
user_7,tt0438488,7
user_7,tt0439544,6
user_7,tt0439815,7
user_7,tt0440963,9
user_7,tt0441773,9
user_7,tt0441909,8
user_7,tt0442933,7
user_7,tt0443272,8
user_7,tt0443274,8
user_7,tt0443453,9
user_7,tt0443465,7
user_7,tt0443536,6
user_7,tt0443543,7
user_7,tt0443649,5
user_7,tt0443680,7
user_7,tt0443701,7
user_7,tt0443706,10
user_7,tt0445620,8
user_7,tt0445922,9
user_7,tt0445934,6
user_7,tt0445990,6
user_7,tt0446013,7
user_7,tt0446029,8
user_7,tt0446059,9
user_7,tt0446719,6
user_7,tt0446755,7
user_7,tt0448011,7
user_7,tt0448115,8
user_7,tt0448124,6
user_7,tt0448134,6
user_7,tt0448157,6
user_7,tt0448694,5
user_7,tt0449010,5
user_7,tt0449059,7
user_7,tt0449061,6
user_7,tt0449086,6
user_7,tt0449088,6
user_7,tt0449393,8
user_7,tt0449467,7
user_7,tt0450121,9
user_7,tt0450188,8
user_7,tt0450232,6
user_7,tt0450259,10
user_7,tt0450278,7
user_7,tt0450385,8
user_7,tt0450405,8
user_7,tt0451079,7
user_7,tt0451094,8
user_7,tt0451279,7
user_7,tt0451803,5
user_7,tt0452594,7
user_7,tt0452598,6
user_7,tt0452608,7
user_7,tt0452623,7
user_7,tt0452625,6
user_7,tt0452637,6
user_7,tt0452694,9
user_7,tt0452702,5
user_7,tt0452971,8
user_7,tt0453451,6
user_7,tt0453467,7
user_7,tt0453556,7
user_7,tt0453562,7
user_7,tt0454082,6
user_7,tt0454841,5
user_7,tt0454848,6
user_7,tt0454876,7
user_7,tt0454921,8
user_7,tt0454932,6
user_7,tt0454945,9
user_7,tt0454970,6
user_7,tt0455362,6
user_7,tt0455407,5
user_7,tt0455538,6
user_7,tt0455584,5
user_7,tt0455590,8
user_7,tt0455760,8
user_7,tt0455824,8
user_7,tt0455944,6
user_7,tt0455957,7
user_7,tt0455960,6
user_7,tt0455967,5
user_7,tt0456396,6
user_7,tt0457297,5
user_7,tt0457400,6
user_7,tt0457430,7
user_7,tt0457513,7
user_7,tt0457572,6
user_7,tt0457939,7
user_7,tt0458339,7
user_7,tt0458352,6
user_7,tt0458367,7
user_7,tt0458413,6
user_7,tt0458481,8
user_7,tt0458525,7
user_7,tt0460740,8
user_7,tt0460780,4
user_7,tt0460791,7
user_7,tt0460890,7
user_7,tt0460989,8
user_7,tt0461770,7
user_7,tt0461936,9
user_7,tt0461946,6
user_7,tt0462200,6
user_7,tt0462322,5
user_7,tt0462346,5
user_7,tt0462396,5
user_7,tt0462465,7
user_7,tt0462485,6
user_7,tt0462499,8
user_7,tt0462504,7
user_7,tt0462538,7
user_7,tt0462590,7
user_7,tt0463854,8
user_7,tt0463985,8
user_7,tt0463998,8
user_7,tt0464141,7
user_7,tt0464154,5
user_7,tt0465234,7
user_7,tt0465494,5
user_7,tt0465538,8
user_7,tt0465580,6
user_7,tt0465602,7
user_7,tt0465670,7
user_7,tt0467197,3
user_7,tt0467200,6
user_7,tt0467406,8
user_7,tt0468492,5
user_7,tt0468548,6
user_7,tt0468569,9
user_7,tt0469494,10
user_7,tt0469623,6
user_7,tt0469641,7
user_7,tt0470752,6
user_7,tt0471042,7
user_7,tt0472033,8
user_7,tt0472043,8
user_7,tt0472062,8
user_7,tt0472071,5
user_7,tt0472181,6
user_7,tt0472399,7
user_7,tt0473075,7
user_7,tt0473705,8
user_7,tt0475276,7
user_7,tt0475290,8
user_7,tt0475394,9
user_7,tt0475645,5
user_7,tt0475937,4
user_7,tt0475944,5
user_7,tt0477071,6
user_7,tt0477078,6
user_7,tt0477080,7
user_7,tt0477139,7
user_7,tt0477252,7
user_7,tt0477302,7
user_7,tt0477347,6
user_7,tt0477348,9
user_7,tt0478087,7
user_7,tt0478134,7
user_7,tt0478210,5
user_7,tt0478304,7
user_7,tt0478311,8
user_7,tt0478737,7
user_7,tt0478970,8
user_7,tt0479143,7
user_7,tt0479528,7
user_7,tt0479884,8
user_7,tt0479952,7
user_7,tt0479997,6
user_7,tt0480025,8
user_7,tt0480239,7
user_7,tt0480242,6
user_7,tt0480249,7
user_7,tt0480255,7
user_7,tt0480271,3
user_7,tt0480669,7
user_7,tt0480687,6
user_7,tt0481141,6
user_7,tt0481369,7
user_7,tt0481499,8
user_7,tt0481536,7
user_7,tt0481797,6
user_7,tt0482088,6
user_7,tt0482527,8
user_7,tt0482546,8
user_7,tt0482571,7
user_7,tt0482572,6
user_7,tt0482606,6
user_7,tt0482629,8
user_7,tt0483607,6
user_7,tt0485323,8
user_7,tt0485920,5
user_7,tt0485947,9
user_7,tt0486551,8
user_7,tt0486576,6
user_7,tt0486583,5
user_7,tt0486655,7
user_7,tt0486822,7
user_7,tt0486946,5
user_7,tt0487503,7
user_7,tt0488120,7
user_7,tt0488658,6
user_7,tt0489049,6
user_7,tt0489099,7
user_7,tt0489237,5
user_7,tt0489270,7
user_7,tt0489664,6
user_7,tt0490076,4
user_7,tt0490086,6
user_7,tt0490204,6
user_7,tt0490215,9
user_7,tt0491152,4
user_7,tt0491175,4
user_7,tt0492784,6
user_7,tt0492956,6
user_7,tt0493405,6
user_7,tt0493464,6
user_7,tt0494224,5
user_7,tt0494238,7
user_7,tt0496436,5
user_7,tt0496806,7
user_7,tt0497137,9
user_7,tt0497465,7
user_7,tt0498353,6
user_7,tt0498380,7
user_7,tt0498399,7
user_7,tt0499375,8
user_7,tt0499448,8
user_7,tt0499549,9
user_7,tt0499554,6
user_7,tt0499556,4
user_7,tt0756683,8
user_7,tt0756729,5
user_7,tt0758730,5
user_7,tt0758746,5
user_7,tt0758752,8
user_7,tt0758758,9
user_7,tt0758766,6
user_7,tt0758774,8
user_7,tt0758794,6
user_7,tt0762105,6
user_7,tt0762107,5
user_7,tt0765010,8
user_7,tt0765429,7
user_7,tt0765432,7
user_7,tt0765443,7
user_7,tt0770703,7
user_7,tt0770752,7
user_7,tt0770828,8
user_7,tt0780504,8
user_7,tt0780521,8
user_7,tt0780536,9
user_7,tt0780571,8
user_7,tt0780622,3
user_7,tt0780653,6
user_7,tt0783233,7
user_7,tt0787474,7
user_7,tt0787475,7
user_7,tt0790636,8
user_7,tt0790686,7
user_7,tt0790712,8
user_7,tt0790724,7
user_7,tt0790736,8
user_7,tt0792986,6
user_7,tt0795351,6
user_7,tt0795368,8
user_7,tt0795421,5
user_7,tt0795461,4
user_7,tt0795493,7
user_7,tt0796366,7
user_7,tt0799934,6
user_7,tt0799949,2
user_7,tt0800039,7
user_7,tt0800069,7
user_7,tt0800080,7
user_7,tt0800240,7
user_7,tt0800241,7
user_7,tt0800320,6
user_7,tt0800325,6
user_7,tt0800369,7
user_7,tt0803096,6
user_7,tt0804461,7
user_7,tt0804497,6
user_7,tt0804540,6
user_7,tt0805564,8
user_7,tt0805570,6
user_7,tt0806027,7
user_7,tt0808151,7
user_7,tt0808279,6
user_7,tt0808306,6
user_7,tt0808399,7
user_7,tt0808417,8
user_7,tt0808506,8
user_7,tt0808510,5
user_7,tt0810819,8
user_7,tt0810913,3
user_7,tt0813547,6
user_7,tt0814255,6
user_7,tt0814314,9
user_7,tt0814685,5
user_7,tt0815178,5
user_7,tt0815236,7
user_7,tt0815244,7
user_7,tt0815245,7
user_7,tt0816442,6
user_7,tt0816462,4
user_7,tt0816692,9
user_7,tt0816711,7
user_7,tt0817177,8
user_7,tt0817230,6
user_7,tt0817538,5
user_7,tt0821640,5
user_7,tt0822832,8
user_7,tt0822847,6
user_7,tt0822854,10
user_7,tt0824747,9
user_7,tt0825232,9
user_7,tt0827503,6
user_7,tt0828393,6
user_7,tt0829150,6
user_7,tt0829193,8
user_7,tt0829482,8
user_7,tt0830515,7
user_7,tt0831387,7
user_7,tt0831887,5
user_7,tt0832266,8
user_7,tt0834001,8
user_7,tt0837106,7
user_7,tt0837562,8
user_7,tt0837563,4
user_7,tt0838221,7
user_7,tt0838247,5
user_7,tt0838283,5
user_7,tt0839980,6
user_7,tt0840361,6
user_7,tt0841046,8
user_7,tt0842926,6
user_7,tt0844471,6
user_7,tt0844479,5
user_7,tt0844666,6
user_7,tt0844708,7
user_7,tt0844993,6
user_7,tt0848228,9
user_7,tt0848537,8
user_7,tt0848557,5
user_7,tt0851578,9
user_7,tt0852713,6
user_7,tt0855822,8
user_7,tt0857191,9
user_7,tt0858486,6
user_7,tt0859163,5
user_7,tt0861689,6
user_7,tt0861739,10
user_7,tt0862846,7
user_7,tt0862856,8
user_7,tt0865556,6
user_7,tt0865951,5
user_7,tt0866439,6
user_7,tt0870111,8
user_7,tt0870984,8
user_7,tt0871510,10
user_7,tt0872190,5
user_7,tt0872230,6
user_7,tt0873886,8
user_7,tt0875113,8
user_7,tt0876563,8
user_7,tt0878695,7
user_7,tt0878804,8
user_7,tt0880578,7
user_7,tt0881320,7
user_7,tt0881891,4
user_7,tt0882977,8
user_7,tt0884328,8
user_7,tt0884732,7
user_7,tt0887883,6
user_7,tt0887912,9
user_7,tt0889573,6
user_7,tt0889583,7
user_7,tt0890870,7
user_7,tt0891527,8
user_7,tt0892318,8
user_7,tt0892767,5
user_7,tt0892769,6
user_7,tt0892782,6
user_7,tt0892791,4
user_7,tt0897361,3
user_7,tt0898367,8
user_7,tt0900387,7
user_7,tt0901476,7
user_7,tt0901507,6
user_7,tt0903624,10
user_7,tt0903657,7
user_7,tt0905372,6
user_7,tt0907657,7
user_7,tt0910554,9
user_7,tt0910936,6
user_7,tt0910970,9
user_7,tt0913354,5
user_7,tt0913968,8
user_7,tt0914798,8
user_7,tt0918927,7
user_7,tt0918940,8
user_7,tt0922642,4
user_7,tt0926084,8
user_7,tt0929425,7
user_7,tt0929632,8
user_7,tt0935075,7
user_7,tt0936501,7
user_7,tt0938283,4
user_7,tt0942384,8
user_7,tt0942385,7
user_7,tt0944835,7
user_7,tt0945513,8
user_7,tt0947798,9
user_7,tt0947802,7
user_7,tt0947810,6
user_7,tt0948470,6
user_7,tt0948544,7
user_7,tt0949731,5
user_7,tt0951216,7
user_7,tt0954947,7
user_7,tt0954990,6
user_7,tt0955308,6
user_7,tt0959337,9
user_7,tt0960144,7
user_7,tt0960731,4
user_7,tt0960741,7
user_7,tt0960890,4
user_7,tt0962726,6
user_7,tt0962736,6
user_7,tt0963178,9
user_7,tt0963794,6
user_7,tt0963966,7
user_7,tt0964516,7
user_7,tt0964517,8
user_7,tt0968264,6
user_7,tt0969345,8
user_7,tt0970179,9
user_7,tt0970411,6
user_7,tt0970416,6
user_7,tt0970866,5
user_7,tt0974015,8
user_7,tt0974554,6
user_7,tt0974661,6
user_7,tt0975645,7
user_7,tt0976051,8
user_7,tt0976222,8
user_7,tt0976247,6
user_7,tt0978762,9
user_7,tt0978764,5
user_7,tt0980970,7
user_7,tt0981227,7
user_7,tt0983193,6
user_7,tt0984177,8
user_7,tt0985694,6
user_7,tt0985699,8
user_7,tt0986233,8
user_7,tt0986263,6
user_7,tt0986264,8
user_7,tt0988045,7
user_7,tt0988047,7
user_7,tt0988595,7
user_7,tt0989757,7
user_7,tt0990407,5
user_7,tt0993778,8
user_7,tt0993842,7
user_7,tt0993846,7
user_7,tt0995039,7
user_7,tt0997047,6
user_7,tt0997152,5
user_7,tt1000774,8
user_7,tt1001508,7
user_7,tt1001526,6
user_7,tt10023024,5
user_7,tt10034272,9
user_7,tt1007028,5
user_7,tt1007029,6
user_7,tt1010048,7
user_7,tt1012804,6
user_7,tt1013743,6
user_7,tt1013752,5
user_7,tt1013753,8
user_7,tt1014759,9
user_7,tt1014763,7
user_7,tt1014774,9
user_7,tt1014775,5
user_7,tt1017451,7
user_7,tt1017460,6
user_7,tt1019452,7
user_7,tt1020072,8
user_7,tt1020530,6
user_7,tt1020558,7
user_7,tt1022603,9
user_7,tt1023111,6
user_7,tt1023114,8
user_7,tt1023481,8
user_7,tt1023500,7
user_7,tt1024255,5
user_7,tt1024648,9
user_7,tt1025100,6
user_7,tt1027718,5
user_7,tt1028528,8
user_7,tt1028532,9
user_7,tt1029234,10
user_7,tt1029241,7
user_7,tt1031280,6
user_7,tt1032755,8
user_7,tt1032815,6
user_7,tt1033575,8
user_7,tt1033643,8
user_7,tt1034032,6
user_7,tt1034303,7
user_7,tt1034314,7
user_7,tt1034385,7
user_7,tt1034389,5
user_7,tt1034415,6
user_7,tt1035736,8
user_7,tt10370932,8
user_7,tt1037705,7
user_7,tt10384504,9
user_7,tt1038686,5
user_7,tt1038919,6
user_7,tt1038988,7
user_7,tt1041829,7
user_7,tt1043635,8
user_7,tt1045658,6
user_7,tt1045670,8
user_7,tt1045772,7
user_7,tt1045778,6
user_7,tt1046173,6
user_7,tt1049413,8
user_7,tt1050160,6
user_7,tt1051904,5
user_7,tt1051906,7
user_7,tt1051907,8
user_7,tt10530392,8
user_7,tt1053424,7
user_7,tt1053859,4
user_7,tt1054606,8
user_7,tt1055292,6
user_7,tt1055369,5
user_7,tt1056437,5
user_7,tt1057500,8
user_7,tt1058017,6
user_7,tt10583170,6
user_7,tt1059786,5
user_7,tt1059925,5
user_7,tt1060277,7
user_7,tt1063669,9
user_7,tt10648440,8
user_7,tt1064932,7
user_7,tt1065073,7
user_7,tt1067106,6
user_7,tt1067583,7
user_7,tt1067733,8
user_7,tt1067765,6
user_7,tt1068680,9
user_7,tt1071875,5
user_7,tt1072748,5
user_7,tt1073498,3
user_7,tt1074638,9
user_7,tt1075417,5
user_7,tt1075747,4
user_7,tt1077258,9
user_7,tt1077368,7
user_7,tt1078588,8
user_7,tt1078912,7
user_7,tt1078940,5
user_7,tt1079974,4
user_7,tt1080016,7
user_7,tt1082868,6
user_7,tt1083456,5
user_7,tt1085492,5
user_7,tt1086772,9
user_7,tt1091191,7
user_7,tt1091722,7
user_7,tt1092011,6
user_7,tt1092016,7
user_7,tt1092026,7
user_7,tt1093370,8
user_7,tt1093908,7
user_7,tt1095217,8
user_7,tt1097015,2
user_7,tt1098327,3
user_7,tt1099212,4
user_7,tt10994688,7
user_7,tt1100089,6
user_7,tt1104001,7
user_7,tt1106860,6
user_7,tt1109624,8
user_7,tt1111422,6
user_7,tt1114740,6
user_7,tt1119646,6
user_7,tt11199856,7
user_7,tt1120985,8
user_7,tt1121794,9
user_7,tt1121931,5
user_7,tt1124035,7
user_7,tt1125849,8
user_7,tt1126590,8
user_7,tt1126591,9
user_7,tt1126618,6
user_7,tt1127180,7
user_7,tt1127715,8
user_7,tt1129415,5
user_7,tt1129442,6
user_7,tt1130884,8
user_7,tt1130988,6
user_7,tt1131729,7
user_7,tt1131734,5
user_7,tt1132620,9
user_7,tt1132626,5
user_7,tt1133936,10
user_7,tt1133985,5
user_7,tt1133991,7
user_7,tt1134854,6
user_7,tt1135503,9
user_7,tt1136608,8
user_7,tt1137450,7
user_7,tt1139328,8
user_7,tt1139668,5
user_7,tt1139797,8
user_7,tt1142977,6
user_7,tt1142988,6
user_7,tt1144884,4
user_7,tt1146314,5
user_7,tt1148204,8
user_7,tt1149362,10
user_7,tt1152836,8
user_7,tt1152850,5
user_7,tt1155056,6
user_7,tt1155060,7
user_7,tt1155076,5
user_7,tt1156398,8
user_7,tt1160368,6
user_7,tt1160996,6
user_7,tt1161864,7
user_7,tt1164999,8
user_7,tt1166100,9
user_7,tt1167638,7
user_7,tt1170358,8
user_7,tt1171701,7
user_7,tt1172049,8
user_7,tt1172570,6
user_7,tt1174732,10
user_7,tt1175709,6
user_7,tt1176252,5
user_7,tt1176724,6
user_7,tt1179034,9
user_7,tt1179056,6
user_7,tt1179069,6
user_7,tt1179259,9
user_7,tt1179891,7
user_7,tt1179904,4
user_7,tt1179933,6
user_7,tt1182345,9
user_7,tt1183374,7
user_7,tt1183665,6
user_7,tt1183911,8
user_7,tt1185416,6
user_7,tt1186367,8
user_7,tt1186830,6
user_7,tt1187043,8
user_7,tt1187064,8
user_7,tt1188729,9
user_7,tt1188996,7
user_7,tt1189073,8
user_7,tt1189340,8
user_7,tt1190080,6
user_7,tt1190539,9
user_7,tt1191111,8
user_7,tt1192628,6
user_7,tt1193138,9
user_7,tt1194173,6
user_7,tt1194263,8
user_7,tt1194417,7
user_7,tt1195478,5
user_7,tt1197624,8
user_7,tt1197628,8
user_7,tt1198138,4
user_7,tt1198156,7
user_7,tt1198408,6
user_7,tt1200272,6
user_7,tt1201167,6
user_7,tt1201607,8
user_7,tt1204342,8
user_7,tt1204975,6
user_7,tt1204977,6
user_7,tt1205489,8
user_7,tt1205537,6
user_7,tt1206543,6
user_7,tt1206885,7
user_7,tt1209377,7
user_7,tt1210166,9
user_7,tt1210819,6
user_7,tt1211837,8
user_7,tt1211956,8
user_7,tt1212419,7
user_7,tt1212428,7
user_7,tt1212436,3
user_7,tt1212450,8
user_7,tt1213641,7
user_7,tt1213644,4
user_7,tt1213663,8
user_7,tt1216475,7
user_7,tt1216487,8
user_7,tt1216492,7
user_7,tt1217209,8
user_7,tt1217613,6
user_7,tt1219289,8
user_7,tt1219342,9
user_7,tt1219827,6
user_7,tt1220198,7
user_7,tt1220634,7
user_7,tt1220719,10
user_7,tt1220888,5
user_7,tt1222817,6
user_7,tt1226229,6
user_7,tt1226236,6
user_7,tt1226271,6
user_7,tt1226273,7
user_7,tt1226753,8
user_7,tt1226837,6
user_7,tt1228705,8
user_7,tt1228987,6
user_7,tt1229238,9
user_7,tt1229340,6
user_7,tt1230385,6
user_7,tt1230414,7
user_7,tt1231580,4
user_7,tt1231583,7
user_7,tt1231587,4
user_7,tt1232200,6
user_7,tt1232776,7
user_7,tt1232783,6
user_7,tt1232829,9
user_7,tt1233192,8
user_7,tt1233227,6
user_7,tt1233381,8
user_7,tt1234548,7
user_7,tt1234719,5
user_7,tt1234721,5
user_7,tt1235124,6
user_7,tt1235166,8
user_7,tt1235189,7
user_7,tt1235522,5
user_7,tt1235536,5
user_7,tt1235830,8
user_7,tt1235841,6
user_7,tt1236471,5
user_7,tt1237838,10
user_7,tt1240982,5
user_7,tt1241317,4
user_7,tt1242422,8
user_7,tt1242460,10
user_7,tt1243957,7
user_7,tt1243974,6
user_7,tt1244668,8
user_7,tt1245492,7
user_7,tt1245526,8
user_7,tt1247692,6
user_7,tt1250777,6
user_7,tt1251725,7
user_7,tt1251757,5
user_7,tt1253863,7
user_7,tt1253864,7
user_7,tt1255919,5
user_7,tt1255953,8
user_7,tt1258197,8
user_7,tt1258972,5
user_7,tt1259014,7
user_7,tt1259521,7
user_7,tt1259528,7
user_7,tt1259571,6
user_7,tt1261047,9
user_7,tt1261945,3
user_7,tt1262413,4
user_7,tt1262416,6
user_7,tt1265990,6
user_7,tt1266029,8
user_7,tt1266036,5
user_7,tt1267297,7
user_7,tt1268799,7
user_7,tt1270262,6
user_7,tt1270291,7
user_7,tt1270797,7
user_7,tt1270798,7
user_7,tt1272878,7
user_7,tt1273235,4
user_7,tt1274586,5
user_7,tt1276104,8
user_7,tt1276105,7
user_7,tt1276419,8
user_7,tt1277953,6
user_7,tt1278340,7
user_7,tt1279935,5
user_7,tt1280558,8
user_7,tt1282041,6
user_7,tt1282140,9
user_7,tt1284575,6
user_7,tt1285009,6
user_7,tt1285016,8
user_7,tt1285241,9
user_7,tt1285309,6
user_7,tt1288558,6
user_7,tt1289401,5
user_7,tt1289403,9
user_7,tt1289406,7
user_7,tt1291150,7
user_7,tt1291182,5
user_7,tt1291570,7
user_7,tt1291584,8
user_7,tt1291652,7
user_7,tt1292566,6
user_7,tt1292575,9
user_7,tt1292703,8
user_7,tt1293842,6
user_7,tt1293847,5
user_7,tt1296898,6
user_7,tt1297919,7
user_7,tt1298649,5
user_7,tt1298650,7
user_7,tt1300851,7
user_7,tt1300853,5
user_7,tt1300854,7
user_7,tt1302006,7
user_7,tt1302011,7
user_7,tt1303828,6
user_7,tt1305806,7
user_7,tt1306980,7
user_7,tt1307068,6
user_7,tt1310373,5
user_7,tt1314228,4
user_7,tt1314655,7
user_7,tt1315981,8
user_7,tt1316536,7
user_7,tt1316540,8
user_7,tt1318514,9
user_7,tt1319704,6
user_7,tt1320253,7
user_7,tt1320291,5
user_7,tt1320355,4
user_7,tt1321509,8
user_7,tt1321511,5
user_7,tt1321860,7
user_7,tt1321870,6
user_7,tt1322269,8
user_7,tt1322312,8
user_7,tt1323594,6
user_7,tt1324999,6
user_7,tt1325004,7
user_7,tt1327194,7
user_7,tt1327773,8
user_7,tt1329454,6
user_7,tt1332125,6
user_7,tt1333125,3
user_7,tt1334260,9
user_7,tt1334512,7
user_7,tt1334537,5
user_7,tt1334553,8
user_7,tt1335975,4
user_7,tt1336608,7
user_7,tt1336617,6
user_7,tt1340138,4
user_7,tt1340800,6
user_7,tt1342403,6
user_7,tt1343084,6
user_7,tt1343092,7
user_7,tt1343097,8
user_7,tt1343727,7
user_7,tt1345776,10
user_7,tt1345836,8
user_7,tt1351685,8
user_7,tt1352824,7
user_7,tt1355630,8
user_7,tt1355631,6
user_7,tt1355644,8
user_7,tt1355683,7
user_7,tt1356864,5
user_7,tt1365050,9
user_7,tt1365519,6
user_7,tt1366344,7
user_7,tt1371111,7
user_7,tt1371150,7
user_7,tt1371574,8
user_7,tt1371619,6
user_7,tt1372686,7
user_7,tt1374992,6
user_7,tt1375666,7
user_7,tt1375670,6
user_7,tt1379177,8
user_7,tt1379182,7
user_7,tt1385826,6
user_7,tt1385867,8
user_7,tt1386588,7
user_7,tt1386697,7
user_7,tt1386703,7
user_7,tt1386932,9
user_7,tt1389072,6
user_7,tt1389096,6
user_7,tt1389137,7
user_7,tt1390411,6
user_7,tt1392170,8
user_7,tt1392190,7
user_7,tt1392214,9
user_7,tt1396218,6
user_7,tt1396226,8
user_7,tt1396484,7
user_7,tt1397280,5
user_7,tt1397514,6
user_7,tt1398426,8
user_7,tt1399103,7
user_7,tt1399683,7
user_7,tt1401152,7
user_7,tt1402488,5
user_7,tt1403865,8
user_7,tt1403981,8
user_7,tt1405365,5
user_7,tt1407084,3
user_7,tt1408101,8
user_7,tt1408253,7
user_7,tt1409024,8
user_7,tt1410051,4
user_7,tt1410063,7
user_7,tt1411238,6
user_7,tt1411250,6
user_7,tt1411276,7
user_7,tt1411697,6
user_7,tt1413492,7
user_7,tt1413495,7
user_7,tt1414361,4
user_7,tt1414382,5
user_7,tt1414827,6
user_7,tt1416801,9
user_7,tt1418377,5
user_7,tt1424366,6
user_7,tt1424381,5
user_7,tt1428538,7
user_7,tt1430132,8
user_7,tt1430626,8
user_7,tt1431045,7
user_7,tt1433108,7
user_7,tt1433810,6
user_7,tt1433811,7
user_7,tt1433822,4
user_7,tt1433905,7
user_7,tt1434447,7
user_7,tt1436562,5
user_7,tt1437358,7
user_7,tt1438176,7
user_7,tt1438216,6
user_7,tt1438254,6
user_7,tt1438461,6
user_7,tt1440129,6
user_7,tt1440232,8
user_7,tt1440292,6
user_7,tt1440728,6
user_7,tt1441395,8
user_7,tt1441951,6
user_7,tt1441952,8
user_7,tt1441953,7
user_7,tt1442519,6
user_7,tt1446072,4
user_7,tt1446192,9
user_7,tt1446714,6
user_7,tt1447508,6
user_7,tt1448755,6
user_7,tt1450321,7
user_7,tt1453245,6
user_7,tt1453405,7
user_7,tt1454029,10
user_7,tt1454468,7
user_7,tt1454603,8
user_7,tt1457767,7
user_7,tt1458169,5
user_7,tt1458175,8
user_7,tt1462758,5
user_7,tt1464540,8
user_7,tt1465522,8
user_7,tt1467304,5
user_7,tt1467391,5
user_7,tt1469304,5
user_7,tt1470023,4
user_7,tt1470827,6
user_7,tt1470859,7
user_7,tt1473832,7
user_7,tt1477076,7
user_7,tt1477834,6
user_7,tt1477837,5
user_7,tt1478338,6
user_7,tt1478964,7
user_7,tt1482459,7
user_7,tt1483013,6
user_7,tt1483753,7
user_7,tt1485749,6
user_7,tt1485796,6
user_7,tt1486185,5
user_7,tt1486834,7
user_7,tt1488555,7
user_7,tt1488606,8
user_7,tt1489264,3
user_7,tt1489887,6
user_7,tt1489889,6
user_7,tt1490017,8
user_7,tt1491044,8
user_7,tt1496025,7
user_7,tt1499658,9
user_7,tt1502397,8
user_7,tt1502407,7
user_7,tt1502712,5
user_7,tt1504320,6
user_7,tt1506999,8
user_7,tt1508349,3
user_7,tt1509767,4
user_7,tt1512235,6
user_7,tt1515091,9
user_7,tt1517260,6
user_7,tt1517451,7
user_7,tt1518812,6
user_7,tt1519245,6
user_7,tt1521197,7
user_7,tt1524134,4
user_7,tt1524137,6
user_7,tt1524930,6
user_7,tt1525366,7
user_7,tt1527186,8
user_7,tt1527788,9
user_7,tt1528071,6
user_7,tt1528100,7
user_7,tt1528854,5
user_7,tt1529635,6
user_7,tt1530509,5
user_7,tt1531901,7
user_7,tt1532503,9
user_7,tt1532958,4
user_7,tt1535108,9
user_7,tt1535109,7
user_7,tt1535616,5
user_7,tt1536044,6
user_7,tt1536537,7
user_7,tt1538403,7
user_7,tt1540133,7
user_7,tt1542344,7
user_7,tt1545660,7
user_7,tt1547234,7
user_7,tt1549572,7
user_7,tt1549920,6
user_7,tt1552211,5
user_7,tt1552221,5
user_7,tt1552224,5
user_7,tt1555149,6
user_7,tt1559547,6
user_7,tt1560220,7
user_7,tt1560747,8
user_7,tt1560985,3
user_7,tt1562871,7
user_7,tt1562872,8
user_7,tt1563738,6
user_7,tt1564367,6
user_7,tt1564585,4
user_7,tt1567609,8
user_7,tt1568338,6
user_7,tt1568346,8
user_7,tt1568911,7
user_7,tt1568921,8
user_7,tt1570728,8
user_7,tt1571222,5
user_7,tt1571234,7
user_7,tt1578275,5
user_7,tt1582507,4
user_7,tt1583420,4
user_7,tt1583421,6
user_7,tt1586265,7
user_7,tt1586752,7
user_7,tt1587310,6
user_7,tt1587828,6
user_7,tt1588170,7
user_7,tt1588173,7
user_7,tt1588334,7
user_7,tt1590089,9
user_7,tt1590193,7
user_7,tt1591095,7
user_7,tt1592281,6
user_7,tt1592525,7
user_7,tt1596343,9
user_7,tt1596346,9
user_7,tt1596350,8
user_7,tt1596363,7
user_7,tt1596365,6
user_7,tt1597033,5
user_7,tt1598642,6
user_7,tt1598778,8
user_7,tt1598822,5
user_7,tt1599348,4
user_7,tt1600195,4
user_7,tt1600196,8
user_7,tt1601913,6
user_7,tt1602613,6
user_7,tt1602620,7
user_7,tt1603257,6
user_7,tt1605630,8
user_7,tt1605717,9
user_7,tt1605769,6
user_7,tt1605783,9
user_7,tt1606378,4
user_7,tt1606389,7
user_7,tt1610525,7
user_7,tt1611224,5
user_7,tt1612774,6
user_7,tt1613750,7
user_7,tt1614408,6
user_7,tt1614989,7
user_7,tt1615065,6
user_7,tt1615147,6
user_7,tt1615160,8
user_7,tt1615918,6
user_7,tt1616195,7
user_7,tt1617661,4
user_7,tt1618434,6
user_7,tt1618442,7
user_7,tt1619029,6
user_7,tt1621039,3
user_7,tt1621045,9
user_7,tt1622979,5
user_7,tt1623205,7
user_7,tt1623288,7
user_7,tt1625346,6
user_7,tt1628841,5
user_7,tt1629439,2
user_7,tt1631867,6
user_7,tt1632708,8
user_7,tt1634013,9
user_7,tt1634106,5
user_7,tt1634122,7
user_7,tt1636826,7
user_7,tt1637688,6
user_7,tt1637706,6
user_7,tt1637725,9
user_7,tt1638002,9
user_7,tt1638350,7
user_7,tt1638355,10
user_7,tt1639426,9
user_7,tt1640459,8
user_7,tt1642194,5
user_7,tt1645170,6
user_7,tt1646971,9
user_7,tt1646987,7
user_7,tt1647668,7
user_7,tt1648112,5
user_7,tt1648179,7
user_7,tt1648190,4
user_7,tt1648216,7
user_7,tt1649419,8
user_7,tt1650062,8
user_7,tt1650554,6
user_7,tt1653690,5
user_7,tt1655441,10
user_7,tt1655442,7
user_7,tt1655460,7
user_7,tt1656190,7
user_7,tt1656192,7
user_7,tt1659337,7
user_7,tt1661199,7
user_7,tt1661382,7
user_7,tt1663143,5
user_7,tt1663202,8
user_7,tt1663662,9
user_7,tt1667353,6
user_7,tt1667889,8
user_7,tt1670345,8
user_7,tt1672845,7
user_7,tt1673434,6
user_7,tt1674771,9
user_7,tt1674773,6
user_7,tt1675192,9
user_7,tt1675434,10
user_7,tt1677720,8
user_7,tt1679290,9
user_7,tt1679335,9
user_7,tt1682180,5
user_7,tt1684233,6
user_7,tt1686821,5
user_7,tt1687901,8
user_7,tt1690953,7
user_7,tt1691917,6
user_7,tt1692486,9
user_7,tt1694020,6
user_7,tt1696190,7
user_7,tt1698648,6
user_7,tt1699231,5
user_7,tt1699755,4
user_7,tt1700841,7
user_7,tt1702014,6
user_7,tt1702429,7
user_7,tt1702439,8
user_7,tt1704573,6
user_7,tt1706470,6
user_7,tt1706593,7
user_7,tt1706620,7
user_7,tt1707386,8
user_7,tt1708483,6
user_7,tt1708532,4
user_7,tt1709143,6
user_7,tt1711425,5
user_7,tt1711525,5
user_7,tt1712261,6
user_7,tt1713476,6
user_7,tt1714206,6
user_7,tt1714210,6
user_7,tt1714833,6
user_7,tt1714915,7
user_7,tt1715223,3
user_7,tt1716772,6
user_7,tt1716777,8
user_7,tt1720616,8
user_7,tt1723121,7
user_7,tt1723811,7
user_7,tt1726592,5
user_7,tt1726669,7
user_7,tt1727388,8
user_7,tt1727776,5
user_7,tt1727824,7
user_7,tt1729226,8
user_7,tt1730689,5
user_7,tt1731141,7
user_7,tt1735485,7
user_7,tt1735898,6
user_7,tt1741542,7
user_7,tt1742334,6
user_7,tt1743711,6
user_7,tt1748122,7
user_7,tt1748197,5
user_7,tt1753383,5
user_7,tt1758610,8
user_7,tt1758692,8
user_7,tt1758810,3
user_7,tt1758830,4
user_7,tt1764234,5
user_7,tt1764600,8
user_7,tt1764651,7
user_7,tt1765729,5
user_7,tt1772240,6
user_7,tt1772341,8
user_7,tt1781769,6
user_7,tt1783232,7
user_7,tt1783732,7
user_7,tt1785635,6
user_7,tt1787127,7
user_7,tt1790809,7
user_7,tt1790864,7
user_7,tt1790885,5
user_7,tt1790886,6
user_7,tt1791528,9
user_7,tt1791682,5
user_7,tt1798188,8
user_7,tt1798684,7
user_7,tt1798709,8
user_7,tt1800241,8
user_7,tt1800246,6
user_7,tt1801051,7
user_7,tt1809398,8
user_7,tt1815862,5
user_7,tt1816518,8
user_7,tt1817081,5
user_7,tt1817273,8
user_7,tt1821549,8
user_7,tt1821694,6
user_7,tt1821700,10
user_7,tt1823672,6
user_7,tt1825157,6
user_7,tt1825683,6
user_7,tt1827512,6
user_7,tt1828148,6
user_7,tt1829012,4
user_7,tt1832382,10
user_7,tt1833844,7
user_7,tt1836907,6
user_7,tt1836944,6
user_7,tt1837703,7
user_7,tt1837709,4
user_7,tt1838722,6
user_7,tt1839492,8
user_7,tt1840309,6
user_7,tt1843202,5
user_7,tt1843866,9
user_7,tt1846445,8
user_7,tt1846589,5
user_7,tt1847731,7
user_7,tt1849718,7
user_7,tt1850457,6
user_7,tt1853728,8
user_7,tt1853739,6
user_7,tt1854564,7
user_7,tt1855199,7
user_7,tt1855325,5
user_7,tt1856101,9
user_7,tt1859650,6
user_7,tt1860213,6
user_7,tt1860242,9
user_7,tt1860353,6
user_7,tt1860357,7
user_7,tt1862079,8
user_7,tt1864455,8
user_7,tt1865346,4
user_7,tt1870529,7
user_7,tt1872102,5
user_7,tt1872181,7
user_7,tt1872194,8
user_7,tt1877832,10
user_7,tt1878870,8
user_7,tt1880399,6
user_7,tt1883180,6
user_7,tt1885331,6
user_7,tt1891755,7
user_7,tt1893256,6
user_7,tt1894476,7
user_7,tt1895587,8
user_7,tt1899353,5
user_7,tt1904996,7
user_7,tt1905041,9
user_7,tt1907668,8
user_7,tt1911644,6
user_7,tt1911658,7
user_7,tt1912398,7
user_7,tt1915581,6
user_7,tt1919090,4
user_7,tt1921064,6
user_7,tt1922685,6
user_7,tt1922777,6
user_7,tt1924396,8
user_7,tt1924429,6
user_7,tt1924435,6
user_7,tt1928330,5
user_7,tt1929263,5
user_7,tt1931533,9
user_7,tt1932695,6
user_7,tt1935179,9
user_7,tt1935194,4
user_7,tt1935859,8
user_7,tt1935914,5
user_7,tt1937118,8
user_7,tt1937149,8
user_7,tt1937264,6
user_7,tt1937390,7
user_7,tt1939659,6
user_7,tt1950186,8
user_7,tt1951261,8
user_7,tt1951264,8
user_7,tt1951265,9
user_7,tt1951266,7
user_7,tt1954470,10
user_7,tt1956620,6
user_7,tt1959490,8
user_7,tt1959563,8
user_7,tt1961175,8
user_7,tt1964418,7
user_7,tt1964995,7
user_7,tt1965272,8
user_7,tt1972591,6
user_7,tt1974419,6
user_7,tt1975159,6
user_7,tt1975249,5
user_7,tt1976000,4
user_7,tt1976009,7
user_7,tt1979320,8
user_7,tt1979376,9
user_7,tt1979388,7
user_7,tt1980209,8
user_7,tt1980929,8
user_7,tt1980986,7
user_7,tt1981115,8
user_7,tt1981128,6
user_7,tt1981677,8
user_7,tt1985949,8
user_7,tt1985966,6
user_7,tt1986202,8
user_7,tt1988781,3
user_7,tt1990216,6
user_7,tt1990314,7
user_7,tt1991245,5
user_7,tt1996264,7
user_7,tt1999995,4
user_7,tt2002718,5
user_7,tt2004420,7
user_7,tt2005151,6
user_7,tt2006040,8
user_7,tt2008006,9
user_7,tt2015381,7
user_7,tt2017038,6
user_7,tt2023587,5
user_7,tt2024432,7
user_7,tt2024469,6
user_7,tt2024544,8
user_7,tt2025690,7
user_7,tt2034800,4
user_7,tt2039338,6
user_7,tt2040578,3
user_7,tt2042568,7
user_7,tt2043933,6
user_7,tt2051879,7
user_7,tt2053425,6
user_7,tt2053463,8
user_7,tt2057392,8
user_7,tt2059171,7
user_7,tt2066051,8
user_7,tt2070776,6
user_7,tt2076298,6
user_7,tt2080374,6
user_7,tt2082197,7
user_7,tt2083231,6
user_7,tt2084970,8
user_7,tt2084989,7
user_7,tt2090488,6
user_7,tt2091473,5
user_7,tt2091935,6
user_7,tt2093991,7
user_7,tt2094064,8
user_7,tt2094766,6
user_7,tt2096672,5
user_7,tt2096673,10
user_7,tt2101441,5
user_7,tt2101473,6
user_7,tt2102502,4
user_7,tt2103254,6
user_7,tt2103267,6
user_7,tt2103281,7
user_7,tt2106476,9
user_7,tt2106651,8
user_7,tt2109184,5
user_7,tt2109248,5
user_7,tt2112124,8
user_7,tt2112210,7
user_7,tt2113681,9
user_7,tt2114440,5
user_7,tt2118624,5
user_7,tt2119532,7
user_7,tt2119543,7
user_7,tt2120120,6
user_7,tt2126355,6
user_7,tt2132285,6
user_7,tt2132374,6
user_7,tt2139881,8
user_7,tt2140373,7
user_7,tt2140379,8
user_7,tt2140479,7
user_7,tt2170439,7
user_7,tt2170593,8
user_7,tt2172934,6
user_7,tt2172985,6
user_7,tt2176013,6
user_7,tt2177771,8
user_7,tt2179116,8
user_7,tt2179136,8
user_7,tt2180411,7
user_7,tt2181282,5
user_7,tt2184339,7
user_7,tt2187884,5
user_7,tt2191701,6
user_7,tt2191765,5
user_7,tt2191888,7
user_7,tt2193215,6
user_7,tt2194499,6
user_7,tt2197849,6
user_7,tt2199571,6
user_7,tt2203939,6
user_7,tt2203951,8
user_7,tt2204340,6
user_7,tt2205697,9
user_7,tt2209418,8
user_7,tt2209764,7
user_7,tt2210463,5
user_7,tt2213054,9
user_7,tt2223990,8
user_7,tt2224026,7
user_7,tt2224313,7
user_7,tt2226417,7
user_7,tt2226597,6
user_7,tt2229499,6
user_7,tt2230358,6
user_7,tt2231461,5
user_7,tt2234003,8
user_7,tt2234155,8
user_7,tt2235108,7
user_7,tt2235779,4
user_7,tt2238032,4
user_7,tt2238050,5
user_7,tt2239822,6
user_7,tt2241351,9
user_7,tt2243537,4
user_7,tt2245084,10
user_7,tt2247476,7
user_7,tt2250912,8
user_7,tt2258281,6
user_7,tt2258337,10
user_7,tt2261287,6
user_7,tt2262227,8
user_7,tt2265171,10
user_7,tt2265191,5
user_7,tt2265534,4
user_7,tt2267968,8
user_7,tt2267998,9
user_7,tt2268016,6
user_7,tt2273657,8
user_7,tt2274570,7
user_7,tt2277860,8
user_7,tt2278388,8
user_7,tt2278871,8
user_7,tt2279373,5
user_7,tt2283336,5
user_7,tt2283362,9
user_7,tt2283748,8
user_7,tt2290397,6
user_7,tt2290828,8
user_7,tt2293640,8
user_7,tt2294449,6
user_7,tt2294593,7
user_7,tt2294629,7
user_7,tt2294677,7
user_7,tt2302583,6
user_7,tt2302755,6
user_7,tt2304933,6
user_7,tt2305051,7
user_7,tt2308260,5
user_7,tt2310332,7
user_7,tt2312718,6
user_7,tt2315596,5
user_7,tt2316204,7
user_7,tt2316411,6
user_7,tt2318527,6
user_7,tt2321549,7
user_7,tt2322441,5
user_7,tt2322641,7
user_7,tt2328900,8
user_7,tt2333508,2
user_7,tt2333784,8
user_7,tt2333804,6
user_7,tt2334873,6
user_7,tt2334879,6
user_7,tt2338151,7
user_7,tt2338454,7
user_7,tt2343793,7
user_7,tt2345513,5
user_7,tt2345759,6
user_7,tt2347569,7
user_7,tt2350496,9
user_7,tt2357129,6
user_7,tt2357291,8
user_7,tt2358592,10
user_7,tt2358891,6
user_7,tt2358911,9
user_7,tt2359024,8
user_7,tt2361509,6
user_7,tt2364547,7
user_7,tt2364841,6
user_7,tt2368254,6
user_7,tt2368619,7
user_7,tt2369135,7
user_7,tt2370248,8
user_7,tt2372678,6
user_7,tt2375559,10
user_7,tt2377938,7
user_7,tt2378191,5
user_7,tt2378281,9
user_7,tt2379713,7
user_7,tt2380307,8
user_7,tt2381111,8
user_7,tt2381249,7
user_7,tt2381941,9
user_7,tt2381991,6
user_7,tt2382009,7
user_7,tt2382396,6
user_7,tt2386490,5
user_7,tt2387433,7
user_7,tt2387499,6
user_7,tt2387559,7
user_7,tt2388637,6
user_7,tt2388715,5
user_7,tt2388819,7
user_7,tt2390237,8
user_7,tt2390361,8
user_7,tt2393845,5
user_7,tt2395427,7
user_7,tt2397535,7
user_7,tt2398231,5
user_7,tt2400463,8
user_7,tt2402101,7
user_7,tt2402157,6
user_7,tt2402603,6
user_7,tt2402927,7
user_7,tt2404181,8
user_7,tt2404233,8
user_7,tt2404311,5
user_7,tt2404425,6
user_7,tt2404435,9
user_7,tt2404463,6
user_7,tt2406566,7
user_7,tt2425486,7
user_7,tt2428170,6
user_7,tt2429074,6
user_7,tt2431286,7
user_7,tt2436386,4
user_7,tt2438644,9
user_7,tt2446042,7
user_7,tt2446980,5
user_7,tt2452042,7
user_7,tt2452254,8
user_7,tt2452386,8
user_7,tt2458314,8
user_7,tt2461150,5
user_7,tt2463154,5
user_7,tt2481498,7
user_7,tt2488496,7
user_7,tt2493486,5
user_7,tt2494280,5
user_7,tt2494362,8
user_7,tt2503944,8
user_7,tt2504308,6
user_7,tt2510894,6
user_7,tt2527336,7
user_7,tt2527338,7
user_7,tt2528814,6
user_7,tt2531344,5
user_7,tt2543164,6
user_7,tt2543472,8
user_7,tt2544734,7
user_7,tt2544766,8
user_7,tt2547584,8
user_7,tt2548396,7
user_7,tt2554274,8
user_7,tt2555958,7
user_7,tt2557478,6
user_7,tt2557490,6
user_7,tt2560792,6
user_7,tt2561572,6
user_7,tt2562232,7
user_7,tt2567026,5
user_7,tt2567712,7
user_7,tt2576852,9
user_7,tt2582426,4
user_7,tt2582496,6
user_7,tt2582498,8
user_7,tt2582782,8
user_7,tt2582802,8
user_7,tt2582846,9
user_7,tt2584384,9
user_7,tt2592614,6
user_7,tt2620590,5
user_7,tt2625030,7
user_7,tt2626350,8
user_7,tt2631186,9
user_7,tt2637276,7
user_7,tt2638104,7
user_7,tt2638144,8
user_7,tt2645092,5
user_7,tt2649128,6
user_7,tt2649554,7
user_7,tt2653264,7
user_7,tt2660888,6
user_7,tt2668134,6
user_7,tt2669336,9
user_7,tt2671706,7
user_7,tt2674426,9
user_7,tt2674430,5
user_7,tt2692250,7
user_7,tt2692904,7
user_7,tt2704998,7
user_7,tt2709692,6
user_7,tt2709768,7
user_7,tt2713180,7
user_7,tt2713324,7
user_7,tt2717822,5
user_7,tt2719848,7
user_7,tt2720680,7
user_7,tt2737304,6
user_7,tt2756032,7
user_7,tt2763304,6
user_7,tt2771200,5
user_7,tt2772092,2
user_7,tt2787302,8
user_7,tt2788710,5
user_7,tt2788716,5
user_7,tt2794596,7
user_7,tt2798920,9
user_7,tt2802144,7
user_7,tt2820852,5
user_7,tt2823054,6
user_7,tt2831404,5
user_7,tt2837574,8
user_7,tt2848292,6
user_7,tt2854926,6
user_7,tt2866360,8
user_7,tt2870612,9
user_7,tt2872462,5
user_7,tt2872718,6
user_7,tt2872732,7
user_7,tt2872810,5
user_7,tt2873282,6
user_7,tt2883512,7
user_7,tt2884018,6
user_7,tt2884206,7
user_7,tt2905674,3
user_7,tt2908446,7
user_7,tt2910274,8
user_7,tt2910814,7
user_7,tt2910904,8
user_7,tt2911666,8
user_7,tt2923316,7
user_7,tt2924442,4
user_7,tt2932536,8
user_7,tt2935476,7
user_7,tt2935510,5
user_7,tt2937898,7
user_7,tt2948356,10
user_7,tt2950330,5
user_7,tt2954474,5
user_7,tt2955316,8
user_7,tt2965412,6
user_7,tt2975578,6
user_7,tt2975590,7
user_7,tt2979920,5
user_7,tt2980516,6
user_7,tt2980592,3
user_7,tt2980648,6
user_7,tt2980794,7
user_7,tt2990140,7
user_7,tt3011894,8
user_7,tt3013610,7
user_7,tt3014866,6
user_7,tt3019620,7
user_7,tt3032282,6
user_7,tt3040964,8
user_7,tt3043252,9
user_7,tt3045616,5
user_7,tt3061836,7
user_7,tt3062096,6
user_7,tt3065204,7
user_7,tt3072482,8
user_7,tt3076658,7
user_7,tt3077108,7
user_7,tt3079380,7
user_7,tt3083008,7
user_7,tt3089778,7
user_7,tt3093522,4
user_7,tt3095734,7
user_7,tt3099498,4
user_7,tt3104988,8
user_7,tt3110958,6
user_7,tt3110960,8
user_7,tt3118452,6
user_7,tt3133722,5
user_7,tt3140100,6
user_7,tt3146360,8
user_7,tt3152624,5
user_7,tt3157224,6
user_7,tt3168230,7
user_7,tt3169706,8
user_7,tt3170832,7
user_7,tt3175038,7
user_7,tt3177332,4
user_7,tt3179568,7
user_7,tt3180652,5
user_7,tt3183630,10
user_7,tt3183660,7
user_7,tt3198000,7
user_7,tt3201640,7
user_7,tt3203616,7
user_7,tt3203996,6
user_7,tt3216348,5
user_7,tt3235888,6
user_7,tt3247714,5
user_7,tt3256226,5
user_7,tt3263904,8
user_7,tt3273636,7
user_7,tt3281548,8
user_7,tt3289956,9
user_7,tt3300542,3
user_7,tt3300980,8
user_7,tt3315342,7
user_7,tt3316948,7
user_7,tt3316960,8
user_7,tt3319920,6
user_7,tt3321300,7
user_7,tt3322420,8
user_7,tt3322940,7
user_7,tt3327624,5
user_7,tt3339674,7
user_7,tt3348730,8
user_7,tt3350996,7
user_7,tt3371366,7
user_7,tt3381008,6
user_7,tt3384870,5
user_7,tt3385516,8
user_7,tt3387520,6
user_7,tt3387542,3
user_7,tt3390572,8
user_7,tt3393786,8
user_7,tt3397884,7
user_7,tt3398268,6
user_7,tt3399896,7
user_7,tt3402236,6
user_7,tt3404158,6
user_7,tt3405236,6
user_7,tt3410834,6
user_7,tt3411444,7
user_7,tt3416532,5
user_7,tt3416742,7
user_7,tt3422078,8
user_7,tt3447364,9
user_7,tt3450650,5
user_7,tt3450958,6
user_7,tt3460252,7
user_7,tt3462696,1
user_7,tt3464902,7
user_7,tt3469046,6
user_7,tt3470600,6
user_7,tt3480796,5
user_7,tt3486626,6
user_7,tt3488710,9
user_7,tt3495026,7
user_7,tt3498820,10
user_7,tt3501632,9
user_7,tt3504048,8
user_7,tt3513548,8
user_7,tt3521126,6
user_7,tt3521164,8
user_7,tt3522806,4
user_7,tt3530002,8
user_7,tt3531824,6
user_7,tt3531852,7
user_7,tt3532216,6
user_7,tt3544112,7
user_7,tt3553442,5
user_7,tt3553976,8
user_7,tt3567288,7
user_7,tt3569230,8
user_7,tt3569788,5
user_7,tt3584496,6
user_7,tt3605418,6
user_7,tt3606752,7
user_7,tt3606756,8
user_7,tt3606888,9
user_7,tt3612616,9
user_7,tt3614516,8
user_7,tt3622592,6
user_7,tt3628584,7
user_7,tt3631112,8
user_7,tt3640424,7
user_7,tt3645178,4
user_7,tt3647498,6
user_7,tt3659388,7
user_7,tt3667648,5
user_7,tt3672742,6
user_7,tt3676026,4
user_7,tt3682448,6
user_7,tt3688342,6
user_7,tt3691740,7
user_7,tt3701714,5
user_7,tt3702652,6
user_7,tt3704050,7
user_7,tt3704538,4
user_7,tt3707104,6
user_7,tt3716530,6
user_7,tt3717490,6
user_7,tt3731562,6
user_7,tt3735246,8
user_7,tt3741700,6
user_7,tt3741834,8
user_7,tt3748528,9
user_7,tt3765326,8
user_7,tt3766354,7
user_7,tt3766394,7
user_7,tt3767372,10
user_7,tt3774114,7
user_7,tt3778010,5
user_7,tt3778644,8
user_7,tt3783958,10
user_7,tt3787590,3
user_7,tt3788052,6
user_7,tt3794354,6
user_7,tt3799232,6
user_7,tt3799694,8
user_7,tt3810932,6
user_7,tt3819668,6
user_7,tt3824432,7
user_7,tt3829266,6
user_7,tt3832914,7
user_7,tt3846674,7
user_7,tt3850214,5
user_7,tt3850590,7
user_7,tt3861390,7
user_7,tt3863552,8
user_7,tt3874544,5
user_7,tt3882082,6
user_7,tt3885524,4
user_7,tt3890160,7
user_7,tt3896198,8
user_7,tt3901826,8
user_7,tt3908142,7
user_7,tt3910736,6
user_7,tt3924450,8
user_7,tt3949660,5
user_7,tt3960412,7
user_7,tt3963816,7
user_7,tt3967856,7
user_7,tt3986820,8
user_7,tt3996396,8
user_7,tt4003440,6
user_7,tt4016934,8
user_7,tt4034228,7
user_7,tt4034354,7
user_7,tt4046784,6
user_7,tt4047140,7
user_7,tt4047846,7
user_7,tt4052882,8
user_7,tt4062536,7
user_7,tt4065552,9
user_7,tt4116284,8
user_7,tt4123430,4
user_7,tt4136084,7
user_7,tt4139124,6
user_7,tt4139588,6
user_7,tt4149696,9
user_7,tt4154664,6
user_7,tt4154756,7
user_7,tt4154796,8
user_7,tt4158096,5
user_7,tt4160708,9
user_7,tt4163224,5
user_7,tt4172402,5
user_7,tt4172430,8
user_7,tt4178092,5
user_7,tt4191580,9
user_7,tt4196776,8
user_7,tt4209788,8
user_7,tt4218572,6
user_7,tt4218696,5
user_7,tt4225622,6
user_7,tt4226388,7
user_7,tt4244998,8
user_7,tt4255304,6
user_7,tt4263482,8
user_7,tt4272866,8
user_7,tt4276820,8
user_7,tt4287320,6
user_7,tt4290746,9
user_7,tt4294586,6
user_7,tt4302938,8
user_7,tt4332232,7
user_7,tt4335650,4
user_7,tt4338154,5
user_7,tt4353250,6
user_7,tt4357394,7
user_7,tt4359416,8
user_7,tt4361050,8
user_7,tt4364194,7
user_7,tt4385944,5
user_7,tt4387040,9
user_7,tt4411234,5
user_7,tt4425200,8
user_7,tt4430212,10
user_7,tt4438848,6
user_7,tt4443658,7
user_7,tt4458206,2
user_7,tt4458368,4
user_7,tt4460792,8
user_7,tt4463894,8
user_7,tt4465564,7
user_7,tt4467202,3
user_7,tt4468740,9
user_7,tt4477536,6
user_7,tt4481414,7
user_7,tt4481514,6
user_7,tt4500922,6
user_7,tt4501244,6
user_7,tt4511200,7
user_7,tt4520364,7
user_7,tt4520988,8
user_7,tt4530422,8
user_7,tt4540710,6
user_7,tt4547056,7
user_7,tt4547194,4
user_7,tt4550098,8
user_7,tt4555426,8
user_7,tt4560436,6
user_7,tt4572514,7
user_7,tt4585660,6
user_7,tt4595882,7
user_7,tt4607228,5
user_7,tt4622512,6
user_7,tt4623812,8
user_7,tt4624424,7
user_7,tt4630562,6
user_7,tt4633690,8
user_7,tt4633694,7
user_7,tt4635372,9
user_7,tt4645368,7
user_7,tt4649466,6
user_7,tt4651520,7
user_7,tt4661680,6
user_7,tt4669264,7
user_7,tt4669296,6
user_7,tt4669788,6
user_7,tt4675370,7
user_7,tt4686844,8
user_7,tt4687276,9
user_7,tt4695012,6
user_7,tt4698684,7
user_7,tt4699444,6
user_7,tt4701182,7
user_7,tt4714782,7
user_7,tt4720702,6
user_7,tt4729430,9
user_7,tt4731136,6
user_7,tt4758646,6
user_7,tt4769836,7
user_7,tt4776998,6
user_7,tt4777008,7
user_7,tt4779682,6
user_7,tt4786282,7
user_7,tt4795730,6
user_7,tt4811564,7
user_7,tt4827558,5
user_7,tt4846232,6
user_7,tt4846340,7
user_7,tt4849438,9
user_7,tt4853102,7
user_7,tt4857264,9
user_7,tt4878482,8
user_7,tt4881806,7
user_7,tt4899370,10
user_7,tt4901306,9
user_7,tt4909752,5
user_7,tt4912910,8
user_7,tt4915672,5
user_7,tt4925292,9
user_7,tt4935372,7
user_7,tt4949290,5
user_7,tt4954522,7
user_7,tt4971344,7
user_7,tt4972582,7
user_7,tt4975722,6
user_7,tt4986098,7
user_7,tt4991112,5
user_7,tt4995790,7
user_7,tt5001754,7
user_7,tt5013056,10
user_7,tt5022702,6
user_7,tt5027774,4
user_7,tt5028340,8
user_7,tt5052448,7
user_7,tt5052474,6
user_7,tt5057140,7
user_7,tt5073642,6
user_7,tt5074352,9
user_7,tt5078204,7
user_7,tt5083738,8
user_7,tt5091014,6
user_7,tt5093026,6
user_7,tt5095030,7
user_7,tt5096628,7
user_7,tt5104604,7
user_7,tt5109784,7
user_7,tt5121816,7
user_7,tt5140878,6
user_7,tt5164214,7
user_7,tt5164432,8
user_7,tt5168192,7
user_7,tt5195828,6
user_7,tt5208252,7
user_7,tt5215952,7
user_7,tt5220122,8
user_7,tt5222768,8
user_7,tt5246700,6
user_7,tt5247022,7
user_7,tt5274066,6
user_7,tt5286444,7
user_7,tt5291604,9
user_7,tt5294518,8
user_7,tt5294550,6
user_7,tt5297256,6
user_7,tt5308322,7
user_7,tt5311514,9
user_7,tt5323662,10
user_7,tt5334704,8
user_7,tt5362988,7
user_7,tt5378092,8
user_7,tt5390504,7
user_7,tt5427032,4
user_7,tt5431082,8
user_7,tt5439796,8
user_7,tt5442430,5
user_7,tt5461944,6
user_7,tt5462326,6
user_7,tt5462602,9
user_7,tt5463162,8
user_7,tt5478478,8
user_7,tt5481184,5
user_7,tt5503686,6
user_7,tt5516328,9
user_7,tt5519340,7
user_7,tt5523010,6
user_7,tt5536736,5
user_7,tt5571734,8
user_7,tt5580036,8
user_7,tt5580390,7
user_7,tt5606664,9
user_7,tt5607782,7
user_7,tt5608972,6
user_7,tt5640450,8
user_7,tt5644006,4
user_7,tt5649108,7
user_7,tt5649144,8
user_7,tt5657846,6
user_7,tt5657856,6
user_7,tt5679554,4
user_7,tt5690810,6
user_7,tt5691226,10
user_7,tt5697572,1
user_7,tt5700672,9
user_7,tt5710514,6
user_7,tt5715874,7
user_7,tt5716464,9
user_7,tt5719700,4
user_7,tt5726616,9
user_7,tt5727208,6
user_7,tt5732522,8
user_7,tt5742374,8
user_7,tt5742874,6
user_7,tt5758778,7
user_7,tt5776858,8
user_7,tt5813916,9
user_7,tt5814060,6
user_7,tt5825380,7
user_7,tt5827790,6
user_7,tt5848272,7
user_7,tt5859238,8
user_7,tt5884052,7
user_7,tt5886046,6
user_7,tt5893332,4
user_7,tt5929654,3
user_7,tt5932728,10
user_7,tt5935704,8
user_7,tt5946128,7
user_7,tt5968394,6
user_7,tt5970844,4
user_7,tt5979872,7
user_7,tt5985288,6
user_7,tt5988370,1
user_7,tt6002232,10
user_7,tt6038600,1
user_7,tt6040662,8
user_7,tt6048922,8
user_7,tt6053438,7
user_7,tt6079516,9
user_7,tt6082222,5
user_7,tt6095090,7
user_7,tt6095472,7
user_7,tt6105098,8
user_7,tt6108178,5
user_7,tt6133130,5
user_7,tt6139732,8
user_7,tt6146586,8
user_7,tt6150942,6
user_7,tt6155172,8
user_7,tt6182372,8
user_7,tt6183580,8
user_7,tt6189022,8
user_7,tt6197070,8
user_7,tt6212478,8
user_7,tt6214928,5
user_7,tt6215044,1
user_7,tt6224502,6
user_7,tt6253214,6
user_7,tt6265828,8
user_7,tt6266538,7
user_7,tt6288124,5
user_7,tt6292852,6
user_7,tt6294822,10
user_7,tt6306064,6
user_7,tt6315524,10
user_7,tt6320628,8
user_7,tt6343314,7
user_7,tt6348138,7
user_7,tt6359956,6
user_7,tt6378710,6
user_7,tt6394270,7
user_7,tt6412452,6
user_7,tt6450804,7
user_7,tt6499752,8
user_7,tt6513656,4
user_7,tt6521876,7
user_7,tt6543652,9
user_7,tt6559642,6
user_7,tt6565702,6
user_7,tt6628394,6
user_7,tt6644200,8
user_7,tt6684884,7
user_7,tt6704898,6
user_7,tt6720802,6
user_7,tt6721848,6
user_7,tt6723592,7
user_7,tt6751668,9
user_7,tt6768578,8
user_7,tt6772950,5
user_7,tt6802308,6
user_7,tt6806448,6
user_7,tt6811018,5
user_7,tt6820256,9
user_7,tt6823368,8
user_7,tt6857112,7
user_7,tt6857166,8
user_7,tt6861726,8
user_7,tt6864046,8
user_7,tt6865690,9
user_7,tt6902676,6
user_7,tt6908274,8
user_7,tt6911608,5
user_7,tt6957966,5
user_7,tt6966692,9
user_7,tt7026672,7
user_7,tt7040874,6
user_7,tt7043012,5
user_7,tt7063210,7
user_7,tt7066382,5
user_7,tt7074886,6
user_7,tt7098658,7
user_7,tt7131622,9
user_7,tt7137846,4
user_7,tt7146812,8
user_7,tt7153766,5
user_7,tt7218518,7
user_7,tt7284204,7
user_7,tt7286456,8
user_7,tt7315484,4
user_7,tt7317482,8
user_7,tt7349662,8
user_7,tt7349896,5
user_7,tt7349950,7
user_7,tt7374948,7
user_7,tt7390646,6
user_7,tt7401588,6
user_7,tt7433762,10
user_7,tt7436642,8
user_7,tt7442274,5
user_7,tt7456310,10
user_7,tt7466370,10
user_7,tt7473716,5
user_7,tt7504726,7
user_7,tt7545524,5
user_7,tt7550000,8
user_7,tt7556122,6
user_7,tt7587282,6
user_7,tt7605074,7
user_7,tt7608028,3
user_7,tt7608418,7
user_7,tt7615052,6
user_7,tt7615302,8
user_7,tt7653254,6
user_7,tt7668870,9
user_7,tt7713068,6
user_7,tt7752126,8
user_7,tt7772580,8
user_7,tt7777974,8
user_7,tt7784604,9
user_7,tt7798634,8
user_7,tt7853636,5
user_7,tt7942736,6
user_7,tt7946422,6
user_7,tt7958736,4
user_7,tt7959026,8
user_7,tt7959216,9
user_7,tt7975244,6
user_7,tt7984734,8
user_7,tt7984766,8
user_7,tt8075192,8
user_7,tt8079248,8
user_7,tt8106534,6
user_7,tt8108198,9
user_7,tt8110330,8
user_7,tt8116640,6
user_7,tt8151874,7
user_7,tt8155288,7
user_7,tt8191502,8
user_7,tt8201404,6
user_7,tt8201852,5
user_7,tt8206668,8
user_7,tt8228288,7
user_7,tt8236214,7
user_7,tt8239946,7
user_7,tt8254556,7
user_7,tt8291224,8
user_7,tt8291806,7
user_7,tt8350360,5
user_7,tt8359822,7
user_7,tt8367814,7
user_7,tt8368406,7
user_7,tt8391976,8
user_7,tt8394314,4
user_7,tt8404614,9
user_7,tt8456098,6
user_7,tt8503618,9
user_7,tt8526872,8
user_7,tt8530978,8
user_7,tt8579674,9
user_7,tt8623904,7
user_7,tt8663516,5
user_7,tt8688634,7
user_7,tt8698956,6
user_7,tt8743032,5
user_7,tt8767908,8
user_7,tt8772262,7
user_7,tt8902948,6
user_7,tt8936646,7
user_7,tt8941422,4
user_7,tt8946378,8
user_7,tt8956398,6
user_7,tt9086228,7
user_7,tt9221510,6
user_7,tt9243946,7
user_7,tt9252508,6
user_7,tt9261218,7
user_7,tt9288776,7
user_7,tt9345754,7
user_7,tt9354944,7
user_7,tt9484998,7
user_7,tt9680136,5
user_7,tt9686154,8
user_7,tt9686708,7
user_8,tt0004635,5
user_8,tt0009900,5
user_8,tt0011960,8
user_8,tt0012349,7
user_8,tt0015864,7
user_8,tt0016220,7
user_8,tt0017028,9
user_8,tt0017136,7
user_8,tt0017925,9
user_8,tt0018455,8
user_8,tt0018526,7
user_8,tt0019130,8
user_8,tt0021749,9
user_8,tt0022100,9
user_8,tt0022395,6
user_8,tt0022718,6
user_8,tt0022913,9
user_8,tt0023761,7
user_8,tt0023775,8
user_8,tt0024184,7
user_8,tt0024216,7
user_8,tt0024601,6
user_8,tt0024916,8
user_8,tt0025037,9
user_8,tt0025316,9
user_8,tt0025452,6
user_8,tt0025748,7
user_8,tt0025878,7
user_8,tt0026663,8
user_8,tt0026778,7
user_8,tt0027977,8
user_8,tt0028010,9
user_8,tt0028505,6
user_8,tt0029583,7
user_8,tt0029947,8
user_8,tt0030287,7
user_8,tt0030341,8
user_8,tt0030993,7
user_8,tt0031381,8
user_8,tt0031679,9
user_8,tt0031762,6
user_8,tt0031831,6
user_8,tt0031867,7
user_8,tt0031971,7
user_8,tt0032138,8
user_8,tt0032455,7
user_8,tt0032553,10
user_8,tt0032576,6
user_8,tt0032599,7
user_8,tt0032636,8
user_8,tt0032728,6
user_8,tt0032910,7
user_8,tt0032976,9
user_8,tt0033024,6
user_8,tt0033229,8
user_8,tt0033467,9
user_8,tt0033563,8
user_8,tt0033729,7
user_8,tt0033870,6
user_8,tt0034492,7
user_8,tt0034583,10
user_8,tt0034587,10
user_8,tt0035140,8
user_8,tt0035423,7
user_8,tt0035446,8
user_8,tt0035899,7
user_8,tt0035958,8
user_8,tt0036005,5
user_8,tt0036261,6
user_8,tt0036613,8
user_8,tt0036723,6
user_8,tt0036775,9
user_8,tt0036868,8
user_8,tt0036910,7
user_8,tt0036983,9
user_8,tt0037098,6
user_8,tt0037352,7
user_8,tt0037382,5
user_8,tt0037415,7
user_8,tt0037558,9
user_8,tt0037604,7
user_8,tt0037820,6
user_8,tt0037884,9
user_8,tt0037885,8
user_8,tt0037954,8
user_8,tt0037988,9
user_8,tt0038109,8
user_8,tt0038166,6
user_8,tt0038235,7
user_8,tt0038338,6
user_8,tt0038348,7
user_8,tt0038355,7
user_8,tt0038462,8
user_8,tt0038650,7
user_8,tt0038669,8
user_8,tt0038762,7
user_8,tt0038787,9
user_8,tt0038991,6
user_8,tt0039192,8
user_8,tt0039655,8
user_8,tt0040366,8
user_8,tt0040369,7
user_8,tt0040522,7
user_8,tt0040525,7
user_8,tt0040597,7
user_8,tt0040662,7
user_8,tt0040724,8
user_8,tt0040746,8
user_8,tt0040897,7
user_8,tt0041158,8
user_8,tt0041959,8
user_8,tt0042192,9
user_8,tt0042332,9
user_8,tt0042588,8
user_8,tt0042593,10
user_8,tt0042876,7
user_8,tt0043014,9
user_8,tt0043072,7
user_8,tt0043131,8
user_8,tt0043251,7
user_8,tt0043265,8
user_8,tt0043274,6
user_8,tt0043456,8
user_8,tt0043736,6
user_8,tt0043825,8
user_8,tt0043973,7
user_8,tt0044060,7
user_8,tt0044079,9
user_8,tt0044081,9
user_8,tt0044517,9
user_8,tt0044602,8
user_8,tt0044706,9
user_8,tt0045061,7
user_8,tt0045152,10
user_8,tt0045551,7
user_8,tt0045810,9
user_8,tt0045897,6
user_8,tt0045898,7
user_8,tt0045957,7
user_8,tt0046022,9
user_8,tt0046183,8
user_8,tt0046213,3
user_8,tt0046250,8
user_8,tt0046268,9
user_8,tt0046359,10
user_8,tt0046438,7
user_8,tt0046534,7
user_8,tt0046672,7
user_8,tt0046911,7
user_8,tt0046912,7
user_8,tt0046931,7
user_8,tt0047086,7
user_8,tt0047263,5
user_8,tt0047296,8
user_8,tt0047396,8
user_8,tt0047422,8
user_8,tt0047478,10
user_8,tt0047528,7
user_8,tt0047573,7
user_8,tt0047574,6
user_8,tt0047834,8
user_8,tt0047892,7
user_8,tt0047985,7
user_8,tt0048028,8
user_8,tt0048233,5
user_8,tt0048238,8
user_8,tt0048280,8
user_8,tt0048545,9
user_8,tt0048728,6
user_8,tt0048750,9
user_8,tt0048752,7
user_8,tt0048956,8
user_8,tt0048966,9
user_8,tt0049261,7
user_8,tt0049366,8
user_8,tt0049406,8
user_8,tt0049456,8
user_8,tt0049646,8
user_8,tt0049696,6
user_8,tt0049710,8
user_8,tt0049730,8
user_8,tt0049762,8
user_8,tt0049833,8
user_8,tt0050083,8
user_8,tt0050086,8
user_8,tt0050212,10
user_8,tt0050252,5
user_8,tt0050280,9
user_8,tt0050303,7
user_8,tt0050381,5
user_8,tt0050634,9
user_8,tt0050783,7
user_8,tt0050825,10
user_8,tt0050976,7
user_8,tt0050986,6
user_8,tt0051184,8
user_8,tt0051201,7
user_8,tt0051365,8
user_8,tt0051569,8
user_8,tt0051584,5
user_8,tt0051808,8
user_8,tt0051818,7
user_8,tt0052148,6
user_8,tt0052216,9
user_8,tt0052225,8
user_8,tt0052311,9
user_8,tt0052357,8
user_8,tt0052549,6
user_8,tt0052618,8
user_8,tt0052738,8
user_8,tt0052759,8
user_8,tt0052876,9
user_8,tt0052948,8
user_8,tt0053125,6
user_8,tt0053134,7
user_8,tt0053198,9
user_8,tt0053221,7
user_8,tt0053274,8
user_8,tt0053285,7
user_8,tt0053291,7
user_8,tt0053580,7
user_8,tt0053604,7
user_8,tt0053804,7
user_8,tt0053941,6
user_8,tt0054022,8
user_8,tt0054047,8
user_8,tt0054135,6
user_8,tt0054195,9
user_8,tt0054215,8
user_8,tt0054248,6
user_8,tt0054331,8
user_8,tt0054698,7
user_8,tt0054997,9
user_8,tt0055031,10
user_8,tt0055254,8
user_8,tt0055256,9
user_8,tt0055257,9
user_8,tt0055354,5
user_8,tt0055571,5
user_8,tt0055601,6
user_8,tt0055614,8
user_8,tt0055630,6
user_8,tt0055798,10
user_8,tt0055831,7
user_8,tt0055928,6
user_8,tt0056058,8
user_8,tt0056085,9
user_8,tt0056172,8
user_8,tt0056193,8
user_8,tt0056210,7
user_8,tt0056443,10
user_8,tt0056552,6
user_8,tt0056592,8
user_8,tt0056663,9
user_8,tt0056675,7
user_8,tt0056687,8
user_8,tt0056732,9
user_8,tt0056736,7
user_8,tt0056801,8
user_8,tt0056868,8
user_8,tt0056869,8
user_8,tt0056923,8
user_8,tt0057012,8
user_8,tt0057076,7
user_8,tt0057115,8
user_8,tt0057129,7
user_8,tt0057163,9
user_8,tt0057197,7
user_8,tt0057298,7
user_8,tt0057312,6
user_8,tt0057413,7
user_8,tt0057490,7
user_8,tt0057546,7
user_8,tt0057933,7
user_8,tt0057952,7
user_8,tt0058003,9
user_8,tt0058135,6
user_8,tt0058150,7
user_8,tt0058324,8
user_8,tt0058329,7
user_8,tt0058331,8
user_8,tt0058371,7
user_8,tt0058385,8
user_8,tt0058450,7
user_8,tt0058461,8
user_8,tt0059113,7
user_8,tt0059170,6
user_8,tt0059346,5
user_8,tt0059550,9
user_8,tt0059557,7
user_8,tt0059578,10
user_8,tt0059592,7
user_8,tt0059724,8
user_8,tt0059742,7
user_8,tt0059800,8
user_8,tt0059885,7
user_8,tt0060138,7
user_8,tt0060153,7
user_8,tt0060196,8
user_8,tt0060268,8
user_8,tt0060288,5
user_8,tt0060647,6
user_8,tt0060666,4
user_8,tt0060827,8
user_8,tt0060908,9
user_8,tt0061184,8
user_8,tt0061385,7
user_8,tt0061389,7
user_8,tt0061418,8
user_8,tt0061452,6
user_8,tt0061495,7
user_8,tt0061512,8
user_8,tt0061550,5
user_8,tt0061578,9
user_8,tt0061584,6
user_8,tt0061619,5
user_8,tt0061655,7
user_8,tt0061709,7
user_8,tt0061722,9
user_8,tt0061728,7
user_8,tt0061747,7
user_8,tt0061811,7
user_8,tt0061852,8
user_8,tt0062136,8
user_8,tt0062271,6
user_8,tt0062512,6
user_8,tt0062622,8
user_8,tt0062794,8
user_8,tt0062824,6
user_8,tt0062865,6
user_8,tt0062994,6
user_8,tt0063005,7
user_8,tt0063227,9
user_8,tt0063350,8
user_8,tt0063442,6
user_8,tt0063522,8
user_8,tt0063671,8
user_8,tt0063688,7
user_8,tt0063850,7
user_8,tt0064115,8
user_8,tt0064116,8
user_8,tt0064276,7
user_8,tt0064505,9
user_8,tt0064615,7
user_8,tt0064665,8
user_8,tt0064757,7
user_8,tt0065112,7
user_8,tt0065126,8
user_8,tt0065207,8
user_8,tt0065214,9
user_8,tt0065230,6
user_8,tt0065377,5
user_8,tt0065421,7
user_8,tt0065889,10
user_8,tt0066026,7
user_8,tt0066206,10
user_8,tt0066412,8
user_8,tt0066434,8
user_8,tt0066534,8
user_8,tt0066601,8
user_8,tt0066732,6
user_8,tt0066735,6
user_8,tt0066740,7
user_8,tt0066763,8
user_8,tt0066765,8
user_8,tt0066769,8
user_8,tt0066808,7
user_8,tt0066921,8
user_8,tt0066963,7
user_8,tt0066993,7
user_8,tt0066995,8
user_8,tt0066999,9
user_8,tt0067065,6
user_8,tt0067093,9
user_8,tt0067116,8
user_8,tt0067128,8
user_8,tt0067185,8
user_8,tt0067242,9
user_8,tt0067277,9
user_8,tt0067327,7
user_8,tt0067402,7
user_8,tt0067546,7
user_8,tt0067549,8
user_8,tt0067580,7
user_8,tt0067588,9
user_8,tt0067741,5
user_8,tt0067800,9
user_8,tt0067948,3
user_8,tt0067959,8
user_8,tt0067992,8
user_8,tt0068257,7
user_8,tt0068273,7
user_8,tt0068327,8
user_8,tt0068473,8
user_8,tt0068539,6
user_8,tt0068555,8
user_8,tt0068646,10
user_8,tt0068699,8
user_8,tt0068716,6
user_8,tt0068762,9
user_8,tt0068833,6
user_8,tt0069024,6
user_8,tt0069089,9
user_8,tt0069095,7
user_8,tt0069097,6
user_8,tt0069113,9
user_8,tt0069191,9
user_8,tt0069270,8
user_8,tt0069293,8
user_8,tt0069427,6
user_8,tt0069518,6
user_8,tt0069704,8
user_8,tt0069762,8
user_8,tt0069824,9
user_8,tt0069834,7
user_8,tt0069947,9
user_8,tt0070034,8
user_8,tt0070047,8
user_8,tt0070215,9
user_8,tt0070328,6
user_8,tt0070379,7
user_8,tt0070434,8
user_8,tt0070453,7
user_8,tt0070511,7
user_8,tt0070608,8
user_8,tt0070666,7
user_8,tt0070723,7
user_8,tt0070735,9
user_8,tt0070849,7
user_8,tt0070917,7
user_8,tt0071129,6
user_8,tt0071230,8
user_8,tt0071315,6
user_8,tt0071360,8
user_8,tt0071486,6
user_8,tt0071521,7
user_8,tt0071562,10
user_8,tt0071807,6
user_8,tt0071853,8
user_8,tt0071877,6
user_8,tt0071910,7
user_8,tt0072271,7
user_8,tt0072342,7
user_8,tt0072431,8
user_8,tt0072684,7
user_8,tt0072730,7
user_8,tt0072856,7
user_8,tt0072890,9
user_8,tt0073000,8
user_8,tt0073115,5
user_8,tt0073195,7
user_8,tt0073312,9
user_8,tt0073341,7
user_8,tt0073486,9
user_8,tt0073629,9
user_8,tt0073650,6
user_8,tt0073858,8
user_8,tt0073901,6
user_8,tt0073918,7
user_8,tt0074102,7
user_8,tt0074119,6
user_8,tt0074152,8
user_8,tt0074156,7
user_8,tt0074174,8
user_8,tt0074281,6
user_8,tt0074285,7
user_8,tt0074486,9
user_8,tt0074512,7
user_8,tt0074599,5
user_8,tt0074896,6
user_8,tt0074958,8
user_8,tt0075005,7
user_8,tt0075029,9
user_8,tt0075148,9
user_8,tt0075213,9
user_8,tt0075276,9
user_8,tt0075314,7
user_8,tt0075382,4
user_8,tt0075612,8
user_8,tt0075669,9
user_8,tt0075686,9
user_8,tt0075704,7
user_8,tt0075860,8
user_8,tt0075925,6
user_8,tt0076009,5
user_8,tt0076150,7
user_8,tt0076618,7
user_8,tt0076666,9
user_8,tt0076709,7
user_8,tt0076723,6
user_8,tt0076725,7
user_8,tt0076759,10
user_8,tt0077355,7
user_8,tt0077402,8
user_8,tt0077405,6
user_8,tt0077416,8
user_8,tt0077572,6
user_8,tt0077631,7
user_8,tt0077651,8
user_8,tt0077696,8
user_8,tt0077729,10
user_8,tt0077766,6
user_8,tt0077975,6
user_8,tt0078058,8
user_8,tt0078346,9
user_8,tt0078480,7
user_8,tt0078748,10
user_8,tt0078767,6
user_8,tt0078788,10
user_8,tt0078841,8
user_8,tt0078902,7
user_8,tt0078935,7
user_8,tt0079010,8
user_8,tt0079116,6
user_8,tt0079221,8
user_8,tt0079251,6
user_8,tt0079261,8
user_8,tt0079417,8
user_8,tt0079470,9
user_8,tt0079501,5
user_8,tt0079517,8
user_8,tt0079522,7
user_8,tt0079574,6
user_8,tt0079817,7
user_8,tt0079944,7
user_8,tt0079945,6
user_8,tt0080120,6
user_8,tt0080310,7
user_8,tt0080319,5
user_8,tt0080339,9
user_8,tt0080360,5
user_8,tt0080421,6
user_8,tt0080437,9
user_8,tt0080453,7
user_8,tt0080455,5
user_8,tt0080472,5
user_8,tt0080487,8
user_8,tt0080569,8
user_8,tt0080661,7
user_8,tt0080678,7
user_8,tt0080684,9
user_8,tt0080761,6
user_8,tt0080801,8
user_8,tt0080979,9
user_8,tt0081070,8
user_8,tt0081283,7
user_8,tt0081353,5
user_8,tt0081379,8
user_8,tt0081398,9
user_8,tt0081505,6
user_8,tt0081554,7
user_8,tt0081573,7
user_8,tt0081738,5
user_8,tt0081793,4
user_8,tt0081974,8
user_8,tt0082010,7
user_8,tt0082031,8
user_8,tt0082094,6
user_8,tt0082096,9
user_8,tt0082145,4
user_8,tt0082158,7
user_8,tt0082186,6
user_8,tt0082198,8
user_8,tt0082288,7
user_8,tt0082307,7
user_8,tt0082334,6
user_8,tt0082340,9
user_8,tt0082398,6
user_8,tt0082406,9
user_8,tt0082418,6
user_8,tt0082432,6
user_8,tt0082495,6
user_8,tt0082509,8
user_8,tt0082602,7
user_8,tt0082622,6
user_8,tt0082694,9
user_8,tt0082869,6
user_8,tt0082934,7
user_8,tt0082951,5
user_8,tt0082971,7
user_8,tt0082979,8
user_8,tt0083015,7
user_8,tt0083336,6
user_8,tt0083530,6
user_8,tt0083658,9
user_8,tt0083866,8
user_8,tt0083872,6
user_8,tt0083907,8
user_8,tt0083922,9
user_8,tt0083929,7
user_8,tt0083944,8
user_8,tt0083973,5
user_8,tt0083987,9
user_8,tt0084021,5
user_8,tt0084028,5
user_8,tt0084234,6
user_8,tt0084423,7
user_8,tt0084434,8
user_8,tt0084503,8
user_8,tt0084516,7
user_8,tt0084538,2
user_8,tt0084602,8
user_8,tt0084726,8
user_8,tt0084787,8
user_8,tt0084805,7
user_8,tt0084827,7
user_8,tt0085211,6
user_8,tt0085244,6
user_8,tt0085333,7
user_8,tt0085334,7
user_8,tt0085382,6
user_8,tt0085407,9
user_8,tt0085549,6
user_8,tt0085636,6
user_8,tt0085750,2
user_8,tt0085794,7
user_8,tt0085852,7
user_8,tt0085862,8
user_8,tt0085959,6
user_8,tt0085995,7
user_8,tt0086022,8
user_8,tt0086034,7
user_8,tt0086176,5
user_8,tt0086190,9
user_8,tt0086197,9
user_8,tt0086200,6
user_8,tt0086250,8
user_8,tt0086319,8
user_8,tt0086336,7
user_8,tt0086372,6
user_8,tt0086383,6
user_8,tt0086393,6
user_8,tt0086425,8
user_8,tt0086465,7
user_8,tt0086491,7
user_8,tt0086541,9
user_8,tt0086567,6
user_8,tt0086610,8
user_8,tt0086619,6
user_8,tt0086637,7
user_8,tt0086879,9
user_8,tt0086927,7
user_8,tt0086960,6
user_8,tt0086979,7
user_8,tt0086999,5
user_8,tt0087004,9
user_8,tt0087078,6
user_8,tt0087182,6
user_8,tt0087277,6
user_8,tt0087315,3
user_8,tt0087332,10
user_8,tt0087363,7
user_8,tt0087469,9
user_8,tt0087538,7
user_8,tt0087544,9
user_8,tt0087578,9
user_8,tt0087799,8
user_8,tt0087800,8
user_8,tt0087803,5
user_8,tt0087843,9
user_8,tt0087864,9
user_8,tt0087884,8
user_8,tt0087909,7
user_8,tt0087928,6
user_8,tt0087957,7
user_8,tt0087968,7
user_8,tt0087985,7
user_8,tt0087995,6
user_8,tt0088004,6
user_8,tt0088006,7
user_8,tt0088011,5
user_8,tt0088128,7
user_8,tt0088161,6
user_8,tt0088172,8
user_8,tt0088247,7
user_8,tt0088258,5
user_8,tt0088323,7
user_8,tt0088680,8
user_8,tt0088763,9
user_8,tt0088794,8
user_8,tt0088846,8
user_8,tt0088847,7
user_8,tt0088930,5
user_8,tt0088933,6
user_8,tt0088939,9
user_8,tt0088944,7
user_8,tt0088993,7
user_8,tt0089092,7
user_8,tt0089118,7
user_8,tt0089155,8
user_8,tt0089175,6
user_8,tt0089218,7
user_8,tt0089274,5
user_8,tt0089457,9
user_8,tt0089470,5
user_8,tt0089530,7
user_8,tt0089670,5
user_8,tt0089686,7
user_8,tt0089822,6
user_8,tt0089853,8
user_8,tt0089880,7
user_8,tt0089881,7
user_8,tt0089885,7
user_8,tt0089886,8
user_8,tt0089893,2
user_8,tt0089902,6
user_8,tt0089927,6
user_8,tt0090021,8
user_8,tt0090022,9
user_8,tt0090056,8
user_8,tt0090130,7
user_8,tt0090215,7
user_8,tt0090264,7
user_8,tt0090305,8
user_8,tt0090329,9
user_8,tt0090342,6
user_8,tt0090555,6
user_8,tt0090605,9
user_8,tt0090633,5
user_8,tt0090728,7
user_8,tt0090756,8
user_8,tt0090763,7
user_8,tt0090837,6
user_8,tt0090852,5
user_8,tt0090887,6
user_8,tt0090966,8
user_8,tt0091042,8
user_8,tt0091059,8
user_8,tt0091064,7
user_8,tt0091149,7
user_8,tt0091187,6
user_8,tt0091203,8
user_8,tt0091209,8
user_8,tt0091225,4
user_8,tt0091326,7
user_8,tt0091369,8
user_8,tt0091370,7
user_8,tt0091445,8
user_8,tt0091530,7
user_8,tt0091538,7
user_8,tt0091557,6
user_8,tt0091605,8
user_8,tt0091656,8
user_8,tt0091738,6
user_8,tt0091763,8
user_8,tt0091777,5
user_8,tt0091790,6
user_8,tt0091799,3
user_8,tt0091867,7
user_8,tt0091877,6
user_8,tt0091886,7
user_8,tt0091954,7
user_8,tt0092005,8
user_8,tt0092007,8
user_8,tt0092067,8
user_8,tt0092086,8
user_8,tt0092099,7
user_8,tt0092115,4
user_8,tt0092216,7
user_8,tt0092493,5
user_8,tt0092494,6
user_8,tt0092563,7
user_8,tt0092610,6
user_8,tt0092644,5
user_8,tt0092699,8
user_8,tt0092804,8
user_8,tt0092890,6
user_8,tt0092929,7
user_8,tt0092965,9
user_8,tt0092991,9
user_8,tt0093058,8
user_8,tt0093105,8
user_8,tt0093146,6
user_8,tt0093177,6
user_8,tt0093191,7
user_8,tt0093206,9
user_8,tt0093207,7
user_8,tt0093260,7
user_8,tt0093378,6
user_8,tt0093389,8
user_8,tt0093409,7
user_8,tt0093415,5
user_8,tt0093428,6
user_8,tt0093437,9
user_8,tt0093507,5
user_8,tt0093565,8
user_8,tt0093629,7
user_8,tt0093693,7
user_8,tt0093748,6
user_8,tt0093773,9
user_8,tt0093779,8
user_8,tt0093822,6
user_8,tt0093870,8
user_8,tt0093894,7
user_8,tt0093936,6
user_8,tt0094012,9
user_8,tt0094025,6
user_8,tt0094035,7
user_8,tt0094074,2
user_8,tt0094137,7
user_8,tt0094142,7
user_8,tt0094226,8
user_8,tt0094291,6
user_8,tt0094293,7
user_8,tt0094321,7
user_8,tt0094332,8
user_8,tt0094602,5
user_8,tt0094620,3
user_8,tt0094625,8
user_8,tt0094663,8
user_8,tt0094675,7
user_8,tt0094721,7
user_8,tt0094737,8
user_8,tt0094761,5
user_8,tt0094812,8
user_8,tt0094862,9
user_8,tt0094889,7
user_8,tt0094898,8
user_8,tt0094947,7
user_8,tt0094964,8
user_8,tt0095016,8
user_8,tt0095031,8
user_8,tt0095082,9
user_8,tt0095159,6
user_8,tt0095174,6
user_8,tt0095250,8
user_8,tt0095270,7
user_8,tt0095312,5
user_8,tt0095327,10
user_8,tt0095468,10
user_8,tt0095489,9
user_8,tt0095593,6
user_8,tt0095647,8
user_8,tt0095687,5
user_8,tt0095705,7
user_8,tt0095742,5
user_8,tt0095765,8
user_8,tt0095882,4
user_8,tt0095889,5
user_8,tt0095897,6
user_8,tt0095953,8
user_8,tt0095956,6
user_8,tt0096061,7
user_8,tt0096256,9
user_8,tt0096283,8
user_8,tt0096288,7
user_8,tt0096320,5
user_8,tt0096332,7
user_8,tt0096380,6
user_8,tt0096438,8
user_8,tt0096446,8
user_8,tt0096463,7
user_8,tt0096754,6
user_8,tt0096764,7
user_8,tt0096862,6
user_8,tt0096874,7
user_8,tt0096895,7
user_8,tt0096928,8
user_8,tt0096933,7
user_8,tt0096969,6
user_8,tt0097108,9
user_8,tt0097136,4
user_8,tt0097165,9
user_8,tt0097216,6
user_8,tt0097239,7
user_8,tt0097351,8
user_8,tt0097365,4
user_8,tt0097390,5
user_8,tt0097428,5
user_8,tt0097441,8
user_8,tt0097493,8
user_8,tt0097499,9
user_8,tt0097523,6
user_8,tt0097576,9
user_8,tt0097635,8
user_8,tt0097647,6
user_8,tt0097659,6
user_8,tt0097733,6
user_8,tt0097742,7
user_8,tt0097757,9
user_8,tt0097770,7
user_8,tt0097814,9
user_8,tt0097815,7
user_8,tt0097851,8
user_8,tt0097958,8
user_8,tt0098096,6
user_8,tt0098105,4
user_8,tt0098180,7
user_8,tt0098206,7
user_8,tt0098273,8
user_8,tt0098282,8
user_8,tt0098309,6
user_8,tt0098382,4
user_8,tt0098536,7
user_8,tt0098554,9
user_8,tt0098625,7
user_8,tt0098627,6
user_8,tt0098635,8
user_8,tt0098662,5
user_8,tt0098724,7
user_8,tt0098987,7
user_8,tt0098994,8
user_8,tt0099052,7
user_8,tt0099077,8
user_8,tt0099088,6
user_8,tt0099141,5
user_8,tt0099348,8
user_8,tt0099365,7
user_8,tt0099385,6
user_8,tt0099422,5
user_8,tt0099423,7
user_8,tt0099484,6
user_8,tt0099487,7
user_8,tt0099528,6
user_8,tt0099582,6
user_8,tt0099637,4
user_8,tt0099653,8
user_8,tt0099669,8
user_8,tt0099674,8
user_8,tt0099685,8
user_8,tt0099700,7
user_8,tt0099785,7
user_8,tt0099810,8
user_8,tt0099817,6
user_8,tt0099871,8
user_8,tt0099938,4
user_8,tt0099994,5
user_8,tt0100050,4
user_8,tt0100112,8
user_8,tt0100133,7
user_8,tt0100150,6
user_8,tt0100157,8
user_8,tt0100212,6
user_8,tt0100224,8
user_8,tt0100258,8
user_8,tt0100263,7
user_8,tt0100403,6
user_8,tt0100405,7
user_8,tt0100419,6
user_8,tt0100475,5
user_8,tt0100486,7
user_8,tt0100502,5
user_8,tt0100507,5
user_8,tt0100530,5
user_8,tt0100758,6
user_8,tt0100802,7
user_8,tt0100814,9
user_8,tt0100935,7
user_8,tt0100944,8
user_8,tt0100994,7
user_8,tt0101272,6
user_8,tt0101329,6
user_8,tt0101393,7
user_8,tt0101410,8
user_8,tt0101412,5
user_8,tt0101414,9
user_8,tt0101507,7
user_8,tt0101540,7
user_8,tt0101587,7
user_8,tt0101698,7
user_8,tt0101700,7
user_8,tt0101761,7
user_8,tt0101764,6
user_8,tt0101862,7
user_8,tt0101902,6
user_8,tt0101912,7
user_8,tt0101921,7
user_8,tt0101969,7
user_8,tt0102004,6
user_8,tt0102005,4
user_8,tt0102034,4
user_8,tt0102048,6
user_8,tt0102057,6
user_8,tt0102059,7
user_8,tt0102138,7
user_8,tt0102216,7
user_8,tt0102266,7
user_8,tt0102307,5
user_8,tt0102492,7
user_8,tt0102510,8
user_8,tt0102558,5
user_8,tt0102685,7
user_8,tt0102713,7
user_8,tt0102798,7
user_8,tt0102926,7
user_8,tt0102975,9
user_8,tt0103060,6
user_8,tt0103064,9
user_8,tt0103074,6
user_8,tt0103128,7
user_8,tt0103241,9
user_8,tt0103247,8
user_8,tt0103594,5
user_8,tt0103639,8
user_8,tt0103644,7
user_8,tt0103759,7
user_8,tt0103772,6
user_8,tt0103776,6
user_8,tt0103786,6
user_8,tt0103827,4
user_8,tt0103831,4
user_8,tt0103838,6
user_8,tt0103855,6
user_8,tt0103874,10
user_8,tt0104036,7
user_8,tt0104070,6
user_8,tt0104231,9
user_8,tt0104257,9
user_8,tt0104348,8
user_8,tt0104389,5
user_8,tt0104431,6
user_8,tt0104437,4
user_8,tt0104466,9
user_8,tt0104558,8
user_8,tt0104652,7
user_8,tt0104691,7
user_8,tt0104694,10
user_8,tt0104714,7
user_8,tt0104797,9
user_8,tt0104804,2
user_8,tt0104815,6
user_8,tt0104850,5
user_8,tt0104868,7
user_8,tt0104940,9
user_8,tt0104952,6
user_8,tt0104990,7
user_8,tt0105104,6
user_8,tt0105112,7
user_8,tt0105121,7
user_8,tt0105211,9
user_8,tt0105236,7
user_8,tt0105275,5
user_8,tt0105323,10
user_8,tt0105417,8
user_8,tt0105435,8
user_8,tt0105450,8
user_8,tt0105459,6
user_8,tt0105477,3
user_8,tt0105481,5
user_8,tt0105488,7
user_8,tt0105585,7
user_8,tt0105622,5
user_8,tt0105665,7
user_8,tt0105682,9
user_8,tt0105690,8
user_8,tt0105695,9
user_8,tt0105698,4
user_8,tt0105793,7
user_8,tt0105812,8
user_8,tt0106220,7
user_8,tt0106307,7
user_8,tt0106308,8
user_8,tt0106387,5
user_8,tt0106489,6
user_8,tt0106504,6
user_8,tt0106519,8
user_8,tt0106582,7
user_8,tt0106598,7
user_8,tt0106611,8
user_8,tt0106660,5
user_8,tt0106664,6
user_8,tt0106673,8
user_8,tt0106677,6
user_8,tt0106697,5
user_8,tt0106701,7
user_8,tt0106761,4
user_8,tt0106856,9
user_8,tt0106904,7
user_8,tt0106918,6
user_8,tt0106977,9
user_8,tt0107048,8
user_8,tt0107091,8
user_8,tt0107120,8
user_8,tt0107144,6
user_8,tt0107206,7
user_8,tt0107207,10
user_8,tt0107211,6
user_8,tt0107290,8
user_8,tt0107362,7
user_8,tt0107438,4
user_8,tt0107497,7
user_8,tt0107507,6
user_8,tt0107554,8
user_8,tt0107614,8
user_8,tt0107653,7
user_8,tt0107688,8
user_8,tt0107692,7
user_8,tt0107798,7
user_8,tt0107808,8
user_8,tt0107818,9
user_8,tt0107822,8
user_8,tt0107943,7
user_8,tt0107969,6
user_8,tt0107977,5
user_8,tt0108000,9
user_8,tt0108037,9
user_8,tt0108052,7
user_8,tt0108065,8
user_8,tt0108122,7
user_8,tt0108160,6
user_8,tt0108171,5
user_8,tt0108186,7
user_8,tt0108188,9
user_8,tt0108255,4
user_8,tt0108330,8
user_8,tt0108339,5
user_8,tt0108358,7
user_8,tt0108394,8
user_8,tt0108399,8
user_8,tt0108473,4
user_8,tt0108525,7
user_8,tt0108550,7
user_8,tt0108560,7
user_8,tt0109040,7
user_8,tt0109045,9
user_8,tt0109068,7
user_8,tt0109117,7
user_8,tt0109190,6
user_8,tt0109198,7
user_8,tt0109254,6
user_8,tt0109287,6
user_8,tt0109348,7
user_8,tt0109424,10
user_8,tt0109439,5
user_8,tt0109440,8
user_8,tt0109444,8
user_8,tt0109445,8
user_8,tt0109506,7
user_8,tt0109520,6
user_8,tt0109555,9
user_8,tt0109579,7
user_8,tt0109686,6
user_8,tt0109707,7
user_8,tt0109830,9
user_8,tt0109831,6
user_8,tt0109917,5
user_8,tt0110148,9
user_8,tt0110189,6
user_8,tt0110322,6
user_8,tt0110357,8
user_8,tt0110366,6
user_8,tt0110413,9
user_8,tt0110428,7
user_8,tt0110443,6
user_8,tt0110475,7
user_8,tt0110478,7
user_8,tt0110538,5
user_8,tt0110622,7
user_8,tt0110632,9
user_8,tt0110725,4
user_8,tt0110749,6
user_8,tt0110857,4
user_8,tt0110912,10
user_8,tt0110932,8
user_8,tt0110989,6
user_8,tt0110997,7
user_8,tt0111001,7
user_8,tt0111003,4
user_8,tt0111143,5
user_8,tt0111161,10
user_8,tt0111183,7
user_8,tt0111255,6
user_8,tt0111256,6
user_8,tt0111257,8
user_8,tt0111280,5
user_8,tt0111282,7
user_8,tt0111301,3
user_8,tt0111341,9
user_8,tt0111419,7
user_8,tt0111495,9
user_8,tt0111503,6
user_8,tt0111507,7
user_8,tt0111512,8
user_8,tt0111667,7
user_8,tt0111686,6
user_8,tt0111742,5
user_8,tt0112281,6
user_8,tt0112346,6
user_8,tt0112384,10
user_8,tt0112431,8
user_8,tt0112442,8
user_8,tt0112453,7
user_8,tt0112461,9
user_8,tt0112462,6
user_8,tt0112471,7
user_8,tt0112508,7
user_8,tt0112536,5
user_8,tt0112553,9
user_8,tt0112571,7
user_8,tt0112573,10
user_8,tt0112579,9
user_8,tt0112641,8
user_8,tt0112642,6
user_8,tt0112697,7
user_8,tt0112722,8
user_8,tt0112740,7
user_8,tt0112757,8
user_8,tt0112817,7
user_8,tt0112819,7
user_8,tt0112851,8
user_8,tt0112857,7
user_8,tt0112864,9
user_8,tt0112873,4
user_8,tt0112887,7
user_8,tt0112896,7
user_8,tt0112913,10
user_8,tt0112950,7
user_8,tt0113071,6
user_8,tt0113101,6
user_8,tt0113118,8
user_8,tt0113189,8
user_8,tt0113243,8
user_8,tt0113247,8
user_8,tt0113249,6
user_8,tt0113277,9
user_8,tt0113305,8
user_8,tt0113326,9
user_8,tt0113409,5
user_8,tt0113419,5
user_8,tt0113492,4
user_8,tt0113497,6
user_8,tt0113526,8
user_8,tt0113540,5
user_8,tt0113568,7
user_8,tt0113627,7
user_8,tt0113670,8
user_8,tt0113674,5
user_8,tt0113677,9
user_8,tt0113749,6
user_8,tt0113824,8
user_8,tt0113855,6
user_8,tt0113862,7
user_8,tt0113939,7
user_8,tt0113957,8
user_8,tt0113964,4
user_8,tt0114048,4
user_8,tt0114057,6
user_8,tt0114069,7
user_8,tt0114148,8
user_8,tt0114214,8
user_8,tt0114287,8
user_8,tt0114303,7
user_8,tt0114369,8
user_8,tt0114388,8
user_8,tt0114436,6
user_8,tt0114558,8
user_8,tt0114608,8
user_8,tt0114626,7
user_8,tt0114681,6
user_8,tt0114694,7
user_8,tt0114709,8
user_8,tt0114746,6
user_8,tt0114814,9
user_8,tt0114825,6
user_8,tt0114852,7
user_8,tt0114887,7
user_8,tt0114898,7
user_8,tt0114917,7
user_8,tt0114924,8
user_8,tt0114938,7
user_8,tt0115433,6
user_8,tt0115438,9
user_8,tt0115536,8
user_8,tt0115640,9
user_8,tt0115641,7
user_8,tt0115685,7
user_8,tt0115734,9
user_8,tt0115759,6
user_8,tt0115798,6
user_8,tt0115857,6
user_8,tt0115963,7
user_8,tt0115986,6
user_8,tt0116040,7
user_8,tt0116102,6
user_8,tt0116136,6
user_8,tt0116209,9
user_8,tt0116213,5
user_8,tt0116231,9
user_8,tt0116277,6
user_8,tt0116282,8
user_8,tt0116365,7
user_8,tt0116367,8
user_8,tt0116409,8
user_8,tt0116421,8
user_8,tt0116477,7
user_8,tt0116483,8
user_8,tt0116583,8
user_8,tt0116629,6
user_8,tt0116654,5
user_8,tt0116669,7
user_8,tt0116695,7
user_8,tt0116705,5
user_8,tt0116778,7
user_8,tt0116830,7
user_8,tt0116908,8
user_8,tt0116922,7
user_8,tt0116996,8
user_8,tt0117008,7
user_8,tt0117011,5
user_8,tt0117060,8
user_8,tt0117091,8
user_8,tt0117110,5
user_8,tt0117218,6
user_8,tt0117247,6
user_8,tt0117318,7
user_8,tt0117331,5
user_8,tt0117381,10
user_8,tt0117438,6
user_8,tt0117500,7
user_8,tt0117509,5
user_8,tt0117550,2
user_8,tt0117571,6
user_8,tt0117589,8
user_8,tt0117604,9
user_8,tt0117628,7
user_8,tt0117631,10
user_8,tt0117665,9
user_8,tt0117705,7
user_8,tt0117715,8
user_8,tt0117731,8
user_8,tt0117826,6
user_8,tt0117883,9
user_8,tt0117887,8
user_8,tt0117913,7
user_8,tt0117918,7
user_8,tt0117951,9
user_8,tt0117958,8
user_8,tt0117998,6
user_8,tt0118111,6
user_8,tt0118571,7
user_8,tt0118583,5
user_8,tt0118607,7
user_8,tt0118610,7
user_8,tt0118615,4
user_8,tt0118617,8
user_8,tt0118655,8
user_8,tt0118663,4
user_8,tt0118688,4
user_8,tt0118689,9
user_8,tt0118691,5
user_8,tt0118694,8
user_8,tt0118715,7
user_8,tt0118749,10
user_8,tt0118755,8
user_8,tt0118772,5
user_8,tt0118789,9
user_8,tt0118799,10
user_8,tt0118842,7
user_8,tt0118845,9
user_8,tt0118849,7
user_8,tt0118880,7
user_8,tt0118883,8
user_8,tt0118884,7
user_8,tt0118887,7
user_8,tt0118928,6
user_8,tt0118929,9
user_8,tt0118954,8
user_8,tt0118956,6
user_8,tt0118966,6
user_8,tt0118971,8
user_8,tt0118998,4
user_8,tt0119008,7
user_8,tt0119013,5
user_8,tt0119051,6
user_8,tt0119081,6
user_8,tt0119094,9
user_8,tt0119114,6
user_8,tt0119116,8
user_8,tt0119137,4
user_8,tt0119164,7
user_8,tt0119173,3
user_8,tt0119174,8
user_8,tt0119177,9
user_8,tt0119190,5
user_8,tt0119215,7
user_8,tt0119217,7
user_8,tt0119229,7
user_8,tt0119282,7
user_8,tt0119303,4
user_8,tt0119345,6
user_8,tt0119349,6
user_8,tt0119360,6
user_8,tt0119395,5
user_8,tt0119396,8
user_8,tt0119432,6
user_8,tt0119468,7
user_8,tt0119472,7
user_8,tt0119488,10
user_8,tt0119528,6
user_8,tt0119535,7
user_8,tt0119558,7
user_8,tt0119567,9
user_8,tt0119643,6
user_8,tt0119653,7
user_8,tt0119654,10
user_8,tt0119668,6
user_8,tt0119670,8
user_8,tt0119675,7
user_8,tt0119698,9
user_8,tt0119709,6
user_8,tt0119715,7
user_8,tt0119738,5
user_8,tt0119784,5
user_8,tt0119807,8
user_8,tt0119809,5
user_8,tt0119822,8
user_8,tt0119925,5
user_8,tt0119978,7
user_8,tt0120025,6
user_8,tt0120053,6
user_8,tt0120082,7
user_8,tt0120087,5
user_8,tt0120102,6
user_8,tt0120148,6
user_8,tt0120177,6
user_8,tt0120179,4
user_8,tt0120184,7
user_8,tt0120185,4
user_8,tt0120188,7
user_8,tt0120201,7
user_8,tt0120241,8
user_8,tt0120275,9
user_8,tt0120324,7
user_8,tt0120338,8
user_8,tt0120347,7
user_8,tt0120363,7
user_8,tt0120382,6
user_8,tt0120458,5
user_8,tt0120461,5
user_8,tt0120484,6
user_8,tt0120524,4
user_8,tt0120577,8
user_8,tt0120586,8
user_8,tt0120587,7
user_8,tt0120591,9
user_8,tt0120595,8
user_8,tt0120601,7
user_8,tt0120610,6
user_8,tt0120611,7
user_8,tt0120616,7
user_8,tt0120623,9
user_8,tt0120630,8
user_8,tt0120631,9
user_8,tt0120632,7
user_8,tt0120647,5
user_8,tt0120655,8
user_8,tt0120657,6
user_8,tt0120660,7
user_8,tt0120663,8
user_8,tt0120667,4
user_8,tt0120669,8
user_8,tt0120681,8
user_8,tt0120685,5
user_8,tt0120689,8
user_8,tt0120693,7
user_8,tt0120694,6
user_8,tt0120731,7
user_8,tt0120735,9
user_8,tt0120737,10
user_8,tt0120744,8
user_8,tt0120746,8
user_8,tt0120755,6
user_8,tt0120762,8
user_8,tt0120768,8
user_8,tt0120780,7
user_8,tt0120783,8
user_8,tt0120784,7
user_8,tt0120787,6
user_8,tt0120789,9
user_8,tt0120791,7
user_8,tt0120794,8
user_8,tt0120797,7
user_8,tt0120804,6
user_8,tt0120812,5
user_8,tt0120815,8
user_8,tt0120820,6
user_8,tt0120824,6
user_8,tt0120828,5
user_8,tt0120832,6
user_8,tt0120841,6
user_8,tt0120844,8
user_8,tt0120855,8
user_8,tt0120863,6
user_8,tt0120873,7
user_8,tt0120885,7
user_8,tt0120888,6
user_8,tt0120889,7
user_8,tt0120890,7
user_8,tt0120891,5
user_8,tt0120901,6
user_8,tt0120902,7
user_8,tt0120903,7
user_8,tt0120907,6
user_8,tt0120910,10
user_8,tt0120912,5
user_8,tt0120913,7
user_8,tt0120915,3
user_8,tt0120917,7
user_8,tt0121164,8
user_8,tt0121765,6
user_8,tt0121766,6
user_8,tt0122143,6
user_8,tt0122151,8
user_8,tt0122690,8
user_8,tt0122718,7
user_8,tt0122933,6
user_8,tt0123209,7
user_8,tt0123755,7
user_8,tt0123927,6
user_8,tt0124298,5
user_8,tt0124315,7
user_8,tt0124718,5
user_8,tt0125022,5
user_8,tt0125439,8
user_8,tt0125664,8
user_8,tt0126029,8
user_8,tt0126388,6
user_8,tt0126886,9
user_8,tt0127536,8
user_8,tt0127723,7
user_8,tt0128442,7
user_8,tt0128445,9
user_8,tt0128853,7
user_8,tt0129157,7
user_8,tt0129167,8
user_8,tt0129290,7
user_8,tt0129332,8
user_8,tt0129387,7
user_8,tt0130121,6
user_8,tt0130827,8
user_8,tt0131046,4
user_8,tt0132477,7
user_8,tt0133093,10
user_8,tt0133152,6
user_8,tt0133189,8
user_8,tt0133240,7
user_8,tt0133751,5
user_8,tt0133952,7
user_8,tt0134033,6
user_8,tt0134067,7
user_8,tt0134084,7
user_8,tt0134119,9
user_8,tt0134273,6
user_8,tt0134618,8
user_8,tt0134847,9
user_8,tt0137363,7
user_8,tt0137494,5
user_8,tt0137523,10
user_8,tt0138097,8
user_8,tt0138304,5
user_8,tt0138524,7
user_8,tt0138537,7
user_8,tt0138704,7
user_8,tt0138749,9
user_8,tt0138810,6
user_8,tt0139134,8
user_8,tt0139239,6
user_8,tt0139362,6
user_8,tt0139414,7
user_8,tt0139654,10
user_8,tt0139699,7
user_8,tt0139809,8
user_8,tt0140352,8
user_8,tt0141105,8
user_8,tt0141369,3
user_8,tt0141926,7
user_8,tt0142257,6
user_8,tt0142342,6
user_8,tt0142688,6
user_8,tt0143145,5
user_8,tt0144084,8
user_8,tt0144117,8
user_8,tt0144214,7
user_8,tt0144528,4
user_8,tt0144546,8
user_8,tt0144964,4
user_8,tt0145487,7
user_8,tt0145660,6
user_8,tt0145681,9
user_8,tt0145734,7
user_8,tt0146271,7
user_8,tt0146309,9
user_8,tt0146316,5
user_8,tt0146675,6
user_8,tt0146838,7
user_8,tt0146882,7
user_8,tt0147599,8
user_8,tt0147612,6
user_8,tt0147800,8
user_8,tt0149261,6
user_8,tt0150662,6
user_8,tt0151804,9
user_8,tt0153464,5
user_8,tt0154420,5
user_8,tt0154506,8
user_8,tt0155267,6
user_8,tt0155711,6
user_8,tt0155975,5
user_8,tt0156729,7
user_8,tt0156887,9
user_8,tt0157016,8
user_8,tt0157044,5
user_8,tt0157262,5
user_8,tt0158811,6
user_8,tt0158983,5
user_8,tt0159097,8
user_8,tt0159273,5
user_8,tt0159364,6
user_8,tt0159365,7
user_8,tt0160127,6
user_8,tt0160862,5
user_8,tt0161081,6
user_8,tt0162222,7
user_8,tt0162346,7
user_8,tt0162625,8
user_8,tt0162661,7
user_8,tt0162875,6
user_8,tt0163025,6
user_8,tt0163187,6
user_8,tt0163651,9
user_8,tt0163978,5
user_8,tt0163988,6
user_8,tt0164052,7
user_8,tt0164114,7
user_8,tt0164181,9
user_8,tt0164184,8
user_8,tt0164334,8
user_8,tt0164912,5
user_8,tt0165494,5
user_8,tt0165798,8
user_8,tt0165854,8
user_8,tt0165929,6
user_8,tt0166485,7
user_8,tt0166896,7
user_8,tt0166924,7
user_8,tt0167190,9
user_8,tt0167260,8
user_8,tt0167261,9
user_8,tt0167404,7
user_8,tt0167456,6
user_8,tt0168501,6
user_8,tt0168629,7
user_8,tt0168922,6
user_8,tt0169102,8
user_8,tt0169547,8
user_8,tt0169858,7
user_8,tt0170016,7
user_8,tt0170691,7
user_8,tt0171359,7
user_8,tt0171363,5
user_8,tt0171804,9
user_8,tt0172156,6
user_8,tt0172464,4
user_8,tt0172493,9
user_8,tt0172495,9
user_8,tt0172812,8
user_8,tt0173080,5
user_8,tt0173840,7
user_8,tt0174480,5
user_8,tt0174856,7
user_8,tt0175142,8
user_8,tt0175593,5
user_8,tt0175880,6
user_8,tt0176269,4
user_8,tt0177242,7
user_8,tt0177650,6
user_8,tt0177789,7
user_8,tt0177858,6
user_8,tt0177874,7
user_8,tt0177971,7
user_8,tt0178988,6
user_8,tt0179626,6
user_8,tt0180073,6
user_8,tt0180093,9
user_8,tt0180748,8
user_8,tt0181316,5
user_8,tt0181536,8
user_8,tt0181689,8
user_8,tt0181852,7
user_8,tt0181865,7
user_8,tt0181875,9
user_8,tt0182789,9
user_8,tt0183056,7
user_8,tt0183505,6
user_8,tt0183523,6
user_8,tt0183649,8
user_8,tt0183790,5
user_8,tt0183869,7
user_8,tt0184894,7
user_8,tt0185125,10
user_8,tt0185183,3
user_8,tt0185431,5
user_8,tt0185937,6
user_8,tt0186045,6
user_8,tt0186151,7
user_8,tt0186566,5
user_8,tt0187078,5
user_8,tt0187393,9
user_8,tt0187738,7
user_8,tt0189630,5
user_8,tt0190138,7
user_8,tt0190332,8
user_8,tt0190590,8
user_8,tt0190641,6
user_8,tt0192614,5
user_8,tt0193364,3
user_8,tt0194722,6
user_8,tt0195685,7
user_8,tt0195714,6
user_8,tt0196229,8
user_8,tt0198781,7
user_8,tt0199683,7
user_8,tt0199725,8
user_8,tt0200071,7
user_8,tt0200299,4
user_8,tt0200465,6
user_8,tt0200530,6
user_8,tt0200550,5
user_8,tt0203009,10
user_8,tt0203019,7
user_8,tt0204313,5
user_8,tt0204946,6
user_8,tt0205000,5
user_8,tt0206634,7
user_8,tt0207201,6
user_8,tt0208003,5
user_8,tt0208092,7
user_8,tt0209077,7
user_8,tt0209144,9
user_8,tt0209163,8
user_8,tt0209475,6
user_8,tt0209958,8
user_8,tt0210616,7
user_8,tt0210945,6
user_8,tt0211181,6
user_8,tt0211718,10
user_8,tt0211915,7
user_8,tt0211934,8
user_8,tt0211957,4
user_8,tt0212338,8
user_8,tt0212346,5
user_8,tt0212720,9
user_8,tt0212985,7
user_8,tt0213149,7
user_8,tt0213203,6
user_8,tt0213642,3
user_8,tt0213847,7
user_8,tt0215129,8
user_8,tt0215750,8
user_8,tt0216216,5
user_8,tt0217505,7
user_8,tt0217630,6
user_8,tt0217869,9
user_8,tt0218533,7
user_8,tt0218839,7
user_8,tt0218922,6
user_8,tt0218967,7
user_8,tt0219653,5
user_8,tt0220099,7
user_8,tt0221027,9
user_8,tt0222812,5
user_8,tt0223268,5
user_8,tt0223897,8
user_8,tt0227445,8
user_8,tt0227538,6
user_8,tt0227984,6
user_8,tt0228333,5
user_8,tt0228786,5
user_8,tt0230011,8
user_8,tt0230030,6
user_8,tt0230600,9
user_8,tt0230838,7
user_8,tt0231402,5
user_8,tt0232500,7
user_8,tt0233142,6
user_8,tt0233422,6
user_8,tt0233469,6
user_8,tt0233856,7
user_8,tt0234215,7
user_8,tt0234829,5
user_8,tt0235198,5
user_8,tt0235679,6
user_8,tt0236027,8
user_8,tt0236348,5
user_8,tt0236493,6
user_8,tt0237572,7
user_8,tt0238380,9
user_8,tt0238936,9
user_8,tt0239395,7
user_8,tt0239948,5
user_8,tt0240468,8
user_8,tt0240772,8
user_8,tt0240890,9
user_8,tt0241025,4
user_8,tt0241303,8
user_8,tt0241527,8
user_8,tt0242423,6
user_8,tt0242445,6
user_8,tt0242519,9
user_8,tt0242527,8
user_8,tt0242653,7
user_8,tt0243133,8
user_8,tt0243155,7
user_8,tt0243493,6
user_8,tt0243736,6
user_8,tt0243889,8
user_8,tt0244244,7
user_8,tt0244970,8
user_8,tt0245238,7
user_8,tt0245429,8
user_8,tt0245562,7
user_8,tt0245574,8
user_8,tt0245674,6
user_8,tt0245712,7
user_8,tt0245844,8
user_8,tt0246460,7
user_8,tt0246578,8
user_8,tt0246677,6
user_8,tt0246894,4
user_8,tt0247196,7
user_8,tt0247199,9
user_8,tt0247586,8
user_8,tt0247638,7
user_8,tt0247745,9
user_8,tt0248667,8
user_8,tt0249462,10
user_8,tt0250081,5
user_8,tt0250223,8
user_8,tt0250258,7
user_8,tt0250494,6
user_8,tt0250687,4
user_8,tt0250797,6
user_8,tt0251075,6
user_8,tt0251114,6
user_8,tt0251127,6
user_8,tt0251160,5
user_8,tt0251734,5
user_8,tt0251736,5
user_8,tt0252028,5
user_8,tt0252076,6
user_8,tt0252501,8
user_8,tt0252503,8
user_8,tt0252866,6
user_8,tt0253474,8
user_8,tt0253556,7
user_8,tt0253790,7
user_8,tt0253867,6
user_8,tt0253963,7
user_8,tt0253991,10
user_8,tt0254481,7
user_8,tt0255094,9
user_8,tt0255798,6
user_8,tt0256009,8
user_8,tt0256380,6
user_8,tt0256415,7
user_8,tt0257044,9
user_8,tt0257076,5
user_8,tt0257106,5
user_8,tt0257290,8
user_8,tt0257360,7
user_8,tt0257756,6
user_8,tt0258000,7
user_8,tt0258038,6
user_8,tt0258153,7
user_8,tt0258463,8
user_8,tt0258470,6
user_8,tt0258816,8
user_8,tt0259324,8
user_8,tt0259446,8
user_8,tt0259711,8
user_8,tt0260866,6
user_8,tt0261289,6
user_8,tt0261392,7
user_8,tt0261983,7
user_8,tt0262333,9
user_8,tt0263074,7
user_8,tt0263488,6
user_8,tt0263743,7
user_8,tt0263757,8
user_8,tt0264150,5
user_8,tt0264395,8
user_8,tt0264464,9
user_8,tt0264472,8
user_8,tt0264761,7
user_8,tt0265029,6
user_8,tt0265086,7
user_8,tt0265208,6
user_8,tt0265459,5
user_8,tt0265662,8
user_8,tt0265666,9
user_8,tt0266308,8
user_8,tt0266489,6
user_8,tt0266543,7
user_8,tt0266697,7
user_8,tt0266915,7
user_8,tt0266987,8
user_8,tt0267129,7
user_8,tt0267248,7
user_8,tt0267626,7
user_8,tt0267804,5
user_8,tt0267913,5
user_8,tt0268126,8
user_8,tt0268380,6
user_8,tt0268695,5
user_8,tt0268978,8
user_8,tt0270288,7
user_8,tt0270846,5
user_8,tt0271027,7
user_8,tt0271367,6
user_8,tt0271668,6
user_8,tt0272020,5
user_8,tt0272152,6
user_8,tt0272338,7
user_8,tt0274166,7
user_8,tt0274558,7
user_8,tt0274711,8
user_8,tt0274812,7
user_8,tt0274874,2
user_8,tt0275022,5
user_8,tt0275491,8
user_8,tt0275847,8
user_8,tt0276751,8
user_8,tt0276919,6
user_8,tt0277027,6
user_8,tt0277296,4
user_8,tt0277371,4
user_8,tt0277434,8
user_8,tt0278504,5
user_8,tt0278823,8
user_8,tt0279113,7
user_8,tt0279248,6
user_8,tt0280590,5
user_8,tt0280665,8
user_8,tt0280707,8
user_8,tt0280760,9
user_8,tt0280778,6
user_8,tt0281358,8
user_8,tt0281364,6
user_8,tt0282386,5
user_8,tt0282552,6
user_8,tt0282687,6
user_8,tt0282778,9
user_8,tt0283026,3
user_8,tt0283111,6
user_8,tt0283476,9
user_8,tt0283509,10
user_8,tt0283832,7
user_8,tt0283897,6
user_8,tt0283900,7
user_8,tt0283915,7
user_8,tt0284490,4
user_8,tt0284837,6
user_8,tt0285005,8
user_8,tt0285492,6
user_8,tt0285531,7
user_8,tt0285823,5
user_8,tt0286106,6
user_8,tt0286112,6
user_8,tt0286499,8
user_8,tt0286716,7
user_8,tt0286751,4
user_8,tt0287467,5
user_8,tt0287978,5
user_8,tt0288045,4
user_8,tt0288477,6
user_8,tt0289043,8
user_8,tt0289408,6
user_8,tt0289765,8
user_8,tt0289848,6
user_8,tt0289879,8
user_8,tt0289992,7
user_8,tt0290002,6
user_8,tt0290095,6
user_8,tt0290334,9
user_8,tt0290673,6
user_8,tt0291341,6
user_8,tt0291350,8
user_8,tt0292490,7
user_8,tt0292506,7
user_8,tt0292963,6
user_8,tt0293508,8
user_8,tt0293564,5
user_8,tt0293662,7
user_8,tt0294357,8
user_8,tt0295178,5
user_8,tt0295297,7
user_8,tt0295700,6
user_8,tt0295701,7
user_8,tt0296166,6
user_8,tt0296572,8
user_8,tt0297037,5
user_8,tt0297181,6
user_8,tt0297284,8
user_8,tt0298130,8
user_8,tt0298148,8
user_8,tt0298203,7
user_8,tt0298408,7
user_8,tt0298814,5
user_8,tt0299117,8
user_8,tt0299658,8
user_8,tt0299930,1
user_8,tt0299977,8
user_8,tt0300051,8
user_8,tt0300237,8
user_8,tt0300471,6
user_8,tt0300556,6
user_8,tt0301357,8
user_8,tt0301470,4
user_8,tt0301976,7
user_8,tt0302640,6
user_8,tt0302674,6
user_8,tt0302886,7
user_8,tt0303816,5
user_8,tt0304141,8
user_8,tt0304415,6
user_8,tt0304669,6
user_8,tt0305224,6
user_8,tt0305357,5
user_8,tt0306047,5
user_8,tt0307453,6
user_8,tt0307479,6
user_8,tt0307901,7
user_8,tt0307987,6
user_8,tt0308055,7
user_8,tt0308644,10
user_8,tt0309593,5
user_8,tt0309698,7
user_8,tt0309987,8
user_8,tt0310203,8
user_8,tt0310281,9
user_8,tt0310775,8
user_8,tt0310778,6
user_8,tt0310910,7
user_8,tt0311113,8
user_8,tt0311289,9
user_8,tt0311429,5
user_8,tt0312004,9
user_8,tt0312528,5
user_8,tt0312549,7
user_8,tt0312841,9
user_8,tt0313300,7
user_8,tt0313542,8
user_8,tt0313737,6
user_8,tt0313792,7
user_8,tt0314009,8
user_8,tt0314331,9
user_8,tt0314353,4
user_8,tt0314498,4
user_8,tt0315327,6
user_8,tt0315733,7
user_8,tt0315983,7
user_8,tt0316356,8
user_8,tt0316396,7
user_8,tt0316465,6
user_8,tt0316654,7
user_8,tt0317052,5
user_8,tt0317198,7
user_8,tt0317219,7
user_8,tt0317248,9
user_8,tt0317303,8
user_8,tt0317705,9
user_8,tt0317740,7
user_8,tt0317919,7
user_8,tt0318283,7
user_8,tt0318462,8
user_8,tt0318627,7
user_8,tt0318649,7
user_8,tt0319061,7
user_8,tt0319262,5
user_8,tt0319343,5
user_8,tt0319736,8
user_8,tt0320244,8
user_8,tt0320661,7
user_8,tt0320691,8
user_8,tt0322259,8
user_8,tt0322330,8
user_8,tt0323013,9
user_8,tt0323033,5
user_8,tt0324071,6
user_8,tt0324133,5
user_8,tt0324216,7
user_8,tt0324554,7
user_8,tt0325703,8
user_8,tt0325710,8
user_8,tt0325805,7
user_8,tt0325980,8
user_8,tt0326600,3
user_8,tt0326856,3
user_8,tt0327056,7
user_8,tt0327084,7
user_8,tt0327162,6
user_8,tt0327247,5
user_8,tt0327554,3
user_8,tt0327597,9
user_8,tt0327679,8
user_8,tt0327850,8
user_8,tt0328107,8
user_8,tt0328538,6
user_8,tt0328828,6
user_8,tt0328880,7
user_8,tt0329101,7
user_8,tt0329575,8
user_8,tt0329717,5
user_8,tt0329774,5
user_8,tt0330373,7
user_8,tt0330793,6
user_8,tt0331421,6
user_8,tt0331468,5
user_8,tt0332047,7
user_8,tt0332280,7
user_8,tt0332375,7
user_8,tt0332379,8
user_8,tt0332452,7
user_8,tt0332639,8
user_8,tt0333766,8
user_8,tt0333780,5
user_8,tt0335119,5
user_8,tt0335245,6
user_8,tt0335266,6
user_8,tt0335345,8
user_8,tt0335438,6
user_8,tt0337563,6
user_8,tt0337573,6
user_8,tt0337741,5
user_8,tt0337876,6
user_8,tt0337921,7
user_8,tt0337978,7
user_8,tt0338013,9
user_8,tt0338094,5
user_8,tt0338095,7
user_8,tt0338188,5
user_8,tt0338337,5
user_8,tt0338348,6
user_8,tt0338466,5
user_8,tt0338526,6
user_8,tt0338564,10
user_8,tt0338751,8
user_8,tt0339230,8
user_8,tt0339291,8
user_8,tt0339824,5
user_8,tt0340163,6
user_8,tt0340181,6
user_8,tt0340855,9
user_8,tt0342258,7
user_8,tt0342636,9
user_8,tt0343135,6
user_8,tt0343660,8
user_8,tt0343737,6
user_8,tt0343818,7
user_8,tt0344510,10
user_8,tt0346156,6
user_8,tt0346491,4
user_8,tt0346723,8
user_8,tt0347149,7
user_8,tt0347246,8
user_8,tt0347304,8
user_8,tt0347332,9
user_8,tt0347473,7
user_8,tt0348150,5
user_8,tt0348333,7
user_8,tt0348836,6
user_8,tt0349205,7
user_8,tt0349683,6
user_8,tt0349710,6
user_8,tt0349903,7
user_8,tt0350028,7
user_8,tt0350258,7
user_8,tt0350774,5
user_8,tt0351283,7
user_8,tt0351977,8
user_8,tt0352248,10
user_8,tt0353969,7
user_8,tt0354899,7
user_8,tt0355295,9
user_8,tt0355683,5
user_8,tt0356150,6
user_8,tt0356470,6
user_8,tt0356634,6
user_8,tt0356680,7
user_8,tt0356721,6
user_8,tt0356910,5
user_8,tt0357277,5
user_8,tt0357413,8
user_8,tt0358082,6
user_8,tt0358273,8
user_8,tt0358345,7
user_8,tt0359013,5
user_8,tt0359950,6
user_8,tt0360130,7
user_8,tt0360139,6
user_8,tt0360201,6
user_8,tt0360486,7
user_8,tt0360717,8
user_8,tt0361127,7
user_8,tt0361467,4
user_8,tt0361620,5
user_8,tt0361696,6
user_8,tt0361748,8
user_8,tt0361862,6
user_8,tt0362004,8
user_8,tt0362120,5
user_8,tt0362165,3
user_8,tt0362225,7
user_8,tt0362227,7
user_8,tt0362269,8
user_8,tt0362270,5
user_8,tt0362433,7
user_8,tt0362478,4
user_8,tt0363143,4
user_8,tt0363163,8
user_8,tt0363547,9
user_8,tt0363771,6
user_8,tt0363988,6
user_8,tt0364045,7
user_8,tt0364385,5
user_8,tt0364569,7
user_8,tt0364725,7
user_8,tt0364751,7
user_8,tt0364961,7
user_8,tt0364970,6
user_8,tt0365376,8
user_8,tt0365485,7
user_8,tt0365686,8
user_8,tt0365737,7
user_8,tt0365748,8
user_8,tt0365830,7
user_8,tt0365885,9
user_8,tt0365907,7
user_8,tt0365957,4
user_8,tt0366174,5
user_8,tt0366526,8
user_8,tt0366548,7
user_8,tt0366551,8
user_8,tt0366627,8
user_8,tt0366777,7
user_8,tt0367110,7
user_8,tt0367594,8
user_8,tt0367652,3
user_8,tt0367882,6
user_8,tt0367959,4
user_8,tt0368008,7
user_8,tt0368226,4
user_8,tt0368447,6
user_8,tt0368794,7
user_8,tt0368891,9
user_8,tt0368933,5
user_8,tt0369226,1
user_8,tt0369339,6
user_8,tt0369441,6
user_8,tt0369610,9
user_8,tt0369702,7
user_8,tt0369735,6
user_8,tt0370032,5
user_8,tt0370082,6
user_8,tt0370263,5
user_8,tt0370402,6
user_8,tt0370986,8
user_8,tt0371606,8
user_8,tt0371724,6
user_8,tt0371746,7
user_8,tt0372183,6
user_8,tt0372237,7
user_8,tt0372588,6
user_8,tt0372784,8
user_8,tt0372824,8
user_8,tt0373051,4
user_8,tt0373074,8
user_8,tt0373469,10
user_8,tt0373883,7
user_8,tt0373889,8
user_8,tt0373921,9
user_8,tt0373926,8
user_8,tt0373981,8
user_8,tt0374102,3
user_8,tt0374312,4
user_8,tt0374536,3
user_8,tt0374563,6
user_8,tt0374887,8
user_8,tt0374900,7
user_8,tt0375063,9
user_8,tt0375568,7
user_8,tt0375679,9
user_8,tt0375912,6
user_8,tt0375920,4
user_8,tt0376136,6
user_8,tt0376541,8
user_8,tt0376968,7
user_8,tt0376994,8
user_8,tt0377062,8
user_8,tt0377092,8
user_8,tt0377109,7
user_8,tt0377471,6
user_8,tt0377818,7
user_8,tt0377981,7
user_8,tt0378109,6
user_8,tt0378194,7
user_8,tt0378897,7
user_8,tt0378947,5
user_8,tt0379725,8
user_8,tt0379786,7
user_8,tt0379865,6
user_8,tt0379918,6
user_8,tt0380389,8
user_8,tt0380510,6
user_8,tt0381061,9
user_8,tt0381392,5
user_8,tt0381681,7
user_8,tt0381707,5
user_8,tt0381849,7
user_8,tt0382077,8
user_8,tt0382625,4
user_8,tt0382932,8
user_8,tt0382992,7
user_8,tt0383010,5
user_8,tt0383028,7
user_8,tt0383216,6
user_8,tt0383222,3
user_8,tt0383574,8
user_8,tt0384286,6
user_8,tt0384537,9
user_8,tt0384642,6
user_8,tt0384680,7
user_8,tt0384793,7
user_8,tt0384806,6
user_8,tt0385002,9
user_8,tt0385004,7
user_8,tt0385267,6
user_8,tt0385307,6
user_8,tt0385752,7
user_8,tt0385880,5
user_8,tt0385887,7
user_8,tt0386005,7
user_8,tt0386117,8
user_8,tt0386342,8
user_8,tt0386588,8
user_8,tt0386611,7
user_8,tt0387131,8
user_8,tt0387564,10
user_8,tt0387575,4
user_8,tt0387808,7
user_8,tt0387877,6
user_8,tt0387898,6
user_8,tt0388139,7
user_8,tt0388482,8
user_8,tt0388500,4
user_8,tt0388795,9
user_8,tt0389340,10
user_8,tt0389557,6
user_8,tt0389722,6
user_8,tt0389790,7
user_8,tt0389860,7
user_8,tt0390384,9
user_8,tt0390808,7
user_8,tt0391198,5
user_8,tt0391304,7
user_8,tt0393109,7
user_8,tt0393162,7
user_8,tt0395140,10
user_8,tt0395169,9
user_8,tt0395251,6
user_8,tt0395584,4
user_8,tt0395699,6
user_8,tt0396171,8
user_8,tt0396269,9
user_8,tt0396752,7
user_8,tt0397044,6
user_8,tt0397065,6
user_8,tt0397078,5
user_8,tt0397101,9
user_8,tt0397313,8
user_8,tt0397535,9
user_8,tt0397619,10
user_8,tt0397892,8
user_8,tt0398017,6
user_8,tt0398029,6
user_8,tt0398165,7
user_8,tt0398286,8
user_8,tt0398712,8
user_8,tt0398808,5
user_8,tt0399146,6
user_8,tt0399201,8
user_8,tt0399295,8
user_8,tt0399901,7
user_8,tt0400585,8
user_8,tt0400717,5
user_8,tt0401233,8
user_8,tt0401383,9
user_8,tt0401445,7
user_8,tt0401711,8
user_8,tt0401729,6
user_8,tt0401792,7
user_8,tt0401855,9
user_8,tt0402022,6
user_8,tt0402158,4
user_8,tt0402399,6
user_8,tt0402910,8
user_8,tt0403358,9
user_8,tt0403508,7
user_8,tt0403703,6
user_8,tt0404032,7
user_8,tt0404203,7
user_8,tt0404390,8
user_8,tt0405094,9
user_8,tt0405159,9
user_8,tt0405296,7
user_8,tt0405325,6
user_8,tt0405393,5
user_8,tt0405422,6
user_8,tt0405508,8
user_8,tt0406375,7
user_8,tt0406650,6
user_8,tt0406816,6
user_8,tt0407304,9
user_8,tt0407887,8
user_8,tt0408236,5
user_8,tt0408306,9
user_8,tt0408790,8
user_8,tt0409182,3
user_8,tt0409345,6
user_8,tt0409459,8
user_8,tt0409847,5
user_8,tt0410097,7
user_8,tt0410297,8
user_8,tt0410377,6
user_8,tt0411061,3
user_8,tt0411272,9
user_8,tt0411477,6
user_8,tt0411705,4
user_8,tt0412019,9
user_8,tt0412080,9
user_8,tt0412536,7
user_8,tt0413015,7
user_8,tt0413099,5
user_8,tt0413267,7
user_8,tt0413300,6
user_8,tt0413895,7
user_8,tt0414055,7
user_8,tt0414387,8
user_8,tt0414852,7
user_8,tt0414853,6
user_8,tt0414982,7
user_8,tt0414993,8
user_8,tt0415306,8
user_8,tt0415679,6
user_8,tt0416044,8
user_8,tt0416051,6
user_8,tt0416236,6
user_8,tt0416315,6
user_8,tt0416320,8
user_8,tt0416449,9
user_8,tt0416496,6
user_8,tt0416508,7
user_8,tt0417046,6
user_8,tt0417148,7
user_8,tt0417217,7
user_8,tt0417397,8
user_8,tt0417741,8
user_8,tt0418279,8
user_8,tt0418647,8
user_8,tt0418689,7
user_8,tt0418763,8
user_8,tt0418819,7
user_8,tt0419058,9
user_8,tt0419706,6
user_8,tt0419887,8
user_8,tt0419984,4
user_8,tt0420087,7
user_8,tt0420206,7
user_8,tt0420223,7
user_8,tt0420293,6
user_8,tt0420332,10
user_8,tt0421051,4
user_8,tt0421054,8
user_8,tt0421073,6
user_8,tt0421082,6
user_8,tt0421237,4
user_8,tt0421238,7
user_8,tt0421239,7
user_8,tt0421715,8
user_8,tt0422091,6
user_8,tt0422460,5
user_8,tt0422720,6
user_8,tt0422950,7
user_8,tt0423294,5
user_8,tt0423977,8
user_8,tt0424095,5
user_8,tt0424136,6
user_8,tt0424345,8
user_8,tt0424986,8
user_8,tt0424993,4
user_8,tt0425061,7
user_8,tt0425112,7
user_8,tt0425123,6
user_8,tt0425210,8
user_8,tt0425637,7
user_8,tt0426592,6
user_8,tt0426883,9
user_8,tt0426931,7
user_8,tt0427152,6
user_8,tt0427229,6
user_8,tt0427309,8
user_8,tt0427327,8
user_8,tt0427944,8
user_8,tt0427954,7
user_8,tt0427969,5
user_8,tt0428446,8
user_8,tt0429493,6
user_8,tt0429573,5
user_8,tt0429715,6
user_8,tt0430105,8
user_8,tt0430357,6
user_8,tt0430912,3
user_8,tt0430922,8
user_8,tt0431197,6
user_8,tt0431308,9
user_8,tt0432021,5
user_8,tt0432283,6
user_8,tt0432291,4
user_8,tt0432348,8
user_8,tt0433035,6
user_8,tt0433362,6
user_8,tt0433383,8
user_8,tt0433400,6
user_8,tt0433416,8
user_8,tt0434409,8
user_8,tt0435625,10
user_8,tt0435651,6
user_8,tt0435705,8
user_8,tt0435761,10
user_8,tt0436331,4
user_8,tt0436339,5
user_8,tt0436697,7
user_8,tt0437086,7
user_8,tt0437179,4
user_8,tt0437800,8
user_8,tt0438097,7
user_8,tt0438488,7
user_8,tt0439815,7
user_8,tt0440803,7
user_8,tt0440963,8
user_8,tt0441048,7
user_8,tt0441297,8
user_8,tt0441773,8
user_8,tt0441909,8
user_8,tt0442286,7
user_8,tt0442933,9
user_8,tt0443272,7
user_8,tt0443274,8
user_8,tt0443453,7
user_8,tt0443456,7
user_8,tt0443465,7
user_8,tt0443473,5
user_8,tt0443489,5
user_8,tt0443543,7
user_8,tt0443632,5
user_8,tt0443649,6
user_8,tt0443680,8
user_8,tt0443701,5
user_8,tt0443706,8
user_8,tt0444653,7
user_8,tt0445336,6
user_8,tt0445922,8
user_8,tt0445934,6
user_8,tt0445946,5
user_8,tt0445990,9
user_8,tt0446029,5
user_8,tt0446059,8
user_8,tt0446719,4
user_8,tt0446755,8
user_8,tt0448011,7
user_8,tt0448115,8
user_8,tt0448134,6
user_8,tt0448157,7
user_8,tt0448694,7
user_8,tt0448909,8
user_8,tt0449010,5
user_8,tt0449059,9
user_8,tt0449086,6
user_8,tt0449088,6
user_8,tt0449467,8
user_8,tt0449994,7
user_8,tt0449999,8
user_8,tt0450188,7
user_8,tt0450232,6
user_8,tt0450259,8
user_8,tt0450278,7
user_8,tt0450345,4
user_8,tt0450385,9
user_8,tt0450405,6
user_8,tt0451033,3
user_8,tt0451079,8
user_8,tt0451279,8
user_8,tt0452594,5
user_8,tt0452608,4
user_8,tt0452623,8
user_8,tt0452625,4
user_8,tt0452637,7
user_8,tt0452694,7
user_8,tt0452702,6
user_8,tt0453451,7
user_8,tt0453467,7
user_8,tt0454082,5
user_8,tt0454431,7
user_8,tt0454776,5
user_8,tt0454824,7
user_8,tt0454839,5
user_8,tt0454841,6
user_8,tt0454848,8
user_8,tt0454876,8
user_8,tt0454921,8
user_8,tt0454945,5
user_8,tt0454987,7
user_8,tt0455407,7
user_8,tt0455538,5
user_8,tt0455590,10
user_8,tt0455612,6
user_8,tt0455760,6
user_8,tt0455824,8
user_8,tt0455944,7
user_8,tt0455958,5
user_8,tt0455967,6
user_8,tt0456111,7
user_8,tt0456554,6
user_8,tt0456912,7
user_8,tt0457400,7
user_8,tt0457419,7
user_8,tt0457430,10
user_8,tt0457495,4
user_8,tt0457510,6
user_8,tt0457513,7
user_8,tt0457655,8
user_8,tt0457939,7
user_8,tt0458339,8
user_8,tt0458352,8
user_8,tt0458413,6
user_8,tt0458481,6
user_8,tt0458525,6
user_8,tt0460740,7
user_8,tt0460745,7
user_8,tt0460791,8
user_8,tt0460810,6
user_8,tt0460829,7
user_8,tt0460989,8
user_8,tt0461770,7
user_8,tt0462322,7
user_8,tt0462346,7
user_8,tt0462396,5
user_8,tt0462465,7
user_8,tt0462499,8
user_8,tt0462504,6
user_8,tt0462519,5
user_8,tt0462538,7
user_8,tt0462590,5
user_8,tt0463034,6
user_8,tt0463854,8
user_8,tt0463872,5
user_8,tt0463985,7
user_8,tt0463998,9
user_8,tt0464041,8
user_8,tt0464106,9
user_8,tt0464141,7
user_8,tt0464154,3
user_8,tt0464196,8
user_8,tt0465203,5
user_8,tt0465234,6
user_8,tt0465494,7
user_8,tt0465538,8
user_8,tt0465551,7
user_8,tt0465580,6
user_8,tt0465602,6
user_8,tt0465624,5
user_8,tt0466460,10
user_8,tt0466816,6
user_8,tt0466856,5
user_8,tt0466909,6
user_8,tt0467110,5
user_8,tt0467197,5
user_8,tt0467200,8
user_8,tt0467406,8
user_8,tt0467462,6
user_8,tt0468492,7
user_8,tt0468536,4
user_8,tt0468569,8
user_8,tt0469494,7
user_8,tt0469641,7
user_8,tt0470055,5
user_8,tt0470752,7
user_8,tt0470883,10
user_8,tt0471041,4
user_8,tt0471042,7
user_8,tt0472033,7
user_8,tt0472043,9
user_8,tt0472062,8
user_8,tt0472181,6
user_8,tt0472399,5
user_8,tt0473075,8
user_8,tt0473267,6
user_8,tt0473356,6
user_8,tt0473360,8
user_8,tt0473705,6
user_8,tt0473753,6
user_8,tt0475276,8
user_8,tt0475290,6
user_8,tt0475394,5
user_8,tt0475937,5
user_8,tt0475944,6
user_8,tt0476735,9
user_8,tt0477051,6
user_8,tt0477080,6
user_8,tt0477139,8
user_8,tt0477252,6
user_8,tt0477302,7
user_8,tt0477347,6
user_8,tt0477348,7
user_8,tt0478087,7
user_8,tt0478304,7
user_8,tt0478311,7
user_8,tt0478737,7
user_8,tt0478970,4
user_8,tt0479143,8
user_8,tt0479537,7
user_8,tt0479651,8
user_8,tt0479884,6
user_8,tt0479952,7
user_8,tt0479997,6
user_8,tt0480025,8
user_8,tt0480242,5
user_8,tt0480249,7
user_8,tt0480687,4
user_8,tt0481141,6
user_8,tt0481369,7
user_8,tt0481499,8
user_8,tt0481536,7
user_8,tt0482088,9
user_8,tt0482571,8
user_8,tt0482572,8
user_8,tt0482606,6
user_8,tt0483607,6
user_8,tt0483726,7
user_8,tt0485601,7
user_8,tt0485851,6
user_8,tt0485947,9
user_8,tt0486209,5
user_8,tt0486551,6
user_8,tt0486576,7
user_8,tt0486583,7
user_8,tt0486655,8
user_8,tt0486822,8
user_8,tt0486946,7
user_8,tt0488120,6
user_8,tt0488380,7
user_8,tt0488604,7
user_8,tt0488988,6
user_8,tt0489099,6
user_8,tt0489270,6
user_8,tt0489327,8
user_8,tt0490181,7
user_8,tt0490204,8
user_8,tt0490215,8
user_8,tt0491175,6
user_8,tt0491203,6
user_8,tt0492044,6
user_8,tt0493264,6
user_8,tt0493464,6
user_8,tt0494199,3
user_8,tt0494238,5
user_8,tt0494271,7
user_8,tt0494841,8
user_8,tt0496319,6
user_8,tt0496328,6
user_8,tt0496806,6
user_8,tt0497465,6
user_8,tt0498353,6
user_8,tt0498380,9
user_8,tt0498381,6
user_8,tt0498399,7
user_8,tt0499291,7
user_8,tt0499448,7
user_8,tt0499549,8
user_8,tt0499556,5
user_8,tt0499603,5
user_8,tt0756683,9
user_8,tt0757157,7
user_8,tt0758730,5
user_8,tt0758742,9
user_8,tt0758746,7
user_8,tt0758752,7
user_8,tt0758758,10
user_8,tt0758766,6
user_8,tt0758774,7
user_8,tt0758794,8
user_8,tt0760311,8
user_8,tt0762073,8
user_8,tt0762107,5
user_8,tt0762125,7
user_8,tt0765010,7
user_8,tt0765429,7
user_8,tt0765432,9
user_8,tt0765443,8
user_8,tt0765447,6
user_8,tt0770752,4
user_8,tt0770828,7
user_8,tt0780180,9
user_8,tt0780504,9
user_8,tt0780511,6
user_8,tt0780516,8
user_8,tt0780521,8
user_8,tt0780536,9
user_8,tt0780571,7
user_8,tt0780653,5
user_8,tt0783233,10
user_8,tt0787462,7
user_8,tt0787474,6
user_8,tt0787475,7
user_8,tt0790628,6
user_8,tt0790636,7
user_8,tt0790686,9
user_8,tt0790712,6
user_8,tt0790724,6
user_8,tt0790736,5
user_8,tt0795351,6
user_8,tt0795368,7
user_8,tt0795421,8
user_8,tt0795461,3
user_8,tt0796206,5
user_8,tt0796366,10
user_8,tt0796368,9
user_8,tt0798443,7
user_8,tt0799934,7
user_8,tt0799949,2
user_8,tt0800039,7
user_8,tt0800069,5
user_8,tt0800080,6
user_8,tt0800241,6
user_8,tt0800320,6
user_8,tt0800369,7
user_8,tt0802948,8
user_8,tt0803061,7
user_8,tt0803096,7
user_8,tt0804463,6
user_8,tt0804497,6
user_8,tt0805564,8
user_8,tt0806027,6
user_8,tt0806029,8
user_8,tt0806203,5
user_8,tt0807054,6
user_8,tt0808148,7
user_8,tt0808151,7
user_8,tt0808279,6
user_8,tt0808357,7
user_8,tt0810819,7
user_8,tt0810868,8
user_8,tt0810922,7
user_8,tt0811080,6
user_8,tt0811138,4
user_8,tt0813547,8
user_8,tt0814022,6
user_8,tt0814255,9
user_8,tt0814314,8
user_8,tt0814335,7
user_8,tt0815236,7
user_8,tt0815245,6
user_8,tt0816258,6
user_8,tt0816442,8
user_8,tt0816462,6
user_8,tt0816545,6
user_8,tt0816692,8
user_8,tt0816711,8
user_8,tt0817177,8
user_8,tt0817230,6
user_8,tt0821640,5
user_8,tt0821642,8
user_8,tt0822832,8
user_8,tt0822847,6
user_8,tt0822854,9
user_8,tt0824747,7
user_8,tt0825232,7
user_8,tt0827503,7
user_8,tt0829150,6
user_8,tt0829297,10
user_8,tt0829482,8
user_8,tt0830515,8
user_8,tt0831387,6
user_8,tt0831887,5
user_8,tt0832266,7
user_8,tt0834001,7
user_8,tt0834939,6
user_8,tt0837106,6
user_8,tt0837562,7
user_8,tt0837563,7
user_8,tt0838221,9
user_8,tt0838283,8
user_8,tt0839980,4
user_8,tt0840361,9
user_8,tt0841027,5
user_8,tt0841044,7
user_8,tt0841046,7
user_8,tt0842926,6
user_8,tt0844286,6
user_8,tt0844471,6
user_8,tt0844479,8
user_8,tt0844708,6
user_8,tt0845046,7
user_8,tt0848228,8
user_8,tt0848537,7
user_8,tt0852713,6
user_8,tt0856288,6
user_8,tt0857295,6
user_8,tt0858492,8
user_8,tt0859163,5
user_8,tt0859765,9
user_8,tt0861739,9
user_8,tt0862467,6
user_8,tt0862846,7
user_8,tt0862856,8
user_8,tt0864761,5
user_8,tt0864835,8
user_8,tt0865554,6
user_8,tt0865556,6
user_8,tt0870111,8
user_8,tt0870984,7
user_8,tt0871426,7
user_8,tt0871510,8
user_8,tt0873886,5
user_8,tt0876233,6
user_8,tt0876563,8
user_8,tt0878804,6
user_8,tt0879843,8
user_8,tt0879870,6
user_8,tt0880578,6
user_8,tt0881320,6
user_8,tt0881891,6
user_8,tt0882977,6
user_8,tt0884328,9
user_8,tt0884732,6
user_8,tt0887883,8
user_8,tt0887912,7
user_8,tt0889573,7
user_8,tt0889583,6
user_8,tt0889588,7
user_8,tt0890870,5
user_8,tt0892318,7
user_8,tt0892769,8
user_8,tt0892782,7
user_8,tt0892791,6
user_8,tt0895777,7
user_8,tt0898367,8
user_8,tt0899106,5
user_8,tt0901476,6
user_8,tt0901481,5
user_8,tt0901487,7
user_8,tt0901507,8
user_8,tt0903624,8
user_8,tt0903657,7
user_8,tt0905372,6
user_8,tt0906665,8
user_8,tt0907657,9
user_8,tt0907681,4
user_8,tt0910936,5
user_8,tt0910970,8
user_8,tt0913425,5
user_8,tt0914798,7
user_8,tt0914863,8
user_8,tt0918927,8
user_8,tt0918940,7
user_8,tt0920457,9
user_8,tt0926084,7
user_8,tt0926129,4
user_8,tt0929425,5
user_8,tt0929632,7
user_8,tt0936501,8
user_8,tt0937237,6
user_8,tt0938283,5
user_8,tt0938305,7
user_8,tt0942385,7
user_8,tt0944834,9
user_8,tt0944835,7
user_8,tt0945513,10
user_8,tt0947798,8
user_8,tt0947810,8
user_8,tt0948470,7
user_8,tt0948547,5
user_8,tt0949731,4
user_8,tt0951335,8
user_8,tt0952640,4
user_8,tt0953318,9
user_8,tt0954947,6
user_8,tt0955308,6
user_8,tt0959337,9
user_8,tt0960144,7
user_8,tt0960731,7
user_8,tt0961108,6
user_8,tt0962736,7
user_8,tt0963178,7
user_8,tt0963794,5
user_8,tt0963966,6
user_8,tt0964516,8
user_8,tt0964517,9
user_8,tt0970179,9
user_8,tt0970411,7
user_8,tt0970416,6
user_8,tt0970452,7
user_8,tt0970866,5
user_8,tt0971209,7
user_8,tt0974015,8
user_8,tt0974661,6
user_8,tt0975645,5
user_8,tt0976051,9
user_8,tt0977855,6
user_8,tt0978762,8
user_8,tt0978764,5
user_8,tt0980970,7
user_8,tt0981072,8
user_8,tt0981227,6
user_8,tt0983193,7
user_8,tt0983213,6
user_8,tt0985694,8
user_8,tt0985699,6
user_8,tt0986263,7
user_8,tt0986264,9
user_8,tt0986329,9
user_8,tt0988045,7
user_8,tt0988595,6
user_8,tt0989757,6
user_8,tt0990407,8
user_8,tt0993842,8
user_8,tt0993846,9
user_8,tt0995035,6
user_8,tt0995039,5
user_8,tt0996979,4
user_8,tt0997263,8
user_8,tt1000111,10
user_8,tt1000774,7
user_8,tt1001508,7
user_8,tt1001526,8
user_8,tt1007028,5
user_8,tt1007029,6
user_8,tt1010048,9
user_8,tt1013743,6
user_8,tt1013752,7
user_8,tt1013753,5
user_8,tt1014759,7
user_8,tt1017451,8
user_8,tt1019452,5
user_8,tt1020072,7
user_8,tt1020530,7
user_8,tt1020558,6
user_8,tt1020773,8
user_8,tt1020955,5
user_8,tt1021004,7
user_8,tt1022603,8
user_8,tt1023111,7
user_8,tt1023114,7
user_8,tt1023481,6
user_8,tt1024255,8
user_8,tt1024648,7
user_8,tt1024943,10
user_8,tt1025100,7
user_8,tt1027718,6
user_8,tt1028528,7
user_8,tt1028532,8
user_8,tt1029154,7
user_8,tt1029234,6
user_8,tt1029235,9
user_8,tt1029360,5
user_8,tt1031280,7
user_8,tt1032755,8
user_8,tt1032815,5
user_8,tt1032846,7
user_8,tt10329842,7
user_8,tt1033575,7
user_8,tt1033643,7
user_8,tt1034032,5
user_8,tt1034053,8
user_8,tt1034303,7
user_8,tt1034314,7
user_8,tt1034331,7
user_8,tt1034385,7
user_8,tt1034389,4
user_8,tt1034415,9
user_8,tt1037705,6
user_8,tt1037850,8
user_8,tt1038686,6
user_8,tt1038919,7
user_8,tt1038988,6
user_8,tt10397854,7
user_8,tt1041829,6
user_8,tt1045658,8
user_8,tt1045772,7
user_8,tt1045778,4
user_8,tt1046173,5
user_8,tt10463030,4
user_8,tt10481868,3
user_8,tt1049413,7
user_8,tt1051906,7
user_8,tt1053424,7
user_8,tt1053810,6
user_8,tt1054580,7
user_8,tt1054588,8
user_8,tt1054606,6
user_8,tt1055292,6
user_8,tt1055369,8
user_8,tt1057500,8
user_8,tt10579092,4
user_8,tt1058017,7
user_8,tt1059786,6
user_8,tt1060277,8
user_8,tt10620868,8
user_8,tt1063669,9
user_8,tt1064932,8
user_8,tt1065073,9
user_8,tt1065305,6
user_8,tt1067106,8
user_8,tt1067583,7
user_8,tt1067733,7
user_8,tt1067774,8
user_8,tt1068242,5
user_8,tt1068680,6
user_8,tt1068961,6
user_8,tt1069238,8
user_8,tt1071875,4
user_8,tt1073105,6
user_8,tt1073241,9
user_8,tt1073498,2
user_8,tt1074638,8
user_8,tt1075417,6
user_8,tt1075747,5
user_8,tt1077097,6
user_8,tt1077258,7
user_8,tt1077368,6
user_8,tt1078588,8
user_8,tt1078912,7
user_8,tt1078940,7
user_8,tt1080016,6
user_8,tt1082807,6
user_8,tt1082868,8
user_8,tt1083452,7
user_8,tt1084950,6
user_8,tt1085779,6
user_8,tt1086772,6
user_8,tt1087578,7
user_8,tt1091191,7
user_8,tt1091722,6
user_8,tt1092005,7
user_8,tt1092026,6
user_8,tt1093370,10
user_8,tt10937434,5
user_8,tt1098327,3
user_8,tt1098356,4
user_8,tt1099212,5
user_8,tt1100089,7
user_8,tt1103153,7
user_8,tt1104001,6
user_8,tt1105709,8
user_8,tt1109624,6
user_8,tt1111422,6
user_8,tt1114677,5
user_8,tt1114740,3
user_8,tt1117385,8
user_8,tt1119188,7
user_8,tt1119646,7
user_8,tt1120985,6
user_8,tt1121096,5
user_8,tt1121931,7
user_8,tt1124035,7
user_8,tt1124037,6
user_8,tt1124039,7
user_8,tt1124052,8
user_8,tt1124377,6
user_8,tt1125254,6
user_8,tt1125849,8
user_8,tt1126590,7
user_8,tt1126591,5
user_8,tt1126618,6
user_8,tt1127180,6
user_8,tt1129423,9
user_8,tt1129427,5
user_8,tt1129437,7
user_8,tt1129442,8
user_8,tt1130884,9
user_8,tt1131729,8
user_8,tt1131734,5
user_8,tt1132285,4
user_8,tt1132620,8
user_8,tt1132626,6
user_8,tt1133985,7
user_8,tt1135084,6
user_8,tt1135487,6
user_8,tt1135503,5
user_8,tt1135985,7
user_8,tt1136608,6
user_8,tt1137450,6
user_8,tt11390036,7
user_8,tt1139328,7
user_8,tt1139668,3
user_8,tt1139797,8
user_8,tt1141702,5
user_8,tt1142977,7
user_8,tt1142988,6
user_8,tt1144884,4
user_8,tt1148204,6
user_8,tt1151410,6
user_8,tt1151922,6
user_8,tt1152398,4
user_8,tt1152836,7
user_8,tt1155056,7
user_8,tt1155076,6
user_8,tt1156398,7
user_8,tt1160368,6
user_8,tt1161864,7
user_8,tt1164999,8
user_8,tt1166100,9
user_8,tt1167638,7
user_8,tt1170358,8
user_8,tt1171222,6
user_8,tt1171701,8
user_8,tt1172049,8
user_8,tt1172233,7
user_8,tt1172570,7
user_8,tt1174732,8
user_8,tt1175709,7
user_8,tt1176740,8
user_8,tt1178663,7
user_8,tt1179031,6
user_8,tt1179034,7
user_8,tt1179056,5
user_8,tt1179069,7
user_8,tt1179891,8
user_8,tt1179904,7
user_8,tt1179933,9
user_8,tt1182345,9
user_8,tt1182937,5
user_8,tt1183252,8
user_8,tt1185244,5
user_8,tt1185836,7
user_8,tt1186367,6
user_8,tt1186370,5
user_8,tt1186830,7
user_8,tt1187043,8
user_8,tt1187064,7
user_8,tt1188729,6
user_8,tt1188996,7
user_8,tt1189073,9
user_8,tt1189340,5
user_8,tt1189383,3
user_8,tt1190080,5
user_8,tt1190536,7
user_8,tt1192628,7
user_8,tt1193138,8
user_8,tt1193516,3
user_8,tt1193631,6
user_8,tt1194173,8
user_8,tt1194263,6
user_8,tt1194417,7
user_8,tt1195478,5
user_8,tt1197624,7
user_8,tt1197628,5
user_8,tt1198075,6
user_8,tt1201167,5
user_8,tt1201607,7
user_8,tt1204342,8
user_8,tt1204975,7
user_8,tt1205489,8
user_8,tt1205537,7
user_8,tt1205558,6
user_8,tt1206285,6
user_8,tt1206543,5
user_8,tt1210042,5
user_8,tt1210166,8
user_8,tt1210819,7
user_8,tt1211837,7
user_8,tt1211956,8
user_8,tt1212419,8
user_8,tt1212428,5
user_8,tt1212450,8
user_8,tt1212451,6
user_8,tt1213641,8
user_8,tt1213644,3
user_8,tt1213663,10
user_8,tt1214962,6
user_8,tt1216475,7
user_8,tt1216487,8
user_8,tt1216492,6
user_8,tt1216496,7
user_8,tt1216520,6
user_8,tt1217209,9
user_8,tt1217613,6
user_8,tt1219289,8
user_8,tt1219342,7
user_8,tt1219827,6
user_8,tt1220634,7
user_8,tt1220719,8
user_8,tt1222817,5
user_8,tt1225822,6
user_8,tt1226229,7
user_8,tt1226273,5
user_8,tt1226753,7
user_8,tt1226774,7
user_8,tt1227189,5
user_8,tt1228705,6
user_8,tt1228987,6
user_8,tt1229238,5
user_8,tt1229340,6
user_8,tt1230165,9
user_8,tt1230414,6
user_8,tt1231583,7
user_8,tt1231587,6
user_8,tt1232200,7
user_8,tt1232776,9
user_8,tt1232783,4
user_8,tt1232829,7
user_8,tt1233227,5
user_8,tt1233301,8
user_8,tt1234541,8
user_8,tt1234548,6
user_8,tt1234719,5
user_8,tt1234721,6
user_8,tt1235124,7
user_8,tt1235166,7
user_8,tt1235189,9
user_8,tt1235448,5
user_8,tt1235522,7
user_8,tt1238302,4
user_8,tt1239242,5
user_8,tt1239290,5
user_8,tt1240982,6
user_8,tt1241317,4
user_8,tt1242422,9
user_8,tt1242460,8
user_8,tt1242545,7
user_8,tt1243957,7
user_8,tt1244754,6
user_8,tt1245112,6
user_8,tt1245492,6
user_8,tt1245526,6
user_8,tt1247640,8
user_8,tt1249439,3
user_8,tt1250777,6
user_8,tt1251757,7
user_8,tt1253863,5
user_8,tt1253864,6
user_8,tt1255919,2
user_8,tt1255953,8
user_8,tt1255955,6
user_8,tt1258197,7
user_8,tt1259521,8
user_8,tt1259571,5
user_8,tt1261047,10
user_8,tt1262416,5
user_8,tt1264904,6
user_8,tt1267297,7
user_8,tt1268912,1
user_8,tt1269706,8
user_8,tt1270761,5
user_8,tt1270797,7
user_8,tt1270798,10
user_8,tt1272878,7
user_8,tt1273235,7
user_8,tt1276104,8
user_8,tt1277737,7
user_8,tt1277953,8
user_8,tt1278340,6
user_8,tt1279935,7
user_8,tt1282140,7
user_8,tt1283887,5
user_8,tt1284575,6
user_8,tt1285016,7
user_8,tt1285241,7
user_8,tt1286126,8
user_8,tt1287468,7
user_8,tt1288558,9
user_8,tt1289401,5
user_8,tt1289406,7
user_8,tt1291150,7
user_8,tt1291570,7
user_8,tt1291580,7
user_8,tt1291584,9
user_8,tt1293847,6
user_8,tt1294226,6
user_8,tt1294688,6
user_8,tt1297919,5
user_8,tt1298649,5
user_8,tt1298650,8
user_8,tt1300159,6
user_8,tt1300851,7
user_8,tt1300854,7
user_8,tt1302006,8
user_8,tt1302011,7
user_8,tt1305806,7
user_8,tt1306980,7
user_8,tt1307068,6
user_8,tt1308736,6
user_8,tt1313113,4
user_8,tt1314228,6
user_8,tt1314655,5
user_8,tt1315981,9
user_8,tt1316536,6
user_8,tt1318514,8
user_8,tt1320082,7
user_8,tt1320253,6
user_8,tt1321511,7
user_8,tt1321860,7
user_8,tt1321870,6
user_8,tt1322269,9
user_8,tt1322312,6
user_8,tt1322385,9
user_8,tt1323594,9
user_8,tt1324999,7
user_8,tt1325004,6
user_8,tt1327194,7
user_8,tt1327773,7
user_8,tt1329454,5
user_8,tt1331307,6
user_8,tt1332125,8
user_8,tt1333125,5
user_8,tt1334102,6
user_8,tt1334260,6
user_8,tt1334512,9
user_8,tt1335975,6
user_8,tt1336608,7
user_8,tt1337032,8
user_8,tt1340138,6
user_8,tt1340800,8
user_8,tt1341167,8
user_8,tt1341188,6
user_8,tt1343092,8
user_8,tt1343097,6
user_8,tt1343727,7
user_8,tt1345836,9
user_8,tt1347521,5
user_8,tt1351685,5
user_8,tt1352824,9
user_8,tt1355630,7
user_8,tt1355631,7
user_8,tt1355644,8
user_8,tt1355683,5
user_8,tt1365050,7
user_8,tt1365519,7
user_8,tt1366344,6
user_8,tt1371111,8
user_8,tt1371150,7
user_8,tt1371155,6
user_8,tt1374989,6
user_8,tt1375666,7
user_8,tt1375670,5
user_8,tt1375789,6
user_8,tt1379182,9
user_8,tt1381112,7
user_8,tt1385826,8
user_8,tt1386588,7
user_8,tt1386697,7
user_8,tt1386703,7
user_8,tt1386932,8
user_8,tt1389072,7
user_8,tt1389096,6
user_8,tt1389137,6
user_8,tt1390411,6
user_8,tt1392170,6
user_8,tt1392190,9
user_8,tt1392214,7
user_8,tt1396218,7
user_8,tt1396484,6
user_8,tt1397280,6
user_8,tt1398426,8
user_8,tt1399103,6
user_8,tt1399683,7
user_8,tt1401143,7
user_8,tt1401152,6
user_8,tt1403865,8
user_8,tt1403981,6
user_8,tt1408101,8
user_8,tt1408253,5
user_8,tt1409024,9
user_8,tt1411238,7
user_8,tt1411250,6
user_8,tt1411697,7
user_8,tt1411704,6
user_8,tt1412386,7
user_8,tt1413492,7
user_8,tt1418377,6
user_8,tt1421051,6
user_8,tt1422032,8
user_8,tt1422136,7
user_8,tt1423995,6
user_8,tt1424381,7
user_8,tt1426329,6
user_8,tt1428538,6
user_8,tt1430077,3
user_8,tt1430132,5
user_8,tt1430607,9
user_8,tt1430612,4
user_8,tt1431045,8
user_8,tt1433108,7
user_8,tt1433911,6
user_8,tt1434447,5
user_8,tt1436045,7
user_8,tt1436562,7
user_8,tt1438176,5
user_8,tt1438298,6
user_8,tt1439572,7
user_8,tt1440129,8
user_8,tt1440146,6
user_8,tt1440292,7
user_8,tt1440728,7
user_8,tt1440732,5
user_8,tt1441395,5
user_8,tt1446192,8
user_8,tt1446714,8
user_8,tt1448755,5
user_8,tt1450321,7
user_8,tt1452628,4
user_8,tt1453405,7
user_8,tt1454029,9
user_8,tt1454468,8
user_8,tt1457767,8
user_8,tt1458169,6
user_8,tt1458175,6
user_8,tt1462041,4
user_8,tt1462758,7
user_8,tt1462900,6
user_8,tt1464535,5
user_8,tt1464540,9
user_8,tt1465522,7
user_8,tt1465533,6
user_8,tt1468846,6
user_8,tt1469304,7
user_8,tt1470023,5
user_8,tt1470827,7
user_8,tt1473832,6
user_8,tt1474276,7
user_8,tt1477076,7
user_8,tt1477109,7
user_8,tt1477834,9
user_8,tt1478338,7
user_8,tt1478964,7
user_8,tt1481572,6
user_8,tt1482459,8
user_8,tt1483013,6
user_8,tt1485796,9
user_8,tt1486185,6
user_8,tt1486192,7
user_8,tt1486834,7
user_8,tt1487118,7
user_8,tt1488555,7
user_8,tt1488606,6
user_8,tt1489887,7
user_8,tt1489889,5
user_8,tt1490017,6
user_8,tt1493886,7
user_8,tt1496025,6
user_8,tt1496422,6
user_8,tt1496868,4
user_8,tt1499658,6
user_8,tt1499666,10
user_8,tt1502397,8
user_8,tt1502407,7
user_8,tt1502712,4
user_8,tt1504320,8
user_8,tt1504403,5
user_8,tt1506999,6
user_8,tt1507563,5
user_8,tt1509767,6
user_8,tt1512235,7
user_8,tt1515091,7
user_8,tt1517260,5
user_8,tt1517451,7
user_8,tt1519461,2
user_8,tt1522846,4
user_8,tt1524137,7
user_8,tt1524930,5
user_8,tt1525366,6
user_8,tt1525890,6
user_8,tt1527186,8
user_8,tt1527788,9
user_8,tt1528071,7
user_8,tt1528100,7
user_8,tt1528854,5
user_8,tt1531663,7
user_8,tt1531901,8
user_8,tt1531914,6
user_8,tt1532503,7
user_8,tt1535108,6
user_8,tt1535109,7
user_8,tt1535438,7
user_8,tt1535616,5
user_8,tt1536044,5
user_8,tt1536537,6
user_8,tt1538403,5
user_8,tt1540011,5
user_8,tt1540133,5
user_8,tt1542344,7
user_8,tt1547234,5
user_8,tt1549920,7
user_8,tt1555149,8
user_8,tt1559547,6
user_8,tt1560139,7
user_8,tt1560220,6
user_8,tt1560747,6
user_8,tt1562871,4
user_8,tt1562872,9
user_8,tt1563738,5
user_8,tt1564367,6
user_8,tt1564585,6
user_8,tt1567437,6
user_8,tt1567609,6
user_8,tt1568338,6
user_8,tt1568346,7
user_8,tt1568911,7
user_8,tt1570559,8
user_8,tt1570728,7
user_8,tt1570989,5
user_8,tt1571222,8
user_8,tt1571234,6
user_8,tt1571249,6
user_8,tt1572315,5
user_8,tt1578882,7
user_8,tt1581835,6
user_8,tt1582507,6
user_8,tt1583421,5
user_8,tt1586265,4
user_8,tt1587310,7
user_8,tt1588170,8
user_8,tt1588173,9
user_8,tt1588334,6
user_8,tt1590193,6
user_8,tt1591095,7
user_8,tt1591479,6
user_8,tt1592281,7
user_8,tt1592525,5
user_8,tt1596343,6
user_8,tt1596346,9
user_8,tt1596350,5
user_8,tt1596363,8
user_8,tt1596365,7
user_8,tt1598778,7
user_8,tt1598822,6
user_8,tt1599348,7
user_8,tt1600196,6
user_8,tt1601913,8
user_8,tt1602098,7
user_8,tt1602472,8
user_8,tt1602613,5
user_8,tt1602620,8
user_8,tt1605630,6
user_8,tt1605783,7
user_8,tt1606378,6
user_8,tt1606384,8
user_8,tt1606389,8
user_8,tt1608290,5
user_8,tt1611224,7
user_8,tt1613037,6
user_8,tt1613750,8
user_8,tt1614989,8
user_8,tt1615065,9
user_8,tt1615147,7
user_8,tt1615160,7
user_8,tt1616195,6
user_8,tt1617661,5
user_8,tt1618434,7
user_8,tt1618442,7
user_8,tt1619029,6
user_8,tt1620680,5
user_8,tt1620981,6
user_8,tt1622547,7
user_8,tt1622979,6
user_8,tt1623205,6
user_8,tt1623288,7
user_8,tt1626146,7
user_8,tt1628841,5
user_8,tt1629443,9
user_8,tt1630036,6
user_8,tt1631707,8
user_8,tt1631867,7
user_8,tt1632547,7
user_8,tt1632708,5
user_8,tt1633356,6
user_8,tt1634106,6
user_8,tt1634122,7
user_8,tt1636815,8
user_8,tt1636826,7
user_8,tt1637688,8
user_8,tt1637706,6
user_8,tt1637725,7
user_8,tt1638002,6
user_8,tt1638355,6
user_8,tt1639084,7
user_8,tt1639426,8
user_8,tt1645170,7
user_8,tt1646111,7
user_8,tt1646971,9
user_8,tt1646987,4
user_8,tt1647483,7
user_8,tt1648179,8
user_8,tt1648190,5
user_8,tt1648208,4
user_8,tt1648216,7
user_8,tt1649419,9
user_8,tt1650062,6
user_8,tt1650537,5
user_8,tt1650554,7
user_8,tt1655420,6
user_8,tt1655441,7
user_8,tt1655442,8
user_8,tt1655460,7
user_8,tt1656186,5
user_8,tt1656190,7
user_8,tt1658837,7
user_8,tt1659337,10
user_8,tt1659338,5
user_8,tt1661199,5
user_8,tt1661275,8
user_8,tt1661382,8
user_8,tt1661420,8
user_8,tt1663143,8
user_8,tt1663202,8
user_8,tt1663655,5
user_8,tt1663662,8
user_8,tt1666186,5
user_8,tt1666801,7
user_8,tt1667353,4
user_8,tt1667889,7
user_8,tt1670345,8
user_8,tt1673434,4
user_8,tt1673459,8
user_8,tt1674771,7
user_8,tt1675192,7
user_8,tt1675434,8
user_8,tt1675439,7
user_8,tt1677720,6
user_8,tt1680045,8
user_8,tt1680114,5
user_8,tt1680136,6
user_8,tt1682180,7
user_8,tt1686821,7
user_8,tt1687901,8
user_8,tt1690368,7
user_8,tt1690953,6
user_8,tt1692190,7
user_8,tt1692486,8
user_8,tt1694118,6
user_8,tt1698641,7
user_8,tt1698648,6
user_8,tt1700841,8
user_8,tt1700844,5
user_8,tt1702425,6
user_8,tt1702439,7
user_8,tt1703148,6
user_8,tt1703199,6
user_8,tt1705786,7
user_8,tt1705952,4
user_8,tt1706317,4
user_8,tt1706593,8
user_8,tt1706620,7
user_8,tt1707386,7
user_8,tt1707391,4
user_8,tt1711425,7
user_8,tt1712261,7
user_8,tt1713476,6
user_8,tt1714203,4
user_8,tt1714205,7
user_8,tt1714206,8
user_8,tt1714208,7
user_8,tt1714915,7
user_8,tt1715336,5
user_8,tt1715873,8
user_8,tt1718903,5
user_8,tt1720616,8
user_8,tt1723121,8
user_8,tt1723642,7
user_8,tt1723811,6
user_8,tt1724970,6
user_8,tt1726592,4
user_8,tt1726669,7
user_8,tt1727261,5
user_8,tt1727388,7
user_8,tt1727770,7
user_8,tt1727776,7
user_8,tt1727824,10
user_8,tt1730697,4
user_8,tt1731141,5
user_8,tt1734067,6
user_8,tt1735898,7
user_8,tt1740707,8
user_8,tt1741273,7
user_8,tt1742044,7
user_8,tt1742650,6
user_8,tt1748122,9
user_8,tt1748179,5
user_8,tt1748227,6
user_8,tt1753786,7
user_8,tt1754656,8
user_8,tt1756799,5
user_8,tt1758595,6
user_8,tt1758830,7
user_8,tt1763264,7
user_8,tt1763303,6
user_8,tt1764183,6
user_8,tt1764234,7
user_8,tt1764651,8
user_8,tt1767354,8
user_8,tt1767372,6
user_8,tt1767382,7
user_8,tt1769363,7
user_8,tt1770734,8
user_8,tt1772230,6
user_8,tt1772240,6
user_8,tt1772341,8
user_8,tt1774591,7
user_8,tt1778304,4
user_8,tt1780798,7
user_8,tt1781922,6
user_8,tt1783232,9
user_8,tt1787767,7
user_8,tt1790809,6
user_8,tt1790864,6
user_8,tt1790885,8
user_8,tt1790886,6
user_8,tt1791528,6
user_8,tt1798243,8
user_8,tt1798684,6
user_8,tt1798709,9
user_8,tt1800241,6
user_8,tt1800246,7
user_8,tt1800741,7
user_8,tt1801051,8
user_8,tt1801552,8
user_8,tt1808223,7
user_8,tt1808477,6
user_8,tt1809398,7
user_8,tt1815862,5
user_8,tt1816518,8
user_8,tt1817191,7
user_8,tt1817273,9
user_8,tt1817771,5
user_8,tt1821480,7
user_8,tt1821549,8
user_8,tt1821694,7
user_8,tt1823672,7
user_8,tt1825157,7
user_8,tt1825683,7
user_8,tt1830792,8
user_8,tt1831806,5
user_8,tt1832382,7
user_8,tt1832447,4
user_8,tt1837709,9
user_8,tt1839492,8
user_8,tt1840309,7
user_8,tt1840417,6
user_8,tt1843866,8
user_8,tt1847731,7
user_8,tt1849810,4
user_8,tt1853728,9
user_8,tt1853739,5
user_8,tt1854564,7
user_8,tt1855199,9
user_8,tt1855325,5
user_8,tt1856101,7
user_8,tt1859650,6
user_8,tt1860213,6
user_8,tt1860242,7
user_8,tt1860357,7
user_8,tt1862079,6
user_8,tt1864557,7
user_8,tt1865346,2
user_8,tt1865505,9
user_8,tt1865569,7
user_8,tt1866249,6
user_8,tt1867091,7
user_8,tt1869296,5
user_8,tt1872181,7
user_8,tt1872194,7
user_8,tt1877832,9
user_8,tt1878870,7
user_8,tt1881002,5
user_8,tt1883180,8
user_8,tt1891755,8
user_8,tt1894476,6
user_8,tt1895587,7
user_8,tt1899142,6
user_8,tt1899353,8
user_8,tt1904996,6
user_8,tt1905041,6
user_8,tt1906426,8
user_8,tt1907668,7
user_8,tt1911553,6
user_8,tt1911644,7
user_8,tt1911658,5
user_8,tt1915581,6
user_8,tt1918886,4
user_8,tt1921064,6
user_8,tt1922777,7
user_8,tt1924277,7
user_8,tt1924394,7
user_8,tt1924396,9
user_8,tt1924429,7
user_8,tt1924435,8
user_8,tt1926313,7
user_8,tt1928340,7
user_8,tt1929263,5
user_8,tt1931435,6
user_8,tt1931533,7
user_8,tt1932767,7
user_8,tt1934231,6
user_8,tt1935179,7
user_8,tt1935194,4
user_8,tt1935859,8
user_8,tt1937149,9
user_8,tt1937264,8
user_8,tt1937390,6
user_8,tt1939659,6
user_8,tt1949605,7
user_8,tt1950186,9
user_8,tt1951181,7
user_8,tt1951261,5
user_8,tt1951264,7
user_8,tt1951265,8
user_8,tt1951266,6
user_8,tt1954470,9
user_8,tt1956620,5
user_8,tt1959490,4
user_8,tt1959563,7
user_8,tt1961175,6
user_8,tt1964418,7
user_8,tt1966359,7
user_8,tt1971325,8
user_8,tt1972571,6
user_8,tt1972591,6
user_8,tt1974419,6
user_8,tt1976009,6
user_8,tt1977895,7
user_8,tt1979320,8
user_8,tt1979376,8
user_8,tt1979388,8
user_8,tt1980209,7
user_8,tt1980929,6
user_8,tt1981115,9
user_8,tt1981128,6
user_8,tt1981677,6
user_8,tt1985017,6
user_8,tt1985949,6
user_8,tt1985966,6
user_8,tt1986089,6
user_8,tt1986953,5
user_8,tt1990314,7
user_8,tt1991031,6
user_8,tt1991245,4
user_8,tt1992138,8
user_8,tt1999167,7
user_8,tt2002718,6
user_8,tt2004420,8
user_8,tt2005151,9
user_8,tt2005374,6
user_8,tt2006295,7
user_8,tt2008006,8
user_8,tt2010914,9
user_8,tt2011159,5
user_8,tt2011276,5
user_8,tt2015381,7
user_8,tt2017020,6
user_8,tt2023587,6
user_8,tt2024432,6
user_8,tt2024469,8
user_8,tt2024544,8
user_8,tt2025690,8
user_8,tt2034800,8
user_8,tt2036376,6
user_8,tt2038245,6
user_8,tt2039338,4
user_8,tt2039393,3
user_8,tt2040257,7
user_8,tt2040560,6
user_8,tt2042568,8
user_8,tt2053463,8
user_8,tt2057392,8
user_8,tt2058107,7
user_8,tt2058673,5
user_8,tt2061702,6
user_8,tt2063782,6
user_8,tt2066051,9
user_8,tt2066176,8
user_8,tt2080374,6
user_8,tt2082197,8
user_8,tt2083355,9
user_8,tt2084970,7
user_8,tt2091473,6
user_8,tt2091935,7
user_8,tt2093270,7
user_8,tt2094766,7
user_8,tt2096672,5
user_8,tt2096673,7
user_8,tt2097307,6
user_8,tt2101383,8
user_8,tt2101441,6
user_8,tt2101473,8
user_8,tt2103267,7
user_8,tt2103281,8
user_8,tt2105044,6
user_8,tt2106361,4
user_8,tt2106476,10
user_8,tt2106651,6
user_8,tt2106741,6
user_8,tt2107814,7
user_8,tt2109184,6
user_8,tt2109248,6
user_8,tt2112096,6
user_8,tt2112277,6
user_8,tt2113681,7
user_8,tt2118624,4
user_8,tt2119532,9
user_8,tt2120120,6
user_8,tt2121382,8
user_8,tt2122313,4
user_8,tt2124787,7
user_8,tt2125435,9
user_8,tt2126355,7
user_8,tt2126357,5
user_8,tt2131532,6
user_8,tt2139881,8
user_8,tt2140373,7
user_8,tt2140379,6
user_8,tt2140479,8
user_8,tt2140619,6
user_8,tt2142987,5
user_8,tt2167202,5
user_8,tt2167266,7
user_8,tt2170439,6
user_8,tt2170593,7
user_8,tt2172934,7
user_8,tt2176013,6
user_8,tt2177771,7
user_8,tt2179116,9
user_8,tt2179136,9
user_8,tt2180411,7
user_8,tt2182097,5
user_8,tt2184339,5
user_8,tt2191612,7
user_8,tt2191701,6
user_8,tt2194499,8
user_8,tt2195548,6
user_8,tt2199571,7
user_8,tt2203308,8
user_8,tt2203939,7
user_8,tt2205697,7
user_8,tt2209418,8
user_8,tt2209764,5
user_8,tt2210769,7
user_8,tt2212008,5
user_8,tt2213054,8
user_8,tt2214897,5
user_8,tt2216240,7
user_8,tt2226417,6
user_8,tt2226597,5
user_8,tt2229499,7
user_8,tt2230358,6
user_8,tt2231253,6
user_8,tt2231461,5
user_8,tt2234025,7
user_8,tt2234155,7
user_8,tt2235108,6
user_8,tt2238032,5
user_8,tt2239822,6
user_8,tt2241351,6
user_8,tt2243389,7
user_8,tt2243621,6
user_8,tt2245003,6
user_8,tt2245084,8
user_8,tt2249119,7
user_8,tt2250912,8
user_8,tt2256858,5
user_8,tt2258858,7
user_8,tt2259360,8
user_8,tt2262227,9
user_8,tt2265171,9
user_8,tt2267968,7
user_8,tt2267998,9
user_8,tt2273657,5
user_8,tt2274648,4
user_8,tt2275471,6
user_8,tt2277840,7
user_8,tt2277860,8
user_8,tt2278388,10
user_8,tt2278871,8
user_8,tt2279373,5
user_8,tt2281587,6
user_8,tt2283336,6
user_8,tt2283362,7
user_8,tt2283748,9
user_8,tt2292959,3
user_8,tt2293640,6
user_8,tt2294449,6
user_8,tt2294629,8
user_8,tt2294677,7
user_8,tt2296697,7
user_8,tt2297164,4
user_8,tt2300975,5
user_8,tt2302755,7
user_8,tt2304933,7
user_8,tt2305051,8
user_8,tt2309224,6
user_8,tt2310332,8
user_8,tt2312718,7
user_8,tt2316204,4
user_8,tt2316411,7
user_8,tt2317337,6
user_8,tt2321549,7
user_8,tt2322441,3
user_8,tt2326612,6
user_8,tt2333784,5
user_8,tt2333804,7
user_8,tt2334649,8
user_8,tt2334873,9
user_8,tt2334879,7
user_8,tt2338151,8
user_8,tt2341766,4
user_8,tt2345737,5
user_8,tt2345759,5
user_8,tt2347569,6
user_8,tt2350496,7
user_8,tt2355495,6
user_8,tt2357129,6
user_8,tt2357291,7
user_8,tt2358891,9
user_8,tt2359024,9
user_8,tt2359746,8
user_8,tt2361317,7
user_8,tt2361509,7
user_8,tt2364841,6
user_8,tt2369135,5
user_8,tt2370248,6
user_8,tt2375318,2
user_8,tt2375559,9
user_8,tt2377322,5
user_8,tt2377938,8
user_8,tt2378281,8
user_8,tt2378507,7
user_8,tt2379713,6
user_8,tt2380307,9
user_8,tt2381111,9
user_8,tt2381249,9
user_8,tt2381941,8
user_8,tt2381991,6
user_8,tt2382009,8
user_8,tt2382396,6
user_8,tt2385211,3
user_8,tt2386490,7
user_8,tt2387433,6
user_8,tt2387499,6
user_8,tt2388715,7
user_8,tt2395427,9
user_8,tt2396224,8
user_8,tt2397535,9
user_8,tt2400463,10
user_8,tt2401715,6
user_8,tt2401878,7
user_8,tt2402101,6
user_8,tt2402157,8
user_8,tt2402927,5
user_8,tt2403029,3
user_8,tt2404233,5
user_8,tt2404299,7
user_8,tt2404311,8
user_8,tt2404425,7
user_8,tt2404435,6
user_8,tt2404463,8
user_8,tt2406566,5
user_8,tt2406676,4
user_8,tt2414046,8
user_8,tt2421416,6
user_8,tt2428170,5
user_8,tt2431286,9
user_8,tt2435458,5
user_8,tt2436386,5
user_8,tt2446042,5
user_8,tt2446980,7
user_8,tt2452200,6
user_8,tt2452244,7
user_8,tt2461132,8
user_8,tt2461150,8
user_8,tt2463288,5
user_8,tt2473510,4
user_8,tt2481498,6
user_8,tt2488496,9
user_8,tt2494362,6
user_8,tt2503944,6
user_8,tt2505294,7
user_8,tt2510894,7
user_8,tt2513074,6
user_8,tt2527336,6
user_8,tt2527338,7
user_8,tt2528814,6
user_8,tt2531344,6
user_8,tt2543164,7
user_8,tt2543472,8
user_8,tt2544766,7
user_8,tt2547584,6
user_8,tt2548396,5
user_8,tt2554274,7
user_8,tt2555736,6
user_8,tt2557478,6
user_8,tt2557490,5
user_8,tt2561546,6
user_8,tt2561572,5
user_8,tt2562232,7
user_8,tt2568862,7
user_8,tt2574698,1
user_8,tt2582496,8
user_8,tt2582500,4
user_8,tt2582782,6
user_8,tt2582784,6
user_8,tt2582802,9
user_8,tt2582846,6
user_8,tt2584384,8
user_8,tt2586118,5
user_8,tt2592464,2
user_8,tt2592808,6
user_8,tt2597768,6
user_8,tt2611390,8
user_8,tt2614684,8
user_8,tt2617676,6
user_8,tt2631186,6
user_8,tt2637276,6
user_8,tt2637294,4
user_8,tt2638144,6
user_8,tt2649554,7
user_8,tt2660888,7
user_8,tt2669336,8
user_8,tt2671706,8
user_8,tt2674426,7
user_8,tt2675978,6
user_8,tt2679552,5
user_8,tt2692250,7
user_8,tt2692904,7
user_8,tt2704998,5
user_8,tt2709070,8
user_8,tt2709768,7
user_8,tt2711898,6
user_8,tt2713180,7
user_8,tt2717822,5
user_8,tt2718492,8
user_8,tt2719848,7
user_8,tt2726560,7
user_8,tt2737304,4
user_8,tt2752200,6
user_8,tt2752758,5
user_8,tt2763304,7
user_8,tt2769184,5
user_8,tt2771200,7
user_8,tt2784512,6
user_8,tt2784678,5
user_8,tt2788710,6
user_8,tt2788732,7
user_8,tt2793490,4
user_8,tt2798920,6
user_8,tt2800240,6
user_8,tt2802144,8
user_8,tt2802154,8
user_8,tt2820852,6
user_8,tt2823054,7
user_8,tt2848292,7
user_8,tt2854926,7
user_8,tt2866360,6
user_8,tt2872718,7
user_8,tt2872732,9
user_8,tt2872750,8
user_8,tt2873282,7
user_8,tt2883512,6
user_8,tt2884018,6
user_8,tt2884206,8
user_8,tt2891174,5
user_8,tt2896036,7
user_8,tt2900624,5
user_8,tt2905772,7
user_8,tt2905838,5
user_8,tt2908446,7
user_8,tt2910814,4
user_8,tt2910904,8
user_8,tt2911666,6
user_8,tt2917388,8
user_8,tt2918436,6
user_8,tt2923316,6
user_8,tt2933474,5
user_8,tt2935476,7
user_8,tt2935510,6
user_8,tt2936864,5
user_8,tt2948356,9
user_8,tt2948790,7
user_8,tt2960930,6
user_8,tt2962876,8
user_8,tt2967006,5
user_8,tt2975578,7
user_8,tt2975590,7
user_8,tt2980472,7
user_8,tt2980516,7
user_8,tt2980592,7
user_8,tt2980648,8
user_8,tt2980706,5
user_8,tt3007512,6
user_8,tt3011894,9
user_8,tt3014866,8
user_8,tt3026488,4
user_8,tt3029556,5
user_8,tt3032300,6
user_8,tt3040964,7
user_8,tt3045616,5
user_8,tt3053228,4
user_8,tt3062096,7
user_8,tt3063516,6
user_8,tt3065204,7
user_8,tt3072482,7
user_8,tt3076658,9
user_8,tt3079380,7
user_8,tt3089326,7
user_8,tt3089630,4
user_8,tt3097204,8
user_8,tt3099498,4
user_8,tt3103412,5
user_8,tt3104988,7
user_8,tt3110958,8
user_8,tt3112654,6
user_8,tt3121442,7
user_8,tt3125472,9
user_8,tt3137630,8
user_8,tt3137764,6
user_8,tt3142232,6
user_8,tt3148834,7
user_8,tt3149038,8
user_8,tt3152624,5
user_8,tt3155242,6
user_8,tt3160336,8
user_8,tt3168230,7
user_8,tt3169770,7
user_8,tt3170832,8
user_8,tt3174376,5
user_8,tt3183660,6
user_8,tt3195644,6
user_8,tt3201640,5
user_8,tt3203528,7
user_8,tt3203606,8
user_8,tt3203616,5
user_8,tt3204144,7
user_8,tt3224458,8
user_8,tt3235888,6
user_8,tt3256226,6
user_8,tt3263904,8
user_8,tt3276924,6
user_8,tt3278330,6
user_8,tt3280262,6
user_8,tt3281548,8
user_8,tt3289724,6
user_8,tt3289728,6
user_8,tt3289956,8
user_8,tt3300542,6
user_8,tt3312830,6
user_8,tt3315342,8
user_8,tt3316960,7
user_8,tt3319920,5
user_8,tt3320542,8
user_8,tt3322364,9
user_8,tt3322940,5
user_8,tt3332064,7
user_8,tt3335606,5
user_8,tt3347976,7
user_8,tt3348730,6
user_8,tt3369806,6
user_8,tt3371366,5
user_8,tt3381008,7
user_8,tt3385516,8
user_8,tt3387542,6
user_8,tt3390572,10
user_8,tt3393786,7
user_8,tt3395608,8
user_8,tt3397884,7
user_8,tt3399024,8
user_8,tt3402236,9
user_8,tt3410834,5
user_8,tt3411432,6
user_8,tt3411444,8
user_8,tt3416532,9
user_8,tt3416742,8
user_8,tt3448226,4
user_8,tt3450900,6
user_8,tt3450958,6
user_8,tt3457734,5
user_8,tt3460252,9
user_8,tt3462710,5
user_8,tt3464902,8
user_8,tt3469046,5
user_8,tt3470600,9
user_8,tt3481634,5
user_8,tt3488710,7
user_8,tt3495026,7
user_8,tt3495030,7
user_8,tt3498820,7
user_8,tt3499096,4
user_8,tt3501632,8
user_8,tt3503406,7
user_8,tt3504048,9
user_8,tt3513498,8
user_8,tt3521126,7
user_8,tt3521164,7
user_8,tt3531824,6
user_8,tt3531852,8
user_8,tt3532216,5
user_8,tt3542188,7
user_8,tt3544112,8
user_8,tt3547740,7
user_8,tt3553442,5
user_8,tt3553976,8
user_8,tt3560686,6
user_8,tt3563342,6
user_8,tt3567288,5
user_8,tt3569230,6
user_8,tt3576728,9
user_8,tt3605418,4
user_8,tt3606756,8
user_8,tt3622592,6
user_8,tt3631112,7
user_8,tt3640424,6
user_8,tt3647498,5
user_8,tt3654796,5
user_8,tt3659388,9
user_8,tt3666024,8
user_8,tt3672840,8
user_8,tt3681464,8
user_8,tt3682448,6
user_8,tt3687310,4
user_8,tt3688406,6
user_8,tt3691740,7
user_8,tt3700804,6
user_8,tt3705412,8
user_8,tt3713166,5
user_8,tt3717252,5
user_8,tt3717490,7
user_8,tt3720636,6
user_8,tt3721936,9
user_8,tt3721964,5
user_8,tt3731562,6
user_8,tt3741700,6
user_8,tt3741834,9
user_8,tt3748172,4
user_8,tt3748528,10
user_8,tt3758172,6
user_8,tt3766354,5
user_8,tt3767372,9
user_8,tt3774114,8
user_8,tt3774694,5
user_8,tt3774870,7
user_8,tt3778644,7
user_8,tt3779028,7
user_8,tt3783958,6
user_8,tt3787590,3
user_8,tt3792960,6
user_8,tt3793788,6
user_8,tt3794354,7
user_8,tt3797868,8
user_8,tt3799694,8
user_8,tt3824458,7
user_8,tt3829266,6
user_8,tt3829920,8
user_8,tt3846674,8
user_8,tt3848892,9
user_8,tt3850214,9
user_8,tt3850590,7
user_8,tt3859076,6
user_8,tt3860916,6
user_8,tt3861390,5
user_8,tt3862750,6
user_8,tt3863552,10
user_8,tt3865478,4
user_8,tt3874544,6
user_8,tt3877674,6
user_8,tt3881784,6
user_8,tt3882082,6
user_8,tt3890160,9
user_8,tt3890902,7
user_8,tt3896198,8
user_8,tt3899516,7
user_8,tt3908598,8
user_8,tt3920820,9
user_8,tt3922798,8
user_8,tt3922818,6
user_8,tt3949660,7
user_8,tt3957956,6
user_8,tt3960412,6
user_8,tt3967856,9
user_8,tt4003440,7
user_8,tt4005402,7
user_8,tt4006302,7
user_8,tt4009460,3
user_8,tt4015500,7
user_8,tt4016934,8
user_8,tt4034228,6
user_8,tt4034354,7
user_8,tt4046784,8
user_8,tt4052882,7
user_8,tt4057376,9
user_8,tt4062536,7
user_8,tt4080728,7
user_8,tt4080956,8
user_8,tt4084744,9
user_8,tt4094724,7
user_8,tt4116284,7
user_8,tt4119278,5
user_8,tt4123430,6
user_8,tt4136084,8
user_8,tt4139588,6
user_8,tt4144332,7
user_8,tt4145836,3
user_8,tt4154664,5
user_8,tt4154756,8
user_8,tt4154796,7
user_8,tt4160708,10
user_8,tt4172430,8
user_8,tt4178092,6
user_8,tt4181782,6
user_8,tt4190530,9
user_8,tt4196776,7
user_8,tt4199898,4
user_8,tt4209788,8
user_8,tt4218538,4
user_8,tt4218572,6
user_8,tt4244998,7
user_8,tt4246818,4
user_8,tt4247682,5
user_8,tt4255304,5
user_8,tt4263482,8
user_8,tt4270516,8
user_8,tt4276820,6
user_8,tt4280822,4
user_8,tt4285496,10
user_8,tt4286760,6
user_8,tt4302938,8
user_8,tt4303340,8
user_8,tt4309356,8
user_8,tt4326444,6
user_8,tt4331970,7
user_8,tt4344742,4
user_8,tt4348012,7
user_8,tt4357394,6
user_8,tt4364194,5
user_8,tt4399594,6
user_8,tt4425200,8
user_8,tt4434004,9
user_8,tt4438848,6
user_8,tt4443658,8
user_8,tt4443838,5
user_8,tt4465564,6
user_8,tt4467626,5
user_8,tt4468740,8
user_8,tt4480398,3
user_8,tt4481414,8
user_8,tt4486986,6
user_8,tt4500922,6
user_8,tt4501244,8
user_8,tt4520988,8
user_8,tt4530422,7
user_8,tt4532826,4
user_8,tt4540710,7
user_8,tt4547056,6
user_8,tt4547194,7
user_8,tt4550098,9
user_8,tt4555426,7
user_8,tt4560436,8
user_8,tt4572514,8
user_8,tt4581576,6
user_8,tt4618398,9
user_8,tt4622512,7
user_8,tt4624424,8
user_8,tt4630562,8
user_8,tt4633690,6
user_8,tt4633694,7
user_8,tt4644302,10
user_8,tt4647784,6
user_8,tt4649466,6
user_8,tt4651520,8
user_8,tt4653586,5
user_8,tt4679210,8
user_8,tt4680182,6
user_8,tt4682786,5
user_8,tt4686844,9
user_8,tt4687108,4
user_8,tt4687358,5
user_8,tt4695012,5
user_8,tt4698684,8
user_8,tt4701182,7
user_8,tt4701660,6
user_8,tt4701724,5
user_8,tt4714782,6
user_8,tt4717402,6
user_8,tt4729430,9
user_8,tt4730986,8
user_8,tt4731136,7
user_8,tt4758646,3
user_8,tt4776998,5
user_8,tt4777008,6
user_8,tt4779682,6
user_8,tt4781612,8
user_8,tt4786282,6
user_8,tt4799050,6
user_8,tt4815122,5
user_8,tt4846232,8
user_8,tt4846340,7
user_8,tt4849438,9
user_8,tt4851630,8
user_8,tt4853102,7
user_8,tt4854126,5
user_8,tt4857264,8
user_8,tt4867110,3
user_8,tt4877122,4
user_8,tt4881806,5
user_8,tt4899370,8
user_8,tt4901306,7
user_8,tt4912910,8
user_8,tt4916630,7
user_8,tt4921860,10
user_8,tt4925292,7
user_8,tt4932154,8
user_8,tt4943322,7
user_8,tt4951982,7
user_8,tt4971344,7
user_8,tt4972582,8
user_8,tt4975722,7
user_8,tt4987556,6
user_8,tt4992086,6
user_8,tt4995776,7
user_8,tt4995790,7
user_8,tt5001718,6
user_8,tt5013056,8
user_8,tt5022702,6
user_8,tt5027774,9
user_8,tt5052448,9
user_8,tt5052474,7
user_8,tt5071886,7
user_8,tt5073642,8
user_8,tt5074352,7
user_8,tt5080556,8
user_8,tt5083738,8
user_8,tt5091612,7
user_8,tt5095030,8
user_8,tt5104604,7
user_8,tt5109784,6
user_8,tt5113040,7
user_8,tt5140878,9
user_8,tt5164214,7
user_8,tt5164432,9
user_8,tt5165344,6
user_8,tt5168192,9
user_8,tt5208252,8
user_8,tt5215952,7
user_8,tt5220122,7
user_8,tt5247022,8
user_8,tt5294550,7
user_8,tt5308322,7
user_8,tt5311514,8
user_8,tt5323662,8
user_8,tt5340522,6
user_8,tt5362988,8
user_8,tt5371168,6
user_8,tt5390504,8
user_8,tt5431600,4
user_8,tt5437928,7
user_8,tt5439796,5
user_8,tt5442430,6
user_8,tt5461944,8
user_8,tt5462326,5
user_8,tt5462602,8
user_8,tt5463162,8
user_8,tt5474042,6
user_8,tt5510934,8
user_8,tt5512872,6
user_8,tt5519340,7
user_8,tt5523010,5
user_8,tt5534434,7
user_8,tt5536736,7
user_8,tt5541240,8
user_8,tt5563334,6
user_8,tt5576318,6
user_8,tt5580036,6
user_8,tt5580266,8
user_8,tt5580390,7
user_8,tt5592248,5
user_8,tt5606664,8
user_8,tt5607028,8
user_8,tt5607096,7
user_8,tt5610554,7
user_8,tt5613484,8
user_8,tt5614612,6
user_8,tt5619332,7
user_8,tt5635086,8
user_8,tt5638642,8
user_8,tt5639354,6
user_8,tt5640450,6
user_8,tt5649108,7
user_8,tt5649144,9
user_8,tt5653514,6
user_8,tt5657846,7
user_8,tt5666304,8
user_8,tt5687416,10
user_8,tt5688932,7
user_8,tt5697870,5
user_8,tt5700672,6
user_8,tt5710514,8
user_8,tt5711148,8
user_8,tt5715874,6
user_8,tt5716302,8
user_8,tt5717184,9
user_8,tt5723272,8
user_8,tt5726086,5
user_8,tt5726616,7
user_8,tt5727208,7
user_8,tt5742374,7
user_8,tt5758778,6
user_8,tt5764096,7
user_8,tt5774450,6
user_8,tt5775194,5
user_8,tt5776858,6
user_8,tt5793200,5
user_8,tt5805752,9
user_8,tt5813916,8
user_8,tt5814060,7
user_8,tt5822564,7
user_8,tt5833186,6
user_8,tt5834262,7
user_8,tt5848272,7
user_8,tt5862312,6
user_8,tt5865326,6
user_8,tt5884052,7
user_8,tt5884784,7
user_8,tt5893332,6
user_8,tt5931338,7
user_8,tt5932728,8
user_8,tt5946128,8
user_8,tt5962210,6
user_8,tt5968394,8
user_8,tt5977276,8
user_8,tt5979872,7
user_8,tt5989218,6
user_8,tt6048922,8
user_8,tt6053438,7
user_8,tt6083648,6
user_8,tt6087426,6
user_8,tt6097798,7
user_8,tt6105098,7
user_8,tt6108178,7
user_8,tt6113122,5
user_8,tt6116856,7
user_8,tt6135348,7
user_8,tt6139732,9
user_8,tt6146586,8
user_8,tt6150238,6
user_8,tt6155172,10
user_8,tt6182908,8
user_8,tt6189022,8
user_8,tt6199572,5
user_8,tt6203302,6
user_8,tt6212478,6
user_8,tt6214928,4
user_8,tt6245274,7
user_8,tt6265828,6
user_8,tt6266538,8
user_8,tt6294822,7
user_8,tt6304046,5
user_8,tt6306064,7
user_8,tt6320628,9
user_8,tt6343314,7
user_8,tt6348138,6
user_8,tt6412452,7
user_8,tt6439558,4
user_8,tt6450804,6
user_8,tt6472976,8
user_8,tt6476140,5
user_8,tt6484982,6
user_8,tt6494344,5
user_8,tt6499752,7
user_8,tt6513120,8
user_8,tt6513656,5
user_8,tt6547170,2
user_8,tt6565702,3
user_8,tt6587640,6
user_8,tt6588966,7
user_8,tt6628394,6
user_8,tt6644200,8
user_8,tt6673612,4
user_8,tt6679794,7
user_8,tt6680730,8
user_8,tt6723592,8
user_8,tt6735034,4
user_8,tt6741568,5
user_8,tt6750884,7
user_8,tt6751668,8
user_8,tt6772950,5
user_8,tt6781982,4
user_8,tt6793580,8
user_8,tt6805302,8
user_8,tt6806448,8
user_8,tt6814080,6
user_8,tt6823368,6
user_8,tt6838702,6
user_8,tt6857112,8
user_8,tt6857988,6
user_8,tt6878038,7
user_8,tt6882604,6
user_8,tt6902676,5
user_8,tt6911608,6
user_8,tt6921996,7
user_8,tt6924650,7
user_8,tt6953076,6
user_8,tt6966692,7
user_8,tt6987770,7
user_8,tt6988116,5
user_8,tt7014006,6
user_8,tt7019842,10
user_8,tt7040874,8
user_8,tt7043012,7
user_8,tt7051624,4
user_8,tt7063210,7
user_8,tt7125860,8
user_8,tt7131622,7
user_8,tt7134096,5
user_8,tt7139936,6
user_8,tt7146812,9
user_8,tt7153766,7
user_8,tt7162390,4
user_8,tt7215548,8
user_8,tt7256866,6
user_8,tt7280898,8
user_8,tt7286456,9
user_8,tt7312940,3
user_8,tt7315484,6
user_8,tt7318202,9
user_8,tt7323600,6
user_8,tt7343762,7
user_8,tt7349662,7
user_8,tt7349950,6
user_8,tt7401588,8
user_8,tt7403614,5
user_8,tt7419396,6
user_8,tt7427356,7
user_8,tt7439064,7
user_8,tt7451284,7
user_8,tt7479784,7
user_8,tt7549996,9
user_8,tt7550000,7
user_8,tt7556122,5
user_8,tt7587876,6
user_8,tt7653254,8
user_8,tt7668842,7
user_8,tt7668870,9
user_8,tt7713068,6
user_8,tt7719976,8
user_8,tt7721800,8
user_8,tt7725596,6
user_8,tt7725626,6
user_8,tt7752126,7
user_8,tt7784604,9
user_8,tt7798634,8
user_8,tt7832124,8
user_8,tt7862330,7
user_8,tt7886848,2
user_8,tt7942742,6
user_8,tt7946836,7
user_8,tt7957694,6
user_8,tt7958736,6
user_8,tt7959026,7
user_8,tt7975244,5
user_8,tt7979142,5
user_8,tt7984734,5
user_8,tt7984766,7
user_8,tt8075192,9
user_8,tt8079248,7
user_8,tt8097306,5
user_8,tt8106534,7
user_8,tt8108198,7
user_8,tt8108208,7
user_8,tt8110330,10
user_8,tt8115320,6
user_8,tt8129794,6
user_8,tt8130968,8
user_8,tt8169446,7
user_8,tt8201852,4
user_8,tt8228288,7
user_8,tt8244784,8
user_8,tt8266310,6
user_8,tt8269552,7
user_8,tt8350360,7
user_8,tt8359816,7
user_8,tt8367814,8
user_8,tt8404614,7
user_8,tt8544498,9
user_8,tt8579674,7
user_8,tt8580274,7
user_8,tt8623904,6
user_8,tt8637428,8
user_8,tt8663516,5
user_8,tt8695030,5
user_8,tt8752474,6
user_8,tt8758086,5
user_8,tt8772262,7
user_8,tt8936646,6
user_8,tt8946378,7
user_8,tt8983180,6
user_8,tt9014656,5
user_8,tt9016016,7
user_8,tt9213244,5
user_8,tt9214832,6
user_8,tt9243946,7
user_8,tt9248972,6
user_8,tt9260636,7
user_8,tt9354944,6
user_8,tt9398640,6
user_8,tt9419834,4
user_8,tt9484998,6
user_8,tt9580138,8
user_8,tt9652782,7
user_8,tt9683478,7
user_8,tt9860728,6
user_9,tt0004972,7
user_9,tt0012068,7
user_9,tt0012349,7
user_9,tt0013442,8
user_9,tt0014112,4
user_9,tt0014205,9
user_9,tt0015064,7
user_9,tt0015864,10
user_9,tt0016895,6
user_9,tt0017075,6
user_9,tt0017136,6
user_9,tt0017925,10
user_9,tt0018037,6
user_9,tt0018773,6
user_9,tt0019254,8
user_9,tt0019344,9
user_9,tt0019563,7
user_9,tt0019843,7
user_9,tt0020253,6
user_9,tt0020298,7
user_9,tt0020629,9
user_9,tt0020876,6
user_9,tt0021749,8
user_9,tt0022100,7
user_9,tt0022111,8
user_9,tt0022753,6
user_9,tt0023027,8
user_9,tt0023245,7
user_9,tt0023358,5
user_9,tt0023681,7
user_9,tt0023969,8
user_9,tt0023985,5
user_9,tt0024216,8
user_9,tt0024360,6
user_9,tt0024641,8
user_9,tt0024844,8
user_9,tt0025316,7
user_9,tt0025452,6
user_9,tt0026138,9
user_9,tt0026643,7
user_9,tt0026725,6
user_9,tt0026983,7
user_9,tt0027125,6
user_9,tt0027256,7
user_9,tt0027800,7
user_9,tt0027977,9
user_9,tt0028176,6
user_9,tt0028691,7
user_9,tt0028950,8
user_9,tt0029546,7
user_9,tt0029583,9
user_9,tt0029605,6
user_9,tt0029870,8
user_9,tt0030287,9
user_9,tt0030637,8
user_9,tt0030643,7
user_9,tt0030856,7
user_9,tt0031377,6
user_9,tt0031381,7
user_9,tt0031385,8
user_9,tt0031619,8
user_9,tt0031677,7
user_9,tt0031679,7
user_9,tt0032007,5
user_9,tt0032138,7
user_9,tt0032194,7
user_9,tt0032366,6
user_9,tt0032455,6
user_9,tt0032551,7
user_9,tt0032553,7
user_9,tt0032829,7
user_9,tt0032904,8
user_9,tt0032910,6
user_9,tt0032976,6
user_9,tt0033045,7
user_9,tt0033238,8
user_9,tt0033467,7
user_9,tt0033563,8
user_9,tt0033808,6
user_9,tt0033870,8
user_9,tt0033891,9
user_9,tt0034012,7
user_9,tt0034272,8
user_9,tt0034398,7
user_9,tt0034478,6
user_9,tt0034492,9
user_9,tt0034583,10
user_9,tt0035019,9
user_9,tt0035211,8
user_9,tt0035244,7
user_9,tt0035279,7
user_9,tt0035979,6
user_9,tt0036160,7
user_9,tt0036244,9
user_9,tt0036515,9
user_9,tt0036613,8
user_9,tt0036775,9
user_9,tt0036872,6
user_9,tt0036953,7
user_9,tt0037008,7
user_9,tt0037017,7
user_9,tt0037084,5
user_9,tt0037630,9
user_9,tt0038057,8
user_9,tt0038109,8
user_9,tt0038363,6
user_9,tt0038559,8
user_9,tt0038578,7
user_9,tt0038650,8
user_9,tt0038762,8
user_9,tt0038787,8
user_9,tt0038890,9
user_9,tt0038988,8
user_9,tt0039190,7
user_9,tt0039192,9
user_9,tt0039404,7
user_9,tt0039410,9
user_9,tt0039502,7
user_9,tt0039628,7
user_9,tt0039631,8
user_9,tt0039651,8
user_9,tt0039901,6
user_9,tt0040338,7
user_9,tt0040370,8
user_9,tt0040506,7
user_9,tt0040522,7
user_9,tt0040525,8
user_9,tt0040725,8
user_9,tt0040746,9
user_9,tt0040897,7
user_9,tt0041163,7
user_9,tt0041361,6
user_9,tt0041513,6
user_9,tt0041546,8
user_9,tt0041671,7
user_9,tt0041959,8
user_9,tt0042040,9
user_9,tt0042192,8
user_9,tt0042332,7
user_9,tt0042876,6
user_9,tt0043014,8
user_9,tt0043265,9
user_9,tt0043274,8
user_9,tt0043327,6
user_9,tt0043456,7
user_9,tt0043461,6
user_9,tt0043887,7
user_9,tt0043924,8
user_9,tt0044079,9
user_9,tt0044081,8
user_9,tt0044084,7
user_9,tt0044121,6
user_9,tt0044486,7
user_9,tt0044654,7
user_9,tt0044706,8
user_9,tt0044741,8
user_9,tt0044953,7
user_9,tt0045084,7
user_9,tt0045152,7
user_9,tt0045669,6
user_9,tt0045897,8
user_9,tt0046183,8
user_9,tt0046187,8
user_9,tt0046250,9
user_9,tt0046345,7
user_9,tt0046359,7
user_9,tt0046487,7
user_9,tt0046876,8
user_9,tt0046911,6
user_9,tt0046912,9
user_9,tt0047296,7
user_9,tt0047377,10
user_9,tt0047396,8
user_9,tt0047437,8
user_9,tt0047478,8
user_9,tt0047528,9
user_9,tt0047647,6
user_9,tt0047673,8
user_9,tt0048064,6
user_9,tt0048198,6
user_9,tt0048280,8
user_9,tt0048281,8
user_9,tt0048424,7
user_9,tt0048545,8
user_9,tt0048654,6
user_9,tt0048728,6
user_9,tt0048750,6
user_9,tt0048791,5
user_9,tt0048801,7
user_9,tt0048966,5
user_9,tt0049223,8
user_9,tt0049264,7
user_9,tt0049366,6
user_9,tt0049470,8
user_9,tt0049845,8
user_9,tt0049934,6
user_9,tt0050083,10
user_9,tt0050212,9
user_9,tt0050371,7
user_9,tt0050388,6
user_9,tt0050749,7
user_9,tt0050825,8
user_9,tt0050976,10
user_9,tt0050986,9
user_9,tt0051201,8
user_9,tt0051221,6
user_9,tt0051378,8
user_9,tt0051459,10
user_9,tt0051666,6
user_9,tt0051767,6
user_9,tt0052151,7
user_9,tt0052169,4
user_9,tt0052311,10
user_9,tt0052357,6
user_9,tt0052365,8
user_9,tt0052561,8
user_9,tt0052618,5
user_9,tt0052893,8
user_9,tt0052896,7
user_9,tt0052993,8
user_9,tt0053125,8
user_9,tt0053198,6
user_9,tt0053250,6
user_9,tt0053285,9
user_9,tt0053291,8
user_9,tt0053363,7
user_9,tt0053472,9
user_9,tt0053604,6
user_9,tt0053611,4
user_9,tt0053779,10
user_9,tt0053946,9
user_9,tt0054047,7
user_9,tt0054167,8
user_9,tt0054215,9
user_9,tt0054248,7
user_9,tt0054331,7
user_9,tt0054357,7
user_9,tt0054632,8
user_9,tt0054698,7
user_9,tt0054749,7
user_9,tt0054757,7
user_9,tt0054997,8
user_9,tt0055032,10
user_9,tt0055082,8
user_9,tt0055254,6
user_9,tt0055353,8
user_9,tt0055572,6
user_9,tt0055614,9
user_9,tt0055630,8
user_9,tt0055830,7
user_9,tt0055844,5
user_9,tt0055928,8
user_9,tt0056059,7
user_9,tt0056111,8
user_9,tt0056142,6
user_9,tt0056172,7
user_9,tt0056197,7
user_9,tt0056217,10
user_9,tt0056218,8
user_9,tt0056443,7
user_9,tt0056592,9
user_9,tt0056732,9
user_9,tt0056801,7
user_9,tt0056869,9
user_9,tt0056923,8
user_9,tt0056937,5
user_9,tt0056956,6
user_9,tt0057012,8
user_9,tt0057076,7
user_9,tt0057115,7
user_9,tt0057261,7
user_9,tt0057286,8
user_9,tt0057345,9
user_9,tt0057473,6
user_9,tt0057507,4
user_9,tt0057611,6
user_9,tt0057634,8
user_9,tt0057869,7
user_9,tt0057878,6
user_9,tt0057985,5
user_9,tt0058150,6
user_9,tt0058212,5
user_9,tt0058331,9
user_9,tt0058385,7
user_9,tt0058450,10
user_9,tt0058461,7
user_9,tt0058576,7
user_9,tt0058649,4
user_9,tt0058659,5
user_9,tt0058708,8
user_9,tt0058709,3
user_9,tt0058898,10
user_9,tt0058962,7
user_9,tt0059113,8
user_9,tt0059205,6
user_9,tt0059447,4
user_9,tt0059527,9
user_9,tt0059578,6
user_9,tt0059592,6
user_9,tt0059742,7
user_9,tt0059800,7
user_9,tt0060109,6
user_9,tt0060176,8
user_9,tt0060196,8
user_9,tt0060397,6
user_9,tt0060522,8
user_9,tt0060661,8
user_9,tt0060754,7
user_9,tt0060782,4
user_9,tt0060802,8
user_9,tt0060827,8
user_9,tt0060959,7
user_9,tt0061107,8
user_9,tt0061138,7
user_9,tt0061343,8
user_9,tt0061380,7
user_9,tt0061391,7
user_9,tt0061418,8
user_9,tt0061456,2
user_9,tt0061512,9
user_9,tt0061523,7
user_9,tt0061557,5
user_9,tt0061578,7
user_9,tt0061587,4
user_9,tt0061722,8
user_9,tt0061728,7
user_9,tt0061735,5
user_9,tt0061811,8
user_9,tt0061852,8
user_9,tt0062229,7
user_9,tt0062512,7
user_9,tt0062622,9
user_9,tt0062695,9
user_9,tt0063210,6
user_9,tt0063350,7
user_9,tt0063442,9
user_9,tt0063522,10
user_9,tt0063611,8
user_9,tt0063671,7
user_9,tt0063737,8
user_9,tt0063995,8
user_9,tt0064110,7
user_9,tt0064115,7
user_9,tt0064116,10
user_9,tt0064276,8
user_9,tt0064541,9
user_9,tt0064665,7
user_9,tt0064757,7
user_9,tt0065143,8
user_9,tt0065421,5
user_9,tt0065462,8
user_9,tt0065744,8
user_9,tt0066026,9
user_9,tt0066206,9
user_9,tt0066262,6
user_9,tt0066473,8
user_9,tt0066476,1
user_9,tt0066563,9
user_9,tt0066817,9
user_9,tt0066921,7
user_9,tt0066995,7
user_9,tt0066999,8
user_9,tt0067093,8
user_9,tt0067116,8
user_9,tt0067128,5
user_9,tt0067185,8
user_9,tt0067355,8
user_9,tt0067588,6
user_9,tt0067633,7
user_9,tt0067741,7
user_9,tt0067770,7
user_9,tt0067805,8
user_9,tt0067822,6
user_9,tt0067927,8
user_9,tt0067959,8
user_9,tt0067992,7
user_9,tt0068154,9
user_9,tt0068161,8
user_9,tt0068182,9
user_9,tt0068473,7
user_9,tt0068555,8
user_9,tt0068638,8
user_9,tt0068646,8
user_9,tt0068805,7
user_9,tt0068833,6
user_9,tt0068920,5
user_9,tt0069097,7
user_9,tt0069293,8
user_9,tt0069704,7
user_9,tt0069762,9
user_9,tt0069768,5
user_9,tt0069945,8
user_9,tt0069995,7
user_9,tt0070034,8
user_9,tt0070047,7
user_9,tt0070326,9
user_9,tt0070328,7
user_9,tt0070379,6
user_9,tt0070391,4
user_9,tt0070460,8
user_9,tt0070468,7
user_9,tt0070511,6
user_9,tt0070608,10
user_9,tt0070666,10
user_9,tt0070723,8
user_9,tt0070735,10
user_9,tt0070909,6
user_9,tt0070917,7
user_9,tt0070948,7
user_9,tt0071115,8
user_9,tt0071230,9
user_9,tt0071315,10
user_9,tt0071318,5
user_9,tt0071360,9
user_9,tt0071562,9
user_9,tt0071807,6
user_9,tt0071853,8
user_9,tt0071910,9
user_9,tt0071950,7
user_9,tt0072012,6
user_9,tt0072081,7
user_9,tt0072271,8
user_9,tt0072431,9
user_9,tt0072684,7
user_9,tt0072783,10
user_9,tt0072860,8
user_9,tt0072890,9
user_9,tt0073012,6
user_9,tt0073195,7
user_9,tt0073486,8
user_9,tt0073582,8
user_9,tt0073629,8
user_9,tt0073650,6
user_9,tt0073800,7
user_9,tt0073918,7
user_9,tt0074119,8
user_9,tt0074156,8
user_9,tt0074285,8
user_9,tt0074452,7
user_9,tt0074483,6
user_9,tt0074486,4
user_9,tt0074494,5
user_9,tt0074512,7
user_9,tt0074564,6
user_9,tt0074751,6
user_9,tt0074812,6
user_9,tt0074896,9
user_9,tt0074906,6
user_9,tt0074916,7
user_9,tt0074937,6
user_9,tt0074958,9
user_9,tt0075005,9
user_9,tt0075029,7
user_9,tt0075066,5
user_9,tt0075137,5
user_9,tt0075148,8
user_9,tt0075222,5
user_9,tt0075232,9
user_9,tt0075314,7
user_9,tt0075357,6
user_9,tt0075404,8
user_9,tt0075669,7
user_9,tt0075686,8
user_9,tt0075784,7
user_9,tt0075820,4
user_9,tt0075860,5
user_9,tt0076538,8
user_9,tt0076752,7
user_9,tt0076759,9
user_9,tt0076786,9
user_9,tt0076933,6
user_9,tt0077269,9
user_9,tt0077394,6
user_9,tt0077402,9
user_9,tt0077405,9
user_9,tt0077413,7
user_9,tt0077416,9
user_9,tt0077611,7
user_9,tt0077631,7
user_9,tt0077651,7
user_9,tt0077681,6
user_9,tt0077713,5
user_9,tt0077766,6
user_9,tt0077928,6
user_9,tt0077975,8
user_9,tt0078067,6
user_9,tt0078346,7
user_9,tt0078504,5
user_9,tt0078718,7
user_9,tt0078748,8
user_9,tt0078767,4
user_9,tt0078788,9
user_9,tt0078841,7
user_9,tt0078879,5
user_9,tt0078935,6
user_9,tt0079073,9
user_9,tt0079116,8
user_9,tt0079180,8
user_9,tt0079271,7
user_9,tt0079367,5
user_9,tt0079417,7
user_9,tt0079470,7
user_9,tt0079501,6
user_9,tt0079522,9
user_9,tt0079574,6
user_9,tt0079576,6
user_9,tt0079638,6
user_9,tt0079714,9
user_9,tt0079817,9
user_9,tt0079886,9
user_9,tt0079944,9
user_9,tt0079945,5
user_9,tt0079948,7
user_9,tt0080009,6
user_9,tt0080031,6
user_9,tt0080120,7
user_9,tt0080179,8
user_9,tt0080339,7
user_9,tt0080360,6
user_9,tt0080377,8
user_9,tt0080391,4
user_9,tt0080453,8
user_9,tt0080455,9
user_9,tt0080487,8
user_9,tt0080491,6
user_9,tt0080569,5
user_9,tt0080661,8
user_9,tt0080678,10
user_9,tt0080684,10
user_9,tt0080716,5
user_9,tt0080736,9
user_9,tt0080745,7
user_9,tt0080749,8
user_9,tt0080761,7
user_9,tt0080798,7
user_9,tt0080854,7
user_9,tt0080861,5
user_9,tt0080907,8
user_9,tt0081165,5
user_9,tt0081207,6
user_9,tt0081283,9
user_9,tt0081353,6
user_9,tt0081375,6
user_9,tt0081383,5
user_9,tt0081398,9
user_9,tt0081421,4
user_9,tt0081505,7
user_9,tt0081529,5
user_9,tt0081534,8
user_9,tt0081573,7
user_9,tt0081633,7
user_9,tt0082010,10
user_9,tt0082031,5
user_9,tt0082096,8
user_9,tt0082100,8
user_9,tt0082111,6
user_9,tt0082118,6
user_9,tt0082158,7
user_9,tt0082186,8
user_9,tt0082198,7
user_9,tt0082288,6
user_9,tt0082340,7
user_9,tt0082370,5
user_9,tt0082378,6
user_9,tt0082398,7
user_9,tt0082406,7
user_9,tt0082486,7
user_9,tt0082495,7
user_9,tt0082517,7
user_9,tt0082527,5
user_9,tt0082694,6
user_9,tt0082933,6
user_9,tt0082962,4
user_9,tt0082970,7
user_9,tt0082971,9
user_9,tt0082979,7
user_9,tt0083111,8
user_9,tt0083131,7
user_9,tt0083348,5
user_9,tt0083511,8
user_9,tt0083564,7
user_9,tt0083630,8
user_9,tt0083658,9
user_9,tt0083765,9
user_9,tt0083767,5
user_9,tt0083833,7
user_9,tt0083866,8
user_9,tt0083907,10
user_9,tt0083908,7
user_9,tt0083922,9
user_9,tt0083929,8
user_9,tt0083944,6
user_9,tt0083987,10
user_9,tt0084021,4
user_9,tt0084412,7
user_9,tt0084516,7
user_9,tt0084522,7
user_9,tt0084549,8
user_9,tt0084555,10
user_9,tt0084589,7
user_9,tt0084602,6
user_9,tt0084651,6
user_9,tt0084695,4
user_9,tt0084725,8
user_9,tt0084726,9
user_9,tt0084745,6
user_9,tt0084786,6
user_9,tt0084787,10
user_9,tt0084805,7
user_9,tt0084827,7
user_9,tt0084920,4
user_9,tt0084935,4
user_9,tt0085183,3
user_9,tt0085210,9
user_9,tt0085244,8
user_9,tt0085333,5
user_9,tt0085334,7
user_9,tt0085335,9
user_9,tt0085542,7
user_9,tt0085549,6
user_9,tt0085636,5
user_9,tt0085794,7
user_9,tt0085811,6
user_9,tt0085878,5
user_9,tt0085959,7
user_9,tt0085995,8
user_9,tt0086034,7
user_9,tt0086066,9
user_9,tt0086190,8
user_9,tt0086200,6
user_9,tt0086250,8
user_9,tt0086312,5
user_9,tt0086336,6
user_9,tt0086383,7
user_9,tt0086393,4
user_9,tt0086465,8
user_9,tt0086541,8
user_9,tt0086567,8
user_9,tt0086637,8
user_9,tt0086879,8
user_9,tt0086926,6
user_9,tt0086960,8
user_9,tt0086979,8
user_9,tt0087078,6
user_9,tt0087182,6
user_9,tt0087277,7
user_9,tt0087298,6
user_9,tt0087332,7
user_9,tt0087363,7
user_9,tt0087365,8
user_9,tt0087451,4
user_9,tt0087469,8
user_9,tt0087507,7
user_9,tt0087538,7
user_9,tt0087544,6
user_9,tt0087597,6
user_9,tt0087755,7
user_9,tt0087799,5
user_9,tt0087800,8
user_9,tt0087803,8
user_9,tt0087843,7
user_9,tt0087884,8
user_9,tt0087892,9
user_9,tt0087909,6
user_9,tt0087928,6
user_9,tt0088000,7
user_9,tt0088011,8
user_9,tt0088083,9
user_9,tt0088128,8
user_9,tt0088161,6
user_9,tt0088170,6
user_9,tt0088247,7
user_9,tt0088258,8
user_9,tt0088286,6
user_9,tt0088323,8
user_9,tt0088338,9
user_9,tt0088763,8
user_9,tt0088771,5
user_9,tt0088846,8
user_9,tt0088847,8
user_9,tt0088915,7
user_9,tt0088930,8
user_9,tt0088933,7
user_9,tt0088939,7
user_9,tt0088944,7
user_9,tt0088993,8
user_9,tt0089017,6
user_9,tt0089118,7
user_9,tt0089175,7
user_9,tt0089200,2
user_9,tt0089208,6
user_9,tt0089218,6
user_9,tt0089280,4
user_9,tt0089348,5
user_9,tt0089360,6
user_9,tt0089370,7
user_9,tt0089371,8
user_9,tt0089424,7
user_9,tt0089444,5
user_9,tt0089457,8
user_9,tt0089461,7
user_9,tt0089469,6
user_9,tt0089473,6
user_9,tt0089530,8
user_9,tt0089537,8
user_9,tt0089543,4
user_9,tt0089670,7
user_9,tt0089755,5
user_9,tt0089767,10
user_9,tt0089791,5
user_9,tt0089822,6
user_9,tt0089841,7
user_9,tt0089853,9
user_9,tt0089869,6
user_9,tt0089880,6
user_9,tt0089881,10
user_9,tt0089893,5
user_9,tt0089927,7
user_9,tt0090021,6
user_9,tt0090022,9
user_9,tt0090094,7
user_9,tt0090103,7
user_9,tt0090142,7
user_9,tt0090180,8
user_9,tt0090190,6
user_9,tt0090264,6
user_9,tt0090305,6
user_9,tt0090315,8
user_9,tt0090329,7
user_9,tt0090605,8
user_9,tt0090667,9
user_9,tt0090728,7
user_9,tt0090756,8
user_9,tt0090815,7
user_9,tt0090863,5
user_9,tt0090927,7
user_9,tt0091042,7
user_9,tt0091059,7
user_9,tt0091064,8
user_9,tt0091093,8
user_9,tt0091167,7
user_9,tt0091178,7
user_9,tt0091187,9
user_9,tt0091203,9
user_9,tt0091225,5
user_9,tt0091251,9
user_9,tt0091369,10
user_9,tt0091419,6
user_9,tt0091474,6
user_9,tt0091605,8
user_9,tt0091670,8
user_9,tt0091763,9
user_9,tt0091777,6
user_9,tt0091828,5
user_9,tt0091867,9
user_9,tt0091949,6
user_9,tt0091993,7
user_9,tt0092005,8
user_9,tt0092007,9
user_9,tt0092067,8
user_9,tt0092086,5
user_9,tt0092099,8
user_9,tt0092115,5
user_9,tt0092225,6
user_9,tt0092493,6
user_9,tt0092516,6
user_9,tt0092534,5
user_9,tt0092563,7
user_9,tt0092593,10
user_9,tt0092603,7
user_9,tt0092644,6
user_9,tt0092666,5
user_9,tt0092675,7
user_9,tt0092718,7
user_9,tt0092796,5
user_9,tt0092890,6
user_9,tt0092965,9
user_9,tt0092991,6
user_9,tt0093010,7
user_9,tt0093058,6
user_9,tt0093075,8
user_9,tt0093105,9
user_9,tt0093158,2
user_9,tt0093177,7
user_9,tt0093191,8
user_9,tt0093223,6
user_9,tt0093260,6
user_9,tt0093274,5
user_9,tt0093290,6
user_9,tt0093300,3
user_9,tt0093342,6
user_9,tt0093389,6
user_9,tt0093409,8
user_9,tt0093415,5
user_9,tt0093428,6
user_9,tt0093437,8
user_9,tt0093507,5
user_9,tt0093512,8
user_9,tt0093565,8
user_9,tt0093603,8
user_9,tt0093605,8
user_9,tt0093648,4
user_9,tt0093693,6
user_9,tt0093748,9
user_9,tt0093756,5
user_9,tt0093773,7
user_9,tt0093779,9
user_9,tt0093818,9
user_9,tt0093822,8
user_9,tt0093857,6
user_9,tt0093870,8
user_9,tt0093894,5
user_9,tt0093991,5
user_9,tt0094012,7
user_9,tt0094118,4
user_9,tt0094137,6
user_9,tt0094226,7
user_9,tt0094291,9
user_9,tt0094332,7
user_9,tt0094625,7
user_9,tt0094712,7
user_9,tt0094716,8
user_9,tt0094721,7
user_9,tt0094737,9
user_9,tt0094746,9
user_9,tt0094862,8
user_9,tt0094889,4
user_9,tt0094898,8
user_9,tt0094919,5
user_9,tt0094947,7
user_9,tt0095016,7
user_9,tt0095031,7
user_9,tt0095159,8
user_9,tt0095174,7
user_9,tt0095271,5
user_9,tt0095327,9
user_9,tt0095593,6
user_9,tt0095631,6
user_9,tt0095647,9
user_9,tt0095705,9
user_9,tt0095765,7
user_9,tt0095925,6
user_9,tt0095953,9
user_9,tt0095956,6
user_9,tt0095963,6
user_9,tt0095990,7
user_9,tt0096046,6
user_9,tt0096219,7
user_9,tt0096256,8
user_9,tt0096283,8
user_9,tt0096316,7
user_9,tt0096320,6
user_9,tt0096336,7
user_9,tt0096379,5
user_9,tt0096438,8
user_9,tt0096446,5
user_9,tt0096461,6
user_9,tt0096463,7
user_9,tt0096487,5
user_9,tt0096734,7
user_9,tt0096744,8
user_9,tt0096754,7
user_9,tt0096874,7
user_9,tt0096895,7
user_9,tt0096928,8
user_9,tt0096933,8
user_9,tt0096945,7
user_9,tt0096969,7
user_9,tt0097027,5
user_9,tt0097108,9
user_9,tt0097123,8
user_9,tt0097165,8
user_9,tt0097179,4
user_9,tt0097202,6
user_9,tt0097216,7
user_9,tt0097223,8
user_9,tt0097239,9
user_9,tt0097263,4
user_9,tt0097322,8
user_9,tt0097328,6
user_9,tt0097351,9
user_9,tt0097366,6
user_9,tt0097428,6
user_9,tt0097441,10
user_9,tt0097474,5
user_9,tt0097493,6
user_9,tt0097521,5
user_9,tt0097523,8
user_9,tt0097534,5
user_9,tt0097576,9
user_9,tt0097637,6
user_9,tt0097647,5
user_9,tt0097733,7
user_9,tt0097737,7
user_9,tt0097742,8
user_9,tt0097757,8
user_9,tt0097778,8
user_9,tt0097814,8
user_9,tt0097815,7
user_9,tt0097886,4
user_9,tt0097937,6
user_9,tt0097958,6
user_9,tt0097981,6
user_9,tt0098067,8
user_9,tt0098084,8
user_9,tt0098105,3
user_9,tt0098206,7
user_9,tt0098258,8
user_9,tt0098369,6
user_9,tt0098384,9
user_9,tt0098439,7
user_9,tt0098519,8
user_9,tt0098536,7
user_9,tt0098546,9
user_9,tt0098554,8
user_9,tt0098635,7
user_9,tt0098681,5
user_9,tt0098724,9
user_9,tt0099044,5
user_9,tt0099073,6
user_9,tt0099077,7
user_9,tt0099088,7
user_9,tt0099348,8
user_9,tt0099423,6
user_9,tt0099487,8
user_9,tt0099512,6
user_9,tt0099528,5
user_9,tt0099582,6
user_9,tt0099653,7
user_9,tt0099674,7
user_9,tt0099685,9
user_9,tt0099691,6
user_9,tt0099699,7
user_9,tt0099700,5
user_9,tt0099785,7
user_9,tt0099810,9
user_9,tt0099817,6
user_9,tt0099850,7
user_9,tt0099871,8
user_9,tt0099938,6
user_9,tt0099939,8
user_9,tt0100087,5
user_9,tt0100150,9
user_9,tt0100157,6
user_9,tt0100240,6
user_9,tt0100263,8
user_9,tt0100403,6
user_9,tt0100405,8
user_9,tt0100502,6
user_9,tt0100507,7
user_9,tt0100680,4
user_9,tt0100747,7
user_9,tt0100758,5
user_9,tt0100802,7
user_9,tt0100814,8
user_9,tt0100935,7
user_9,tt0100994,6
user_9,tt0101272,6
user_9,tt0101301,7
user_9,tt0101329,8
user_9,tt0101393,5
user_9,tt0101410,10
user_9,tt0101414,8
user_9,tt0101420,9
user_9,tt0101507,7
user_9,tt0101524,8
user_9,tt0101540,7
user_9,tt0101640,8
user_9,tt0101669,7
user_9,tt0101700,8
user_9,tt0101745,8
user_9,tt0101761,7
user_9,tt0101862,6
user_9,tt0101912,6
user_9,tt0101917,6
user_9,tt0102034,5
user_9,tt0102057,7
user_9,tt0102059,6
user_9,tt0102070,6
user_9,tt0102138,8
user_9,tt0102220,6
user_9,tt0102266,6
user_9,tt0102469,6
user_9,tt0102492,6
user_9,tt0102510,7
user_9,tt0102614,5
user_9,tt0102685,8
user_9,tt0102798,6
user_9,tt0102803,5
user_9,tt0102926,8
user_9,tt0102945,7
user_9,tt0102975,10
user_9,tt0103060,4
user_9,tt0103064,8
user_9,tt0103074,7
user_9,tt0103241,7
user_9,tt0103639,8
user_9,tt0103640,6
user_9,tt0103644,7
user_9,tt0103772,8
user_9,tt0103776,8
user_9,tt0103786,6
user_9,tt0103855,7
user_9,tt0103873,7
user_9,tt0103874,8
user_9,tt0103893,6
user_9,tt0103905,8
user_9,tt0103919,7
user_9,tt0103956,6
user_9,tt0104070,8
user_9,tt0104114,6
user_9,tt0104181,5
user_9,tt0104254,7
user_9,tt0104257,6
user_9,tt0104291,8
user_9,tt0104348,8
user_9,tt0104431,8
user_9,tt0104452,6
user_9,tt0104466,7
user_9,tt0104573,8
user_9,tt0104581,7
user_9,tt0104652,8
user_9,tt0104691,9
user_9,tt0104692,5
user_9,tt0104694,7
user_9,tt0104714,8
user_9,tt0104745,7
user_9,tt0104771,8
user_9,tt0104797,8
user_9,tt0104868,7
user_9,tt0104952,8
user_9,tt0105046,8
user_9,tt0105112,6
user_9,tt0105128,5
user_9,tt0105156,7
user_9,tt0105236,8
user_9,tt0105265,7
user_9,tt0105323,9
user_9,tt0105327,7
user_9,tt0105399,4
user_9,tt0105435,9
user_9,tt0105459,5
user_9,tt0105652,6
user_9,tt0105665,9
user_9,tt0105690,7
user_9,tt0105695,8
user_9,tt0105698,8
user_9,tt0105793,7
user_9,tt0105812,7
user_9,tt0105813,7
user_9,tt0106220,7
user_9,tt0106246,7
user_9,tt0106308,9
user_9,tt0106375,6
user_9,tt0106387,7
user_9,tt0106400,4
user_9,tt0106489,7
user_9,tt0106519,7
user_9,tt0106582,6
user_9,tt0106677,8
user_9,tt0106697,8
user_9,tt0106770,7
user_9,tt0106856,8
user_9,tt0106881,9
user_9,tt0106912,5
user_9,tt0106918,8
user_9,tt0106977,8
user_9,tt0107007,9
user_9,tt0107034,5
user_9,tt0107048,8
user_9,tt0107050,7
user_9,tt0107096,6
user_9,tt0107120,8
user_9,tt0107144,5
user_9,tt0107206,7
user_9,tt0107207,7
user_9,tt0107211,5
user_9,tt0107290,8
user_9,tt0107302,7
user_9,tt0107362,7
user_9,tt0107507,6
user_9,tt0107614,8
user_9,tt0107630,8
user_9,tt0107653,9
user_9,tt0107688,9
user_9,tt0107798,7
user_9,tt0107808,7
user_9,tt0107818,7
user_9,tt0107822,7
user_9,tt0107943,9
user_9,tt0107977,6
user_9,tt0108002,9
user_9,tt0108052,8
user_9,tt0108065,8
user_9,tt0108122,9
user_9,tt0108147,6
user_9,tt0108160,6
user_9,tt0108171,6
user_9,tt0108174,6
user_9,tt0108185,8
user_9,tt0108186,7
user_9,tt0108238,6
user_9,tt0108262,6
user_9,tt0108330,8
user_9,tt0108333,6
user_9,tt0108358,9
user_9,tt0108394,8
user_9,tt0108399,9
user_9,tt0108550,6
user_9,tt0109040,6
user_9,tt0109045,9
user_9,tt0109068,5
user_9,tt0109093,7
user_9,tt0109134,9
user_9,tt0109190,6
user_9,tt0109254,6
user_9,tt0109303,3
user_9,tt0109327,5
user_9,tt0109359,8
user_9,tt0109439,6
user_9,tt0109445,10
user_9,tt0109446,7
user_9,tt0109450,5
user_9,tt0109456,5
user_9,tt0109504,8
user_9,tt0109506,6
user_9,tt0109579,9
user_9,tt0109686,8
user_9,tt0109707,9
user_9,tt0109781,6
user_9,tt0109813,4
user_9,tt0109830,9
user_9,tt0109831,5
user_9,tt0109836,7
user_9,tt0109890,6
user_9,tt0109942,4
user_9,tt0109951,7
user_9,tt0109962,6
user_9,tt0110005,9
user_9,tt0110054,7
user_9,tt0110074,6
user_9,tt0110148,8
user_9,tt0110200,6
user_9,tt0110216,6
user_9,tt0110322,8
user_9,tt0110357,9
user_9,tt0110413,10
user_9,tt0110475,9
user_9,tt0110478,6
user_9,tt0110527,5
user_9,tt0110588,6
user_9,tt0110598,7
user_9,tt0110622,6
user_9,tt0110632,7
user_9,tt0110638,5
user_9,tt0110687,4
user_9,tt0110737,6
user_9,tt0110763,6
user_9,tt0110877,8
user_9,tt0110912,9
user_9,tt0110932,9
user_9,tt0110950,8
user_9,tt0111070,7
user_9,tt0111127,6
user_9,tt0111161,8
user_9,tt0111257,8
user_9,tt0111280,7
user_9,tt0111282,8
user_9,tt0111301,4
user_9,tt0111470,6
user_9,tt0111477,7
user_9,tt0111495,10
user_9,tt0111503,6
user_9,tt0111507,7
user_9,tt0111512,7
user_9,tt0111686,8
user_9,tt0112281,7
user_9,tt0112288,6
user_9,tt0112379,8
user_9,tt0112384,8
user_9,tt0112401,6
user_9,tt0112431,8
user_9,tt0112435,5
user_9,tt0112438,7
user_9,tt0112442,6
user_9,tt0112443,5
user_9,tt0112461,8
user_9,tt0112462,6
user_9,tt0112471,6
user_9,tt0112508,8
user_9,tt0112571,7
user_9,tt0112573,8
user_9,tt0112579,7
user_9,tt0112637,7
user_9,tt0112641,9
user_9,tt0112642,5
user_9,tt0112697,8
user_9,tt0112715,5
user_9,tt0112740,5
user_9,tt0112817,7
user_9,tt0112818,6
user_9,tt0112851,7
user_9,tt0112864,8
user_9,tt0112870,8
user_9,tt0112883,6
user_9,tt0113101,8
user_9,tt0113118,7
user_9,tt0113161,8
user_9,tt0113189,6
user_9,tt0113198,7
user_9,tt0113211,7
user_9,tt0113243,7
user_9,tt0113247,9
user_9,tt0113277,9
user_9,tt0113326,8
user_9,tt0113375,7
user_9,tt0113481,5
user_9,tt0113492,5
user_9,tt0113497,8
user_9,tt0113540,7
user_9,tt0113552,5
user_9,tt0113568,7
user_9,tt0113627,8
user_9,tt0113749,7
user_9,tt0113799,9
user_9,tt0113819,5
user_9,tt0113824,7
user_9,tt0113855,6
user_9,tt0113870,6
user_9,tt0113957,5
user_9,tt0114011,7
user_9,tt0114048,5
user_9,tt0114069,8
user_9,tt0114148,8
user_9,tt0114151,6
user_9,tt0114194,9
user_9,tt0114214,7
user_9,tt0114312,7
user_9,tt0114323,7
user_9,tt0114369,8
user_9,tt0114388,7
user_9,tt0114436,5
user_9,tt0114478,8
user_9,tt0114508,6
user_9,tt0114558,9
user_9,tt0114682,7
user_9,tt0114697,5
user_9,tt0114702,5
user_9,tt0114709,8
user_9,tt0114746,10
user_9,tt0114787,9
user_9,tt0114814,8
user_9,tt0114851,5
user_9,tt0114857,6
user_9,tt0114887,8
user_9,tt0114898,5
user_9,tt0114924,7
user_9,tt0114928,6
user_9,tt0115433,5
user_9,tt0115610,7
user_9,tt0115624,2
user_9,tt0115683,5
user_9,tt0115685,7
user_9,tt0115734,6
user_9,tt0115736,7
user_9,tt0115751,8
user_9,tt0115759,7
user_9,tt0115798,7
user_9,tt0115819,7
user_9,tt0115956,7
user_9,tt0115963,5
user_9,tt0115994,8
user_9,tt0116000,6
user_9,tt0116040,6
user_9,tt0116059,5
user_9,tt0116191,7
user_9,tt0116209,7
user_9,tt0116213,6
user_9,tt0116225,4
user_9,tt0116231,9
user_9,tt0116277,6
user_9,tt0116282,9
user_9,tt0116287,7
user_9,tt0116361,7
user_9,tt0116365,7
user_9,tt0116367,5
user_9,tt0116426,8
user_9,tt0116483,8
user_9,tt0116571,7
user_9,tt0116583,10
user_9,tt0116629,7
user_9,tt0116669,7
user_9,tt0116695,6
user_9,tt0116705,7
user_9,tt0116743,6
user_9,tt0116778,7
user_9,tt0116908,6
user_9,tt0116922,9
user_9,tt0116996,6
user_9,tt0116999,8
user_9,tt0117008,9
user_9,tt0117060,8
user_9,tt0117078,6
user_9,tt0117218,6
user_9,tt0117247,7
user_9,tt0117318,8
user_9,tt0117333,6
user_9,tt0117381,7
user_9,tt0117438,8
user_9,tt0117500,8
user_9,tt0117509,7
user_9,tt0117571,5
user_9,tt0117665,8
user_9,tt0117666,10
user_9,tt0117705,6
user_9,tt0117731,6
user_9,tt0117765,3
user_9,tt0117802,6
user_9,tt0117883,8
user_9,tt0117887,8
user_9,tt0117891,5
user_9,tt0117913,8
user_9,tt0117951,8
user_9,tt0117998,7
user_9,tt0118113,7
user_9,tt0118158,8
user_9,tt0118523,5
user_9,tt0118548,5
user_9,tt0118571,6
user_9,tt0118583,6
user_9,tt0118607,8
user_9,tt0118615,4
user_9,tt0118617,7
user_9,tt0118647,8
user_9,tt0118655,7
user_9,tt0118688,4
user_9,tt0118694,9
user_9,tt0118715,10
user_9,tt0118749,9
user_9,tt0118755,5
user_9,tt0118767,9
user_9,tt0118789,8
user_9,tt0118799,9
user_9,tt0118842,7
user_9,tt0118843,8
user_9,tt0118845,9
user_9,tt0118849,10
user_9,tt0118880,7
user_9,tt0118883,4
user_9,tt0118884,8
user_9,tt0118887,7
user_9,tt0118917,6
user_9,tt0118928,6
user_9,tt0118929,8
user_9,tt0118971,9
user_9,tt0118972,5
user_9,tt0118998,5
user_9,tt0119008,8
user_9,tt0119051,7
user_9,tt0119081,6
user_9,tt0119094,7
user_9,tt0119099,7
user_9,tt0119115,6
user_9,tt0119116,9
user_9,tt0119125,8
user_9,tt0119137,5
user_9,tt0119141,7
user_9,tt0119164,7
user_9,tt0119167,8
user_9,tt0119173,5
user_9,tt0119174,9
user_9,tt0119177,8
user_9,tt0119190,6
user_9,tt0119210,6
user_9,tt0119215,7
user_9,tt0119217,8
user_9,tt0119223,6
user_9,tt0119229,8
user_9,tt0119247,6
user_9,tt0119256,6
user_9,tt0119282,7
user_9,tt0119303,5
user_9,tt0119345,7
user_9,tt0119395,7
user_9,tt0119396,5
user_9,tt0119432,7
user_9,tt0119468,7
user_9,tt0119488,9
user_9,tt0119528,5
user_9,tt0119558,8
user_9,tt0119567,8
user_9,tt0119592,7
user_9,tt0119643,6
user_9,tt0119654,8
user_9,tt0119668,7
user_9,tt0119698,8
user_9,tt0119707,6
user_9,tt0119715,7
user_9,tt0119720,8
user_9,tt0119731,6
user_9,tt0119738,7
user_9,tt0119822,6
user_9,tt0119843,6
user_9,tt0119874,5
user_9,tt0119880,7
user_9,tt0119925,6
user_9,tt0119942,6
user_9,tt0119978,9
user_9,tt0120053,6
user_9,tt0120070,8
user_9,tt0120082,6
user_9,tt0120102,6
user_9,tt0120157,6
user_9,tt0120179,3
user_9,tt0120184,7
user_9,tt0120185,5
user_9,tt0120188,7
user_9,tt0120201,8
user_9,tt0120316,7
user_9,tt0120324,7
user_9,tt0120338,8
user_9,tt0120347,7
user_9,tt0120363,9
user_9,tt0120382,10
user_9,tt0120389,5
user_9,tt0120461,6
user_9,tt0120484,6
user_9,tt0120510,6
user_9,tt0120586,8
user_9,tt0120587,7
user_9,tt0120591,7
user_9,tt0120601,8
user_9,tt0120611,6
user_9,tt0120616,7
user_9,tt0120618,3
user_9,tt0120623,8
user_9,tt0120630,7
user_9,tt0120631,8
user_9,tt0120632,8
user_9,tt0120633,5
user_9,tt0120647,4
user_9,tt0120655,7
user_9,tt0120657,6
user_9,tt0120660,8
user_9,tt0120663,6
user_9,tt0120667,7
user_9,tt0120669,7
user_9,tt0120679,8
user_9,tt0120681,5
user_9,tt0120684,8
user_9,tt0120685,5
user_9,tt0120689,8
user_9,tt0120693,8
user_9,tt0120694,4
user_9,tt0120725,5
user_9,tt0120731,8
user_9,tt0120735,7
user_9,tt0120737,10
user_9,tt0120738,4
user_9,tt0120744,8
user_9,tt0120746,8
user_9,tt0120749,7
user_9,tt0120751,8
user_9,tt0120753,7
user_9,tt0120755,4
user_9,tt0120762,7
user_9,tt0120764,3
user_9,tt0120765,5
user_9,tt0120768,8
user_9,tt0120769,6
user_9,tt0120772,6
user_9,tt0120780,7
user_9,tt0120783,7
user_9,tt0120784,8
user_9,tt0120787,4
user_9,tt0120789,8
user_9,tt0120791,6
user_9,tt0120794,8
user_9,tt0120804,6
user_9,tt0120812,7
user_9,tt0120815,9
user_9,tt0120824,6
user_9,tt0120828,7
user_9,tt0120832,5
user_9,tt0120844,9
user_9,tt0120855,6
user_9,tt0120863,9
user_9,tt0120866,5
user_9,tt0120873,6
user_9,tt0120877,5
user_9,tt0120885,8
user_9,tt0120888,8
user_9,tt0120889,8
user_9,tt0120890,7
user_9,tt0120891,3
user_9,tt0120902,7
user_9,tt0120903,7
user_9,tt0120907,7
user_9,tt0120910,8
user_9,tt0120912,8
user_9,tt0120915,8
user_9,tt0120917,8
user_9,tt0121164,6
user_9,tt0121765,6
user_9,tt0121766,8
user_9,tt0122151,7
user_9,tt0122690,9
user_9,tt0122718,7
user_9,tt0122768,7
user_9,tt0122933,6
user_9,tt0123209,7
user_9,tt0123755,8
user_9,tt0124198,6
user_9,tt0124298,7
user_9,tt0124315,7
user_9,tt0124836,5
user_9,tt0125022,6
user_9,tt0125439,7
user_9,tt0125659,7
user_9,tt0125664,8
user_9,tt0126004,6
user_9,tt0126029,7
user_9,tt0126604,7
user_9,tt0126765,8
user_9,tt0126886,7
user_9,tt0127536,8
user_9,tt0128442,6
user_9,tt0128445,7
user_9,tt0128853,7
user_9,tt0129167,8
user_9,tt0129280,5
user_9,tt0129290,6
user_9,tt0129387,8
user_9,tt0130018,5
user_9,tt0130748,6
user_9,tt0130827,9
user_9,tt0131325,7
user_9,tt0131369,7
user_9,tt0131566,6
user_9,tt0131704,4
user_9,tt0132910,6
user_9,tt0133093,8
user_9,tt0133152,6
user_9,tt0133189,9
user_9,tt0133240,9
user_9,tt0133363,8
user_9,tt0133751,7
user_9,tt0133906,7
user_9,tt0134084,5
user_9,tt0134119,7
user_9,tt0134273,6
user_9,tt0134847,6
user_9,tt0134983,5
user_9,tt0137363,7
user_9,tt0137494,6
user_9,tt0137523,8
user_9,tt0138097,7
user_9,tt0138524,6
user_9,tt0138704,8
user_9,tt0138749,7
user_9,tt0139134,9
user_9,tt0139239,6
user_9,tt0139654,7
user_9,tt0139699,7
user_9,tt0140352,6
user_9,tt0140384,7
user_9,tt0140677,5
user_9,tt0140888,8
user_9,tt0141109,5
user_9,tt0141369,5
user_9,tt0141897,5
user_9,tt0141926,6
user_9,tt0142244,8
user_9,tt0142342,5
user_9,tt0142688,6
user_9,tt0142772,8
user_9,tt0143012,7
user_9,tt0143145,7
user_9,tt0143334,6
user_9,tt0144084,8
user_9,tt0144117,7
user_9,tt0144640,6
user_9,tt0144688,5
user_9,tt0145487,8
user_9,tt0145503,9
user_9,tt0145531,6
user_9,tt0145653,7
user_9,tt0145660,5
user_9,tt0145681,6
user_9,tt0146309,6
user_9,tt0146316,3
user_9,tt0146675,7
user_9,tt0146803,9
user_9,tt0146838,7
user_9,tt0146882,6
user_9,tt0147800,7
user_9,tt0149261,6
user_9,tt0150662,9
user_9,tt0151137,7
user_9,tt0151738,7
user_9,tt0151804,8
user_9,tt0152930,6
user_9,tt0154183,5
user_9,tt0154506,7
user_9,tt0155975,5
user_9,tt0156323,7
user_9,tt0156887,8
user_9,tt0157472,5
user_9,tt0158622,4
user_9,tt0158983,9
user_9,tt0159097,6
user_9,tt0159273,8
user_9,tt0159365,7
user_9,tt0160127,7
user_9,tt0160399,7
user_9,tt0160611,6
user_9,tt0160620,6
user_9,tt0160862,7
user_9,tt0161081,7
user_9,tt0162222,8
user_9,tt0162346,7
user_9,tt0162650,8
user_9,tt0162661,7
user_9,tt0162710,9
user_9,tt0163025,4
user_9,tt0163084,5
user_9,tt0163187,5
user_9,tt0163651,7
user_9,tt0163978,6
user_9,tt0163988,7
user_9,tt0164052,6
user_9,tt0164184,7
user_9,tt0164912,7
user_9,tt0165361,6
user_9,tt0165798,7
user_9,tt0166276,6
user_9,tt0166813,7
user_9,tt0166896,7
user_9,tt0166924,7
user_9,tt0167190,7
user_9,tt0167260,9
user_9,tt0167261,8
user_9,tt0167404,8
user_9,tt0167427,7
user_9,tt0167472,4
user_9,tt0167752,6
user_9,tt0168629,9
user_9,tt0169102,8
user_9,tt0169547,9
user_9,tt0169929,6
user_9,tt0170016,5
user_9,tt0170691,6
user_9,tt0171363,4
user_9,tt0171580,7
user_9,tt0171804,8
user_9,tt0172156,8
user_9,tt0172493,7
user_9,tt0172495,9
user_9,tt0172684,6
user_9,tt0173840,8
user_9,tt0175142,7
user_9,tt0175880,8
user_9,tt0176422,6
user_9,tt0177507,8
user_9,tt0177698,8
user_9,tt0177789,8
user_9,tt0177971,6
user_9,tt0178022,8
user_9,tt0178868,6
user_9,tt0180073,10
user_9,tt0180093,7
user_9,tt0180734,8
user_9,tt0181316,5
user_9,tt0181536,7
user_9,tt0181689,8
user_9,tt0181739,6
user_9,tt0181852,5
user_9,tt0181865,8
user_9,tt0181875,7
user_9,tt0182789,6
user_9,tt0183505,7
user_9,tt0183523,7
user_9,tt0183542,7
user_9,tt0183649,6
user_9,tt0183790,7
user_9,tt0184858,6
user_9,tt0184894,7
user_9,tt0185014,5
user_9,tt0185125,8
user_9,tt0185183,1
user_9,tt0185371,5
user_9,tt0185431,5
user_9,tt0185937,7
user_9,tt0186045,6
user_9,tt0186151,8
user_9,tt0186566,8
user_9,tt0187078,7
user_9,tt0187393,9
user_9,tt0187738,5
user_9,tt0188674,8
user_9,tt0190138,8
user_9,tt0190332,8
user_9,tt0190590,7
user_9,tt0190865,7
user_9,tt0191754,6
user_9,tt0192071,5
user_9,tt0192719,4
user_9,tt0192731,6
user_9,tt0192993,8
user_9,tt0195685,8
user_9,tt0195714,7
user_9,tt0195945,5
user_9,tt0196229,6
user_9,tt0198021,8
user_9,tt0198781,9
user_9,tt0199626,6
user_9,tt0199683,8
user_9,tt0200087,7
user_9,tt0200465,6
user_9,tt0200550,4
user_9,tt0202470,6
user_9,tt0202677,7
user_9,tt0203009,8
user_9,tt0203019,7
user_9,tt0204175,7
user_9,tt0204626,6
user_9,tt0204946,6
user_9,tt0205000,5
user_9,tt0206275,6
user_9,tt0206314,7
user_9,tt0206634,9
user_9,tt0207201,4
user_9,tt0208092,7
user_9,tt0209144,8
user_9,tt0209163,6
user_9,tt0209475,4
user_9,tt0209958,5
user_9,tt0210382,6
user_9,tt0210945,7
user_9,tt0211181,5
user_9,tt0211359,8
user_9,tt0211443,5
user_9,tt0211492,7
user_9,tt0211915,8
user_9,tt0211933,7
user_9,tt0211938,5
user_9,tt0212338,7
user_9,tt0212346,6
user_9,tt0212495,5
user_9,tt0212720,8
user_9,tt0212985,7
user_9,tt0213149,6
user_9,tt0213682,5
user_9,tt0215129,6
user_9,tt0215750,7
user_9,tt0216216,6
user_9,tt0216417,7
user_9,tt0216625,7
user_9,tt0216787,7
user_9,tt0216817,7
user_9,tt0217505,8
user_9,tt0217869,9
user_9,tt0218553,8
user_9,tt0218817,8
user_9,tt0218839,9
user_9,tt0218922,9
user_9,tt0218967,7
user_9,tt0219636,6
user_9,tt0219653,7
user_9,tt0219854,6
user_9,tt0220099,7
user_9,tt0221027,9
user_9,tt0221559,9
user_9,tt0223897,7
user_9,tt0225071,6
user_9,tt0227005,6
user_9,tt0227445,6
user_9,tt0227538,6
user_9,tt0228687,8
user_9,tt0228750,6
user_9,tt0230011,7
user_9,tt0230030,9
user_9,tt0230098,6
user_9,tt0230600,7
user_9,tt0230838,7
user_9,tt0231448,6
user_9,tt0232500,8
user_9,tt0233469,6
user_9,tt0234215,8
user_9,tt0234829,6
user_9,tt0235198,7
user_9,tt0235737,8
user_9,tt0236493,6
user_9,tt0238112,5
user_9,tt0238380,6
user_9,tt0239020,6
user_9,tt0240462,4
user_9,tt0240515,6
user_9,tt0240772,10
user_9,tt0240890,8
user_9,tt0241303,9
user_9,tt0241527,8
user_9,tt0242193,7
user_9,tt0242423,7
user_9,tt0242519,9
user_9,tt0242653,7
user_9,tt0243133,8
user_9,tt0243155,6
user_9,tt0243585,5
user_9,tt0243736,5
user_9,tt0244244,7
user_9,tt0244970,9
user_9,tt0245046,6
user_9,tt0245341,5
user_9,tt0245429,10
user_9,tt0245562,7
user_9,tt0245574,8
user_9,tt0245674,4
user_9,tt0245686,8
user_9,tt0245712,9
user_9,tt0245803,6
user_9,tt0245844,8
user_9,tt0246266,5
user_9,tt0246460,6
user_9,tt0246464,8
user_9,tt0246544,4
user_9,tt0246578,8
user_9,tt0246592,8
user_9,tt0247199,6
user_9,tt0247425,9
user_9,tt0247586,9
user_9,tt0247638,6
user_9,tt0247745,8
user_9,tt0248408,8
user_9,tt0248667,9
user_9,tt0249380,5
user_9,tt0249462,9
user_9,tt0250223,7
user_9,tt0250258,9
user_9,tt0250292,8
user_9,tt0250310,4
user_9,tt0250494,7
user_9,tt0250617,6
user_9,tt0250687,5
user_9,tt0250797,6
user_9,tt0251075,5
user_9,tt0251114,3
user_9,tt0251127,7
user_9,tt0251160,6
user_9,tt0251447,7
user_9,tt0251736,5
user_9,tt0252076,4
user_9,tt0252245,7
user_9,tt0252489,10
user_9,tt0252501,9
user_9,tt0252503,7
user_9,tt0252684,7
user_9,tt0252695,7
user_9,tt0252866,5
user_9,tt0253474,8
user_9,tt0253556,7
user_9,tt0253670,6
user_9,tt0253754,8
user_9,tt0253867,6
user_9,tt0254686,6
user_9,tt0255798,4
user_9,tt0255819,4
user_9,tt0256103,6
user_9,tt0256380,5
user_9,tt0256415,6
user_9,tt0257044,8
user_9,tt0257076,6
user_9,tt0257106,5
user_9,tt0257360,8
user_9,tt0257516,4
user_9,tt0258000,5
user_9,tt0258273,7
user_9,tt0258463,9
user_9,tt0258470,5
user_9,tt0259324,6
user_9,tt0259393,7
user_9,tt0259446,7
user_9,tt0259711,7
user_9,tt0260866,7
user_9,tt0261392,7
user_9,tt0262432,8
user_9,tt0263265,5
user_9,tt0263488,7
user_9,tt0264395,7
user_9,tt0264464,8
user_9,tt0264616,6
user_9,tt0264761,8
user_9,tt0264796,9
user_9,tt0264935,6
user_9,tt0265086,8
user_9,tt0265087,5
user_9,tt0265208,6
user_9,tt0265349,6
user_9,tt0265459,8
user_9,tt0265651,6
user_9,tt0265662,7
user_9,tt0265666,10
user_9,tt0266260,7
user_9,tt0266308,6
user_9,tt0266489,7
user_9,tt0266543,8
user_9,tt0266697,7
user_9,tt0266915,7
user_9,tt0266987,7
user_9,tt0267626,6
user_9,tt0267804,6
user_9,tt0267913,6
user_9,tt0267989,6
user_9,tt0268126,6
user_9,tt0268380,9
user_9,tt0268695,6
user_9,tt0268755,5
user_9,tt0268978,9
user_9,tt0268995,6
user_9,tt0269341,6
user_9,tt0269347,6
user_9,tt0269358,9
user_9,tt0269604,5
user_9,tt0270288,6
user_9,tt0270980,4
user_9,tt0271027,8
user_9,tt0271668,7
user_9,tt0272152,7
user_9,tt0272338,6
user_9,tt0274166,5
user_9,tt0274428,7
user_9,tt0274470,6
user_9,tt0274558,7
user_9,tt0274812,8
user_9,tt0275230,9
user_9,tt0275847,7
user_9,tt0276751,8
user_9,tt0276919,9
user_9,tt0277027,9
user_9,tt0277296,5
user_9,tt0277371,6
user_9,tt0277434,7
user_9,tt0278504,7
user_9,tt0279111,6
user_9,tt0280590,6
user_9,tt0280609,6
user_9,tt0280707,9
user_9,tt0280720,7
user_9,tt0281358,8
user_9,tt0281373,6
user_9,tt0282120,5
user_9,tt0283111,5
user_9,tt0283426,5
user_9,tt0283534,6
user_9,tt0284490,5
user_9,tt0284494,9
user_9,tt0284837,6
user_9,tt0285462,5
user_9,tt0285492,7
user_9,tt0285531,5
user_9,tt0285742,6
user_9,tt0285823,6
user_9,tt0286106,7
user_9,tt0286112,7
user_9,tt0286152,5
user_9,tt0286244,9
user_9,tt0286261,8
user_9,tt0286499,7
user_9,tt0286716,6
user_9,tt0287467,9
user_9,tt0287978,6
user_9,tt0288477,6
user_9,tt0289043,8
user_9,tt0289635,7
user_9,tt0289765,7
user_9,tt0289848,7
user_9,tt0289879,6
user_9,tt0289992,8
user_9,tt0290002,7
user_9,tt0290095,4
user_9,tt0290334,8
user_9,tt0290673,7
user_9,tt0291341,6
user_9,tt0291350,7
user_9,tt0291400,7
user_9,tt0292506,8
user_9,tt0292644,7
user_9,tt0292963,7
user_9,tt0293508,8
user_9,tt0293564,9
user_9,tt0293662,7
user_9,tt0293715,7
user_9,tt0294870,7
user_9,tt0295178,6
user_9,tt0295289,7
user_9,tt0295297,8
user_9,tt0295700,6
user_9,tt0295701,7
user_9,tt0295721,6
user_9,tt0296042,5
user_9,tt0296572,6
user_9,tt0297284,7
user_9,tt0297741,6
user_9,tt0297884,8
user_9,tt0298130,8
user_9,tt0298148,6
user_9,tt0298203,7
user_9,tt0298408,7
user_9,tt0298744,7
user_9,tt0298814,6
user_9,tt0298943,6
user_9,tt0299658,9
user_9,tt0299977,7
user_9,tt0300015,6
user_9,tt0300140,8
user_9,tt0300471,8
user_9,tt0300556,6
user_9,tt0301199,6
user_9,tt0301357,7
user_9,tt0302640,7
user_9,tt0302674,7
user_9,tt0302886,7
user_9,tt0303361,5
user_9,tt0303785,6
user_9,tt0303933,5
user_9,tt0304141,9
user_9,tt0304415,7
user_9,tt0304669,5
user_9,tt0304678,5
user_9,tt0305206,9
user_9,tt0305224,6
user_9,tt0305357,4
user_9,tt0305711,6
user_9,tt0306047,6
user_9,tt0306519,2
user_9,tt0307453,7
user_9,tt0307479,7
user_9,tt0307901,8
user_9,tt0307987,5
user_9,tt0308055,7
user_9,tt0308208,4
user_9,tt0308363,8
user_9,tt0308506,4
user_9,tt0308644,8
user_9,tt0309593,5
user_9,tt0309698,8
user_9,tt0309987,7
user_9,tt0310775,8
user_9,tt0311113,8
user_9,tt0311429,6
user_9,tt0312004,7
user_9,tt0312528,6
user_9,tt0313196,6
user_9,tt0313542,7
user_9,tt0313737,8
user_9,tt0313792,6
user_9,tt0313911,6
user_9,tt0314331,8
user_9,tt0314353,6
user_9,tt0315327,7
user_9,tt0315733,8
user_9,tt0315983,8
user_9,tt0316356,10
user_9,tt0316396,7
user_9,tt0316465,6
user_9,tt0316654,9
user_9,tt0317198,7
user_9,tt0317219,8
user_9,tt0317248,8
user_9,tt0317303,7
user_9,tt0317648,9
user_9,tt0317705,7
user_9,tt0317740,7
user_9,tt0317919,7
user_9,tt0318155,6
user_9,tt0318462,9
user_9,tt0318627,7
user_9,tt0319061,10
user_9,tt0319262,6
user_9,tt0319343,6
user_9,tt0320661,9
user_9,tt0320691,8
user_9,tt0322259,7
user_9,tt0322330,7
user_9,tt0322589,6
user_9,tt0322824,5
user_9,tt0323944,8
user_9,tt0324127,7
user_9,tt0324158,6
user_9,tt0324216,8
user_9,tt0325055,7
user_9,tt0325703,6
user_9,tt0325710,9
user_9,tt0325805,6
user_9,tt0325980,8
user_9,tt0326208,7
user_9,tt0326357,6
user_9,tt0326576,5
user_9,tt0327056,7
user_9,tt0327084,6
user_9,tt0327137,8
user_9,tt0327162,5
user_9,tt0327437,6
user_9,tt0327554,2
user_9,tt0327597,10
user_9,tt0327679,5
user_9,tt0327850,5
user_9,tt0328107,9
user_9,tt0328258,6
user_9,tt0328538,6
user_9,tt0328828,8
user_9,tt0328880,7
user_9,tt0329028,3
user_9,tt0329101,5
user_9,tt0329330,8
user_9,tt0329717,5
user_9,tt0330373,7
user_9,tt0330793,7
user_9,tt0331632,5
user_9,tt0331811,7
user_9,tt0331834,7
user_9,tt0331933,4
user_9,tt0331953,5
user_9,tt0332280,9
user_9,tt0332375,6
user_9,tt0332379,6
user_9,tt0332452,9
user_9,tt0332658,7
user_9,tt0333766,9
user_9,tt0333780,5
user_9,tt0335119,7
user_9,tt0335245,6
user_9,tt0335266,8
user_9,tt0335345,7
user_9,tt0335438,7
user_9,tt0335559,4
user_9,tt0337563,6
user_9,tt0337692,4
user_9,tt0337741,9
user_9,tt0337921,5
user_9,tt0337978,8
user_9,tt0338013,7
user_9,tt0338094,6
user_9,tt0338135,9
user_9,tt0338337,5
user_9,tt0338348,7
user_9,tt0338466,5
user_9,tt0338526,5
user_9,tt0338564,9
user_9,tt0338751,6
user_9,tt0338763,6
user_9,tt0339291,7
user_9,tt0340163,7
user_9,tt0340377,8
user_9,tt0340855,7
user_9,tt0341455,10
user_9,tt0341555,7
user_9,tt0342258,8
user_9,tt0342520,6
user_9,tt0342771,7
user_9,tt0343135,6
user_9,tt0343449,5
user_9,tt0343660,7
user_9,tt0343737,7
user_9,tt0343818,8
user_9,tt0344510,8
user_9,tt0344859,4
user_9,tt0345235,4
user_9,tt0346156,6
user_9,tt0346457,7
user_9,tt0346491,5
user_9,tt0346723,8
user_9,tt0347048,8
user_9,tt0347149,8
user_9,tt0347246,8
user_9,tt0347304,9
user_9,tt0347416,6
user_9,tt0347473,9
user_9,tt0348150,4
user_9,tt0348333,7
user_9,tt0348836,6
user_9,tt0349205,7
user_9,tt0349683,8
user_9,tt0349710,7
user_9,tt0349903,5
user_9,tt0350028,7
user_9,tt0350193,7
user_9,tt0350258,9
user_9,tt0351283,7
user_9,tt0351817,9
user_9,tt0351887,6
user_9,tt0352248,8
user_9,tt0353962,6
user_9,tt0353969,9
user_9,tt0354899,7
user_9,tt0355295,7
user_9,tt0356150,6
user_9,tt0356470,5
user_9,tt0356634,4
user_9,tt0356680,6
user_9,tt0356910,8
user_9,tt0357277,5
user_9,tt0357413,6
user_9,tt0358082,6
user_9,tt0358273,8
user_9,tt0359013,5
user_9,tt0359774,7
user_9,tt0359950,8
user_9,tt0360486,7
user_9,tt0360717,6
user_9,tt0361500,5
user_9,tt0361620,7
user_9,tt0361715,8
user_9,tt0361748,9
user_9,tt0361862,7
user_9,tt0362120,5
user_9,tt0362165,2
user_9,tt0362225,7
user_9,tt0362227,9
user_9,tt0362270,6
user_9,tt0362478,6
user_9,tt0362942,4
user_9,tt0363163,10
user_9,tt0363226,9
user_9,tt0363473,10
user_9,tt0363547,7
user_9,tt0363589,8
user_9,tt0363771,6
user_9,tt0363988,6
user_9,tt0364517,6
user_9,tt0364569,8
user_9,tt0364725,6
user_9,tt0364970,7
user_9,tt0365376,7
user_9,tt0365485,6
user_9,tt0365686,5
user_9,tt0365737,7
user_9,tt0365748,7
user_9,tt0365830,7
user_9,tt0365907,7
user_9,tt0366548,7
user_9,tt0366551,8
user_9,tt0366627,8
user_9,tt0366780,10
user_9,tt0367027,6
user_9,tt0367089,7
user_9,tt0367110,8
user_9,tt0367479,5
user_9,tt0367594,9
user_9,tt0367652,4
user_9,tt0367882,6
user_9,tt0367959,7
user_9,tt0368008,6
user_9,tt0368226,4
user_9,tt0368447,7
user_9,tt0368667,7
user_9,tt0368794,7
user_9,tt0368891,7
user_9,tt0368909,9
user_9,tt0368933,8
user_9,tt0369226,2
user_9,tt0369339,8
user_9,tt0369436,6
user_9,tt0369441,7
user_9,tt0369610,8
user_9,tt0369672,7
user_9,tt0369702,7
user_9,tt0370263,8
user_9,tt0371606,5
user_9,tt0371724,7
user_9,tt0371746,8
user_9,tt0372183,8
user_9,tt0372366,7
user_9,tt0372588,10
user_9,tt0372784,9
user_9,tt0373051,8
user_9,tt0373074,9
user_9,tt0373450,6
user_9,tt0373469,8
user_9,tt0373856,9
user_9,tt0373883,7
user_9,tt0373889,10
user_9,tt0373926,5
user_9,tt0373981,6
user_9,tt0374102,4
user_9,tt0374271,6
user_9,tt0374536,6
user_9,tt0374887,9
user_9,tt0374900,8
user_9,tt0375063,7
user_9,tt0375154,6
user_9,tt0375173,7
user_9,tt0375210,6
user_9,tt0375568,5
user_9,tt0375611,8
user_9,tt0375679,8
user_9,tt0375912,5
user_9,tt0375920,6
user_9,tt0376136,6
user_9,tt0376541,8
user_9,tt0376994,7
user_9,tt0377092,8
user_9,tt0377109,6
user_9,tt0377471,5
user_9,tt0377713,6
user_9,tt0377818,3
user_9,tt0377981,6
user_9,tt0378109,6
user_9,tt0378194,6
user_9,tt0378947,7
user_9,tt0379725,7
user_9,tt0379786,7
user_9,tt0379865,5
user_9,tt0380389,7
user_9,tt0380510,6
user_9,tt0380773,5
user_9,tt0381008,3
user_9,tt0381061,9
user_9,tt0381681,7
user_9,tt0381707,8
user_9,tt0381849,9
user_9,tt0381936,7
user_9,tt0382028,4
user_9,tt0382077,7
user_9,tt0382189,5
user_9,tt0382625,6
user_9,tt0382628,6
user_9,tt0382932,9
user_9,tt0382992,5
user_9,tt0383028,8
user_9,tt0383216,7
user_9,tt0383574,8
user_9,tt0384286,8
user_9,tt0384369,6
user_9,tt0384537,8
user_9,tt0384642,5
user_9,tt0384680,7
user_9,tt0384793,6
user_9,tt0384806,7
user_9,tt0384814,6
user_9,tt0385002,9
user_9,tt0385004,7
user_9,tt0385307,8
user_9,tt0385752,4
user_9,tt0385842,7
user_9,tt0385880,7
user_9,tt0386117,8
user_9,tt0386140,4
user_9,tt0386588,7
user_9,tt0387131,8
user_9,tt0387564,8
user_9,tt0387575,6
user_9,tt0387808,7
user_9,tt0388125,6
user_9,tt0388482,6
user_9,tt0388795,7
user_9,tt0388838,6
user_9,tt0388980,7
user_9,tt0389557,8
user_9,tt0389722,7
user_9,tt0389790,9
user_9,tt0389860,7
user_9,tt0389957,6
user_9,tt0390022,8
user_9,tt0390384,8
user_9,tt0391198,6
user_9,tt0392878,8
user_9,tt0393109,8
user_9,tt0393162,7
user_9,tt0395169,9
user_9,tt0395251,6
user_9,tt0395584,8
user_9,tt0396171,9
user_9,tt0396269,8
user_9,tt0396652,6
user_9,tt0397065,6
user_9,tt0397078,5
user_9,tt0397101,7
user_9,tt0397313,9
user_9,tt0397535,7
user_9,tt0397892,4
user_9,tt0398165,6
user_9,tt0398286,8
user_9,tt0398712,6
user_9,tt0398808,5
user_9,tt0398913,4
user_9,tt0399146,7
user_9,tt0399201,6
user_9,tt0399295,7
user_9,tt0399692,7
user_9,tt0400717,7
user_9,tt0401383,8
user_9,tt0401445,8
user_9,tt0401711,7
user_9,tt0401729,6
user_9,tt0401792,9
user_9,tt0401815,6
user_9,tt0401855,6
user_9,tt0402022,6
user_9,tt0402399,8
user_9,tt0402910,7
user_9,tt0403358,6
user_9,tt0403702,8
user_9,tt0403990,6
user_9,tt0404030,8
user_9,tt0404032,9
user_9,tt0404203,7
user_9,tt0404390,6
user_9,tt0405094,8
user_9,tt0405159,8
user_9,tt0405296,8
user_9,tt0405325,8
user_9,tt0405336,6
user_9,tt0405422,6
user_9,tt0405508,10
user_9,tt0405699,6
user_9,tt0406375,6
user_9,tt0406650,7
user_9,tt0406816,6
user_9,tt0407021,7
user_9,tt0407246,8
user_9,tt0407265,7
user_9,tt0407304,7
user_9,tt0407887,7
user_9,tt0408236,7
user_9,tt0408306,7
user_9,tt0408345,5
user_9,tt0408524,6
user_9,tt0408664,7
user_9,tt0408790,5
user_9,tt0408839,8
user_9,tt0409182,5
user_9,tt0409379,6
user_9,tt0409459,9
user_9,tt0409847,7
user_9,tt0410097,6
user_9,tt0410297,7
user_9,tt0410377,5
user_9,tt0411061,6
user_9,tt0411118,6
user_9,tt0411477,7
user_9,tt0412019,6
user_9,tt0412798,6
user_9,tt0413099,7
user_9,tt0413267,6
user_9,tt0413300,7
user_9,tt0413466,5
user_9,tt0414055,7
user_9,tt0414387,10
user_9,tt0414852,6
user_9,tt0414982,6
user_9,tt0414993,7
user_9,tt0415306,8
user_9,tt0416185,6
user_9,tt0416212,8
user_9,tt0416236,6
user_9,tt0416315,7
user_9,tt0416320,8
user_9,tt0416449,7
user_9,tt0416496,5
user_9,tt0416508,5
user_9,tt0416881,6
user_9,tt0417056,3
user_9,tt0417148,5
user_9,tt0417182,6
user_9,tt0417397,7
user_9,tt0417586,8
user_9,tt0417741,8
user_9,tt0417791,7
user_9,tt0418279,7
user_9,tt0418627,3
user_9,tt0418689,6
user_9,tt0418763,9
user_9,tt0418819,6
user_9,tt0419468,6
user_9,tt0419663,5
user_9,tt0419677,8
user_9,tt0419706,6
user_9,tt0419843,6
user_9,tt0419887,9
user_9,tt0420087,9
user_9,tt0420223,9
user_9,tt0420238,7
user_9,tt0420251,5
user_9,tt0420293,7
user_9,tt0420509,5
user_9,tt0421051,2
user_9,tt0421073,8
user_9,tt0421082,7
user_9,tt0421239,6
user_9,tt0421715,8
user_9,tt0421994,7
user_9,tt0422295,7
user_9,tt0422720,8
user_9,tt0422779,2
user_9,tt0423294,8
user_9,tt0423866,9
user_9,tt0423977,8
user_9,tt0424095,6
user_9,tt0424136,8
user_9,tt0424345,7
user_9,tt0424823,7
user_9,tt0424880,8
user_9,tt0425061,7
user_9,tt0425112,5
user_9,tt0425123,6
user_9,tt0425210,9
user_9,tt0425218,3
user_9,tt0425413,7
user_9,tt0425601,8
user_9,tt0426592,4
user_9,tt0426883,7
user_9,tt0426931,9
user_9,tt0427152,5
user_9,tt0427229,4
user_9,tt0427309,7
user_9,tt0427327,7
user_9,tt0427470,6
user_9,tt0427944,7
user_9,tt0427954,8
user_9,tt0427969,7
user_9,tt0428870,8
user_9,tt0429493,6
user_9,tt0429589,6
user_9,tt0429715,7
user_9,tt0430105,8
user_9,tt0430357,7
user_9,tt0430634,6
user_9,tt0430922,6
user_9,tt0431021,6
user_9,tt0431197,7
user_9,tt0431308,8
user_9,tt0432021,6
user_9,tt0432283,7
user_9,tt0432289,6
user_9,tt0432348,8
user_9,tt0432402,7
user_9,tt0433035,7
user_9,tt0433362,7
user_9,tt0433383,8
user_9,tt0433386,4
user_9,tt0433387,7
user_9,tt0433400,7
user_9,tt0434409,8
user_9,tt0435528,6
user_9,tt0435625,7
user_9,tt0435651,6
user_9,tt0435679,9
user_9,tt0435705,6
user_9,tt0435761,7
user_9,tt0436339,4
user_9,tt0436697,7
user_9,tt0437086,9
user_9,tt0437179,5
user_9,tt0437800,8
user_9,tt0438097,8
user_9,tt0438315,6
user_9,tt0438488,6
user_9,tt0439289,7
user_9,tt0439815,6
user_9,tt0440803,8
user_9,tt0440963,8
user_9,tt0441048,9
user_9,tt0441773,9
user_9,tt0441909,9
user_9,tt0442933,5
user_9,tt0443272,8
user_9,tt0443274,6
user_9,tt0443453,6
user_9,tt0443489,6
user_9,tt0443543,8
user_9,tt0443649,5
user_9,tt0443680,8
user_9,tt0443701,8
user_9,tt0443706,7
user_9,tt0444112,6
user_9,tt0445506,7
user_9,tt0445922,8
user_9,tt0445934,8
user_9,tt0445939,7
user_9,tt0445990,9
user_9,tt0446029,9
user_9,tt0446755,7
user_9,tt0447249,8
user_9,tt0448011,8
user_9,tt0448022,7
user_9,tt0448115,8
user_9,tt0448134,9
user_9,tt0448157,10
user_9,tt0448694,7
user_9,tt0449010,5
user_9,tt0449059,8
user_9,tt0449088,7
user_9,tt0449089,6
user_9,tt0449467,8
user_9,tt0449999,7
user_9,tt0450188,10
user_9,tt0450232,4
user_9,tt0450259,10
user_9,tt0450278,5
user_9,tt0450314,6
user_9,tt0450345,3
user_9,tt0450385,8
user_9,tt0451079,7
user_9,tt0451094,9
user_9,tt0451279,9
user_9,tt0451787,5
user_9,tt0452594,4
user_9,tt0452608,7
user_9,tt0452623,7
user_9,tt0452625,6
user_9,tt0452637,5
user_9,tt0452694,9
user_9,tt0452702,8
user_9,tt0453451,8
user_9,tt0453467,5
user_9,tt0453556,6
user_9,tt0453562,8
user_9,tt0454084,5
user_9,tt0454824,8
user_9,tt0454841,8
user_9,tt0454848,8
user_9,tt0454876,7
user_9,tt0454921,8
user_9,tt0454945,7
user_9,tt0454987,5
user_9,tt0455309,7
user_9,tt0455407,7
user_9,tt0455590,8
user_9,tt0455760,7
user_9,tt0455824,5
user_9,tt0455857,5
user_9,tt0455944,6
user_9,tt0455960,6
user_9,tt0456020,6
user_9,tt0456554,9
user_9,tt0457430,8
user_9,tt0457510,6
user_9,tt0457513,6
user_9,tt0457572,7
user_9,tt0457939,8
user_9,tt0458339,7
user_9,tt0458352,7
user_9,tt0458367,7
user_9,tt0458413,6
user_9,tt0458481,7
user_9,tt0458525,7
user_9,tt0459072,8
user_9,tt0460740,8
user_9,tt0460780,1
user_9,tt0460791,9
user_9,tt0460792,7
user_9,tt0460829,7
user_9,tt0460989,9
user_9,tt0461770,8
user_9,tt0462200,9
user_9,tt0462244,3
user_9,tt0462322,7
user_9,tt0462335,5
user_9,tt0462465,7
user_9,tt0462499,6
user_9,tt0462504,8
user_9,tt0462538,7
user_9,tt0462590,7
user_9,tt0463034,5
user_9,tt0463854,8
user_9,tt0463872,5
user_9,tt0463985,6
user_9,tt0463998,9
user_9,tt0464049,7
user_9,tt0464141,9
user_9,tt0464154,6
user_9,tt0465203,6
user_9,tt0465234,6
user_9,tt0465434,5
user_9,tt0465494,6
user_9,tt0465538,9
user_9,tt0465551,8
user_9,tt0465580,5
user_9,tt0465602,6
user_9,tt0465624,6
user_9,tt0466342,4
user_9,tt0466909,6
user_9,tt0467197,5
user_9,tt0467200,5
user_9,tt0467406,9
user_9,tt0468489,7
user_9,tt0468492,7
user_9,tt0468569,10
user_9,tt0469494,8
user_9,tt0469641,3
user_9,tt0470752,6
user_9,tt0471042,7
user_9,tt0472033,6
user_9,tt0472043,7
user_9,tt0472062,8
user_9,tt0472071,5
user_9,tt0472160,7
user_9,tt0472198,7
user_9,tt0472399,7
user_9,tt0473075,6
user_9,tt0473308,8
user_9,tt0473367,6
user_9,tt0473488,6
user_9,tt0473705,6
user_9,tt0473753,7
user_9,tt0475276,6
user_9,tt0475290,6
user_9,tt0475394,6
user_9,tt0475532,5
user_9,tt0475711,9
user_9,tt0476735,8
user_9,tt0476888,3
user_9,tt0476964,8
user_9,tt0477051,4
user_9,tt0477080,7
user_9,tt0477302,7
user_9,tt0477347,8
user_9,tt0477348,9
user_9,tt0477607,7
user_9,tt0478087,6
user_9,tt0478126,4
user_9,tt0478304,6
user_9,tt0478311,6
user_9,tt0478970,9
user_9,tt0479143,7
user_9,tt0479884,8
user_9,tt0479952,6
user_9,tt0479997,6
user_9,tt0480025,8
user_9,tt0480242,6
user_9,tt0480249,6
user_9,tt0480255,5
user_9,tt0480687,5
user_9,tt0481369,5
user_9,tt0481499,8
user_9,tt0481536,8
user_9,tt0482461,7
user_9,tt0482527,7
user_9,tt0482571,7
user_9,tt0482572,6
user_9,tt0482606,4
user_9,tt0483607,8
user_9,tt0484437,6
user_9,tt0484877,4
user_9,tt0485909,9
user_9,tt0485947,9
user_9,tt0486551,6
user_9,tt0486576,6
user_9,tt0486640,6
user_9,tt0486655,8
user_9,tt0486822,6
user_9,tt0486946,6
user_9,tt0487503,6
user_9,tt0488120,7
user_9,tt0488414,6
user_9,tt0488834,9
user_9,tt0489099,7
user_9,tt0489237,6
user_9,tt0489270,7
user_9,tt0489327,8
user_9,tt0489664,7
user_9,tt0490076,6
user_9,tt0490084,5
user_9,tt0490204,8
user_9,tt0490215,8
user_9,tt0491203,7
user_9,tt0492044,7
user_9,tt0492956,6
user_9,tt0493405,8
user_9,tt0493464,6
user_9,tt0494238,6
user_9,tt0494816,7
user_9,tt0495596,6
user_9,tt0496226,8
user_9,tt0496806,6
user_9,tt0497465,6
user_9,tt0498380,9
user_9,tt0498399,7
user_9,tt0499375,9
user_9,tt0499448,6
user_9,tt0499549,7
user_9,tt0499556,7
user_9,tt0756683,8
user_9,tt0758730,5
user_9,tt0758746,4
user_9,tt0758752,6
user_9,tt0758758,7
user_9,tt0758766,7
user_9,tt0758774,9
user_9,tt0758781,2
user_9,tt0758794,7
user_9,tt0762107,8
user_9,tt0765010,10
user_9,tt0765120,8
user_9,tt0765429,9
user_9,tt0765432,8
user_9,tt0765443,8
user_9,tt0765476,8
user_9,tt0769507,8
user_9,tt0770703,6
user_9,tt0770752,7
user_9,tt0770828,7
user_9,tt0775529,5
user_9,tt0777808,5
user_9,tt0779982,7
user_9,tt0780504,9
user_9,tt0780511,8
user_9,tt0780521,7
user_9,tt0780536,8
user_9,tt0780567,6
user_9,tt0780571,9
user_9,tt0780607,7
user_9,tt0780653,5
user_9,tt0782037,7
user_9,tt0783233,7
user_9,tt0783238,6
user_9,tt0783598,7
user_9,tt0783767,7
user_9,tt0787470,7
user_9,tt0787474,6
user_9,tt0787524,8
user_9,tt0790623,7
user_9,tt0790628,7
user_9,tt0790636,7
user_9,tt0790665,5
user_9,tt0790686,7
user_9,tt0790712,8
user_9,tt0790724,8
user_9,tt0790736,6
user_9,tt0790804,6
user_9,tt0791304,6
user_9,tt0795351,6
user_9,tt0795368,9
user_9,tt0795421,6
user_9,tt0796366,8
user_9,tt0798817,6
user_9,tt0799934,7
user_9,tt0799949,3
user_9,tt0800039,8
user_9,tt0800069,7
user_9,tt0800080,7
user_9,tt0800240,7
user_9,tt0800241,8
user_9,tt0800308,7
user_9,tt0800320,6
user_9,tt0800369,9
user_9,tt0802948,9
user_9,tt0803096,6
user_9,tt0804461,8
user_9,tt0804492,3
user_9,tt0804497,8
user_9,tt0804505,7
user_9,tt0804516,6
user_9,tt0804522,6
user_9,tt0805184,8
user_9,tt0805564,6
user_9,tt0806203,6
user_9,tt0807758,6
user_9,tt0808151,8
user_9,tt0808244,7
user_9,tt0808279,6
user_9,tt0808331,6
user_9,tt0808417,7
user_9,tt0808510,7
user_9,tt0810819,7
user_9,tt0810922,6
user_9,tt0811066,7
user_9,tt0811080,9
user_9,tt0813549,5
user_9,tt0814255,6
user_9,tt0814314,9
user_9,tt0814335,7
user_9,tt0815236,6
user_9,tt0815244,7
user_9,tt0815245,6
user_9,tt0816442,7
user_9,tt0816462,4
user_9,tt0816556,7
user_9,tt0816692,8
user_9,tt0816711,9
user_9,tt0817177,7
user_9,tt0817230,6
user_9,tt0817538,6
user_9,tt0821642,8
user_9,tt0822832,6
user_9,tt0822847,7
user_9,tt0822854,8
user_9,tt0824747,9
user_9,tt0825232,7
user_9,tt0825236,9
user_9,tt0829150,7
user_9,tt0829459,7
user_9,tt0829482,6
user_9,tt0830515,7
user_9,tt0831387,5
user_9,tt0831887,6
user_9,tt0832266,9
user_9,tt0834001,7
user_9,tt0837562,7
user_9,tt0837563,5
user_9,tt0838221,9
user_9,tt0838232,5
user_9,tt0838283,8
user_9,tt0839980,4
user_9,tt0840361,7
user_9,tt0841046,8
user_9,tt0842926,6
user_9,tt0844471,7
user_9,tt0844479,5
user_9,tt0844708,7
user_9,tt0847167,5
user_9,tt0848228,9
user_9,tt0848537,8
user_9,tt0848557,5
user_9,tt0851530,8
user_9,tt0851578,8
user_9,tt0852713,5
user_9,tt0857191,6
user_9,tt0857265,7
user_9,tt0858479,7
user_9,tt0859163,5
user_9,tt0861689,6
user_9,tt0861739,6
user_9,tt0862846,6
user_9,tt0862856,6
user_9,tt0864761,9
user_9,tt0864770,7
user_9,tt0865556,7
user_9,tt0866439,7
user_9,tt0870111,8
user_9,tt0870944,7
user_9,tt0870984,6
user_9,tt0871426,5
user_9,tt0871510,9
user_9,tt0873886,7
user_9,tt0875034,6
user_9,tt0876563,9
user_9,tt0878804,7
user_9,tt0879870,5
user_9,tt0882977,5
user_9,tt0883398,7
user_9,tt0884328,8
user_9,tt0887770,5
user_9,tt0887883,6
user_9,tt0887912,8
user_9,tt0889573,7
user_9,tt0889583,7
user_9,tt0890870,5
user_9,tt0890883,6
user_9,tt0891527,5
user_9,tt0892318,6
user_9,tt0892769,7
user_9,tt0892782,6
user_9,tt0892791,7
user_9,tt0892811,6
user_9,tt0896798,6
user_9,tt0898367,7
user_9,tt0901476,7
user_9,tt0901487,7
user_9,tt0903624,9
user_9,tt0905372,4
user_9,tt0906083,6
user_9,tt0907657,9
user_9,tt0910554,8
user_9,tt0910936,6
user_9,tt0910970,8
user_9,tt0912597,7
user_9,tt0913354,4
user_9,tt0913425,7
user_9,tt0913445,7
user_9,tt0914798,7
user_9,tt0914863,6
user_9,tt0918927,7
user_9,tt0918940,5
user_9,tt0924129,8
user_9,tt0926084,8
user_9,tt0926129,5
user_9,tt0926762,7
user_9,tt0929425,8
user_9,tt0929632,9
user_9,tt0935075,7
user_9,tt0936501,8
user_9,tt0938283,3
user_9,tt0938330,6
user_9,tt0940657,4
user_9,tt0940688,6
user_9,tt0940709,5
user_9,tt0942385,6
user_9,tt0944101,6
user_9,tt0944835,7
user_9,tt0945513,10
user_9,tt0947798,7
user_9,tt0947810,9
user_9,tt0948470,7
user_9,tt0949731,6
user_9,tt0951259,5
user_9,tt0955308,8
user_9,tt0959337,8
user_9,tt0960144,6
user_9,tt0960731,6
user_9,tt0963178,8
user_9,tt0963966,7
user_9,tt0964517,9
user_9,tt0964587,6
user_9,tt0970179,7
user_9,tt0970411,6
user_9,tt0970416,6
user_9,tt0970452,6
user_9,tt0970468,6
user_9,tt0970866,7
user_9,tt0974015,7
user_9,tt0974554,7
user_9,tt0974661,6
user_9,tt0975645,8
user_9,tt0976051,6
user_9,tt0976238,4
user_9,tt0977855,7
user_9,tt0978762,7
user_9,tt0978764,6
user_9,tt0980970,5
user_9,tt0981227,7
user_9,tt0981352,9
user_9,tt0983193,8
user_9,tt0983213,8
user_9,tt0985694,5
user_9,tt0985699,8
user_9,tt0986233,7
user_9,tt0986263,5
user_9,tt0986264,10
user_9,tt0988045,8
user_9,tt0988047,6
user_9,tt0988595,7
user_9,tt0989757,7
user_9,tt0990359,4
user_9,tt0990407,5
user_9,tt0993842,6
user_9,tt0993846,9
user_9,tt0995039,8
user_9,tt0997152,7
user_9,tt0997282,6
user_9,tt1000774,4
user_9,tt1001508,9
user_9,tt1001526,7
user_9,tt1003009,5
user_9,tt1007028,5
user_9,tt1007029,8
user_9,tt1010048,8
user_9,tt1012729,6
user_9,tt1013743,7
user_9,tt1013752,5
user_9,tt1013753,8
user_9,tt1014759,5
user_9,tt1014763,8
user_9,tt1016301,7
user_9,tt1017460,6
user_9,tt1019452,6
user_9,tt1019897,8
user_9,tt1020072,6
user_9,tt1020530,5
user_9,tt1022603,8
user_9,tt10230426,8
user_9,tt1023111,7
user_9,tt1023114,8
user_9,tt1024648,7
user_9,tt1024715,8
user_9,tt1024899,5
user_9,tt1025100,8
user_9,tt1027718,5
user_9,tt1028528,6
user_9,tt1028532,9
user_9,tt1029231,6
user_9,tt1029234,9
user_9,tt1029235,6
user_9,tt1029360,7
user_9,tt1031969,5
user_9,tt10324144,10
user_9,tt1032755,6
user_9,tt1032846,8
user_9,tt1033575,8
user_9,tt1033643,7
user_9,tt1034032,7
user_9,tt1034303,7
user_9,tt1034314,5
user_9,tt1034320,5
user_9,tt1034331,6
user_9,tt1035736,9
user_9,tt1037705,8
user_9,tt1037850,8
user_9,tt1038686,6
user_9,tt1038919,6
user_9,tt1038988,7
user_9,tt1039889,7
user_9,tt1041829,7
user_9,tt1045658,8
user_9,tt1045772,7
user_9,tt1045778,7
user_9,tt1046173,5
user_9,tt1046936,4
user_9,tt1047540,5
user_9,tt10481868,4
user_9,tt1049402,7
user_9,tt1049413,10
user_9,tt1051904,8
user_9,tt1051906,8
user_9,tt1053424,7
user_9,tt1054606,7
user_9,tt1055292,7
user_9,tt1055369,8
user_9,tt1057500,8
user_9,tt1057581,7
user_9,tt1058017,7
user_9,tt1059786,7
user_9,tt1060277,7
user_9,tt1063669,8
user_9,tt1064932,8
user_9,tt1065073,8
user_9,tt1067106,7
user_9,tt1067583,6
user_9,tt1067774,7
user_9,tt1068646,7
user_9,tt1068680,6
user_9,tt1068956,9
user_9,tt1070887,7
user_9,tt1071875,4
user_9,tt1073498,3
user_9,tt1073673,6
user_9,tt1074638,7
user_9,tt1075110,7
user_9,tt1075417,6
user_9,tt1075747,5
user_9,tt1077258,6
user_9,tt1077368,6
user_9,tt1078188,9
user_9,tt1078588,7
user_9,tt1078912,6
user_9,tt1078940,7
user_9,tt1080016,6
user_9,tt1082599,4
user_9,tt1082868,7
user_9,tt1082886,7
user_9,tt1083452,8
user_9,tt1084972,7
user_9,tt1086772,7
user_9,tt10895828,5
user_9,tt1091172,5
user_9,tt1091191,10
user_9,tt1091722,7
user_9,tt1092026,6
user_9,tt1093357,6
user_9,tt1093908,8
user_9,tt10941528,5
user_9,tt1095174,7
user_9,tt1095217,6
user_9,tt1098327,3
user_9,tt1099212,8
user_9,tt1100089,5
user_9,tt1103153,6
user_9,tt1104001,7
user_9,tt1104006,6
user_9,tt1109594,4
user_9,tt1109624,6
user_9,tt1111422,8
user_9,tt1112782,6
user_9,tt1114740,6
user_9,tt1117385,7
user_9,tt1119646,8
user_9,tt1120985,8
user_9,tt1121096,5
user_9,tt1121931,5
user_9,tt1121977,7
user_9,tt11235142,7
user_9,tt1124035,7
user_9,tt1124037,8
user_9,tt1124039,4
user_9,tt1125849,6
user_9,tt1126590,8
user_9,tt1126591,7
user_9,tt1127180,6
user_9,tt1129428,5
user_9,tt1129442,7
user_9,tt1130884,8
user_9,tt1131729,7
user_9,tt1131734,4
user_9,tt1132620,7
user_9,tt1132626,5
user_9,tt1133985,5
user_9,tt1133993,4
user_9,tt1134854,5
user_9,tt1135092,6
user_9,tt1135487,6
user_9,tt1135503,7
user_9,tt1136608,8
user_9,tt11371934,9
user_9,tt1137450,7
user_9,tt1138481,7
user_9,tt1138489,8
user_9,tt11388406,7
user_9,tt11390036,6
user_9,tt1139328,8
user_9,tt1139668,6
user_9,tt1139797,9
user_9,tt1142977,6
user_9,tt1142988,6
user_9,tt1144884,7
user_9,tt1148204,5
user_9,tt1149362,7
user_9,tt1151922,5
user_9,tt1152398,7
user_9,tt1152836,6
user_9,tt1155056,8
user_9,tt1155076,5
user_9,tt1156398,8
user_9,tt1160368,5
user_9,tt1160996,5
user_9,tt1164999,8
user_9,tt1166100,8
user_9,tt1167638,7
user_9,tt1170358,10
user_9,tt1170402,5
user_9,tt1171701,8
user_9,tt1171709,1
user_9,tt1172570,8
user_9,tt1174041,3
user_9,tt1174730,8
user_9,tt1174732,7
user_9,tt1175491,6
user_9,tt1176740,6
user_9,tt1179034,7
user_9,tt1179056,5
user_9,tt1179891,7
user_9,tt1179904,6
user_9,tt1179933,8
user_9,tt1182345,9
user_9,tt1182350,5
user_9,tt1183732,7
user_9,tt1185416,7
user_9,tt1185420,7
user_9,tt1186788,5
user_9,tt1186830,7
user_9,tt1187043,8
user_9,tt1187064,7
user_9,tt1188729,7
user_9,tt1188996,9
user_9,tt1189073,6
user_9,tt1189340,8
user_9,tt1190080,6
user_9,tt1190539,8
user_9,tt1191111,7
user_9,tt1192628,7
user_9,tt1193138,7
user_9,tt1193631,6
user_9,tt1194173,7
user_9,tt1197624,5
user_9,tt1197628,7
user_9,tt1198138,5
user_9,tt1201167,6
user_9,tt1201607,7
user_9,tt1204340,6
user_9,tt1204342,6
user_9,tt1204975,8
user_9,tt1205489,8
user_9,tt1205535,6
user_9,tt1205537,7
user_9,tt1205558,6
user_9,tt1206543,7
user_9,tt1206885,7
user_9,tt1210042,7
user_9,tt1210166,7
user_9,tt1210819,6
user_9,tt1211837,7
user_9,tt1211956,7
user_9,tt1212428,7
user_9,tt1212450,8
user_9,tt1213641,7
user_9,tt1213644,4
user_9,tt1213648,6
user_9,tt1213663,7
user_9,tt1213672,8
user_9,tt1216475,7
user_9,tt1216487,7
user_9,tt1216492,7
user_9,tt1216496,8
user_9,tt1217209,6
user_9,tt1217213,9
user_9,tt1217613,7
user_9,tt1219289,8
user_9,tt1219342,5
user_9,tt1219827,7
user_9,tt1220198,7
user_9,tt1220634,7
user_9,tt1220719,7
user_9,tt1222817,7
user_9,tt1225822,6
user_9,tt1226229,7
user_9,tt1226232,6
user_9,tt1226236,7
user_9,tt1226271,8
user_9,tt1226681,6
user_9,tt1226753,6
user_9,tt1226837,10
user_9,tt1228705,6
user_9,tt1228987,8
user_9,tt1229238,9
user_9,tt1229340,6
user_9,tt1229381,6
user_9,tt1229822,7
user_9,tt1230385,7
user_9,tt1230414,7
user_9,tt1231583,5
user_9,tt1231587,8
user_9,tt1232200,6
user_9,tt1232829,9
user_9,tt1233227,5
user_9,tt1233301,7
user_9,tt1234541,5
user_9,tt1234548,7
user_9,tt1234654,7
user_9,tt1234721,7
user_9,tt1235124,7
user_9,tt1235166,6
user_9,tt1235522,6
user_9,tt1235536,4
user_9,tt1238291,5
user_9,tt1240982,5
user_9,tt1241317,5
user_9,tt1242422,9
user_9,tt1242432,7
user_9,tt1242460,7
user_9,tt1243957,5
user_9,tt1243974,6
user_9,tt1244658,4
user_9,tt1245112,7
user_9,tt1245492,6
user_9,tt1245526,8
user_9,tt1250777,7
user_9,tt1251743,9
user_9,tt1252596,8
user_9,tt1253863,5
user_9,tt1253864,5
user_9,tt1255919,3
user_9,tt1255953,9
user_9,tt1258120,7
user_9,tt1258141,6
user_9,tt1258197,7
user_9,tt1258623,5
user_9,tt1258972,6
user_9,tt1259199,7
user_9,tt1259521,7
user_9,tt1259528,7
user_9,tt1259571,6
user_9,tt1261945,5
user_9,tt1262416,7
user_9,tt1263670,7
user_9,tt1266029,6
user_9,tt1267297,8
user_9,tt1268799,6
user_9,tt1270262,6
user_9,tt1270797,8
user_9,tt1270798,8
user_9,tt1270835,6
user_9,tt1272878,7
user_9,tt1273235,4
user_9,tt1276104,9
user_9,tt1276419,8
user_9,tt1277728,7
user_9,tt1277953,7
user_9,tt1278340,5
user_9,tt1278379,7
user_9,tt1279935,7
user_9,tt1280558,10
user_9,tt1282139,9
user_9,tt1282140,8
user_9,tt1284575,4
user_9,tt1285016,7
user_9,tt1285130,9
user_9,tt1288403,5
user_9,tt1288558,6
user_9,tt1289401,6
user_9,tt1289403,6
user_9,tt1289406,7
user_9,tt1291150,7
user_9,tt1291570,5
user_9,tt1291580,8
user_9,tt1291584,9
user_9,tt1291652,5
user_9,tt1292566,7
user_9,tt1293829,5
user_9,tt1294213,7
user_9,tt1296898,6
user_9,tt1297919,5
user_9,tt1298649,6
user_9,tt1298650,6
user_9,tt1300851,6
user_9,tt1300854,7
user_9,tt1302006,8
user_9,tt1302011,6
user_9,tt1302067,4
user_9,tt1303828,7
user_9,tt1305806,9
user_9,tt1306980,8
user_9,tt1307068,6
user_9,tt1308729,4
user_9,tt1309379,4
user_9,tt1311067,4
user_9,tt1311071,9
user_9,tt1314655,7
user_9,tt1315981,6
user_9,tt1316037,1
user_9,tt1316078,8
user_9,tt1316622,3
user_9,tt1318514,7
user_9,tt1320082,8
user_9,tt1320244,4
user_9,tt1320253,7
user_9,tt1320261,5
user_9,tt1321509,5
user_9,tt1321870,5
user_9,tt1322269,9
user_9,tt1322312,5
user_9,tt1322930,6
user_9,tt1323045,5
user_9,tt1323594,7
user_9,tt1324055,7
user_9,tt1324999,7
user_9,tt1325004,7
user_9,tt1327194,6
user_9,tt1327773,5
user_9,tt1333125,5
user_9,tt1334260,6
user_9,tt1335975,5
user_9,tt1336617,7
user_9,tt1337057,7
user_9,tt1340138,7
user_9,tt1340800,6
user_9,tt1340834,5
user_9,tt1341167,7
user_9,tt1343076,4
user_9,tt1343092,7
user_9,tt1343727,8
user_9,tt1345836,8
user_9,tt1346961,5
user_9,tt1349451,6
user_9,tt1351685,6
user_9,tt1352388,4
user_9,tt1352824,6
user_9,tt1355630,6
user_9,tt1355631,6
user_9,tt1355644,7
user_9,tt1355683,8
user_9,tt1356825,8
user_9,tt1365050,9
user_9,tt1365519,6
user_9,tt1366344,5
user_9,tt1368858,3
user_9,tt1369706,6
user_9,tt1371111,9
user_9,tt1371150,8
user_9,tt1374989,5
user_9,tt1375666,8
user_9,tt1375670,7
user_9,tt1379182,7
user_9,tt1385826,6
user_9,tt1385867,6
user_9,tt1386588,6
user_9,tt1386691,7
user_9,tt1386697,6
user_9,tt1386703,6
user_9,tt1386932,7
user_9,tt1389072,6
user_9,tt1389137,7
user_9,tt1390411,8
user_9,tt1391137,5
user_9,tt1392170,9
user_9,tt1392190,8
user_9,tt1392214,8
user_9,tt1396218,6
user_9,tt1396484,8
user_9,tt1397280,7
user_9,tt1397514,5
user_9,tt1398426,8
user_9,tt1399103,7
user_9,tt1399683,8
user_9,tt1401143,7
user_9,tt1401152,8
user_9,tt1401636,8
user_9,tt1402488,6
user_9,tt1403214,7
user_9,tt1403865,9
user_9,tt1403981,7
user_9,tt1405365,8
user_9,tt1408101,7
user_9,tt1408253,5
user_9,tt1409024,7
user_9,tt1409090,2
user_9,tt1410063,7
user_9,tt1411238,6
user_9,tt1411250,7
user_9,tt1411664,4
user_9,tt1411697,5
user_9,tt1412386,10
user_9,tt1412528,8
user_9,tt1414382,7
user_9,tt1423894,7
user_9,tt1424310,7
user_9,tt1424381,6
user_9,tt1424797,9
user_9,tt1428459,7
user_9,tt1428538,7
user_9,tt1430132,8
user_9,tt1430612,6
user_9,tt1431045,8
user_9,tt1433108,6
user_9,tt1433811,6
user_9,tt1436045,8
user_9,tt1436562,7
user_9,tt1438173,7
user_9,tt1438176,7
user_9,tt1438254,6
user_9,tt1440129,7
user_9,tt1440161,8
user_9,tt1440728,5
user_9,tt1441326,7
user_9,tt1441395,6
user_9,tt1446192,8
user_9,tt1446714,8
user_9,tt1448755,5
user_9,tt1450321,7
user_9,tt1453405,7
user_9,tt1454029,9
user_9,tt1454468,7
user_9,tt1456635,7
user_9,tt1457766,4
user_9,tt1457767,8
user_9,tt1458175,8
user_9,tt1459040,7
user_9,tt1462758,8
user_9,tt1464540,7
user_9,tt1464580,4
user_9,tt1465522,8
user_9,tt1467304,5
user_9,tt1467391,6
user_9,tt1469304,6
user_9,tt1470023,6
user_9,tt1470827,7
user_9,tt1473832,6
user_9,tt1477076,5
user_9,tt1477834,6
user_9,tt1477837,5
user_9,tt1478338,6
user_9,tt1478964,5
user_9,tt1481363,7
user_9,tt1482459,7
user_9,tt1483013,8
user_9,tt1485698,7
user_9,tt1485796,7
user_9,tt1486185,5
user_9,tt1486834,8
user_9,tt1488555,6
user_9,tt1488606,8
user_9,tt1489887,6
user_9,tt1489889,6
user_9,tt1490017,9
user_9,tt1490785,5
user_9,tt1491044,7
user_9,tt1496025,4
user_9,tt1496422,5
user_9,tt1499658,7
user_9,tt1502397,7
user_9,tt1502404,6
user_9,tt1502407,6
user_9,tt1502712,3
user_9,tt1504320,7
user_9,tt1506459,5
user_9,tt1506999,8
user_9,tt1509767,5
user_9,tt1510686,5
user_9,tt1512685,5
user_9,tt1512894,7
user_9,tt1514041,6
user_9,tt1515091,5
user_9,tt1516598,2
user_9,tt1517260,6
user_9,tt1517451,7
user_9,tt1517561,7
user_9,tt1518812,6
user_9,tt1520863,5
user_9,tt1520956,6
user_9,tt1521197,7
user_9,tt1524134,3
user_9,tt1524137,6
user_9,tt1524930,6
user_9,tt1525915,5
user_9,tt1526741,6
user_9,tt1527186,8
user_9,tt1527788,7
user_9,tt1528071,7
user_9,tt1528100,7
user_9,tt1528854,7
user_9,tt1529572,6
user_9,tt1532503,8
user_9,tt1533084,5
user_9,tt1533749,7
user_9,tt1535108,6
user_9,tt1535109,9
user_9,tt1535612,5
user_9,tt1535970,8
user_9,tt1536044,4
user_9,tt1536537,8
user_9,tt1538403,7
user_9,tt1540011,7
user_9,tt1540133,8
user_9,tt1542344,6
user_9,tt1547234,6
user_9,tt1549572,6
user_9,tt1549920,6
user_9,tt1552224,5
user_9,tt1555093,5
user_9,tt1555149,7
user_9,tt1558877,8
user_9,tt1560220,6
user_9,tt1560747,7
user_9,tt1563738,9
user_9,tt1563776,2
user_9,tt1564367,7
user_9,tt1564585,4
user_9,tt1567437,9
user_9,tt1567448,7
user_9,tt1567609,7
user_9,tt1568338,6
user_9,tt1568346,9
user_9,tt1568911,8
user_9,tt1570728,9
user_9,tt1570989,6
user_9,tt1571222,7
user_9,tt1571234,7
user_9,tt1571249,7
user_9,tt1572315,5
user_9,tt1572491,7
user_9,tt1572916,8
user_9,tt1575694,7
user_9,tt1576423,5
user_9,tt1578275,6
user_9,tt1581835,7
user_9,tt1582507,5
user_9,tt1583420,7
user_9,tt1583421,4
user_9,tt1586752,7
user_9,tt1587310,6
user_9,tt1588170,10
user_9,tt1588173,6
user_9,tt1588398,6
user_9,tt1590193,6
user_9,tt1591095,6
user_9,tt1591479,6
user_9,tt1592525,6
user_9,tt1594562,6
user_9,tt1595833,7
user_9,tt1596343,8
user_9,tt1596345,6
user_9,tt1596346,8
user_9,tt1596350,6
user_9,tt1596363,9
user_9,tt1596365,5
user_9,tt1598642,6
user_9,tt1598778,7
user_9,tt1598822,6
user_9,tt1599348,6
user_9,tt1600195,4
user_9,tt1600196,7
user_9,tt1601913,5
user_9,tt1602613,5
user_9,tt1602620,6
user_9,tt1605630,7
user_9,tt1605717,8
user_9,tt1605783,6
user_9,tt1605798,6
user_9,tt1606378,4
user_9,tt1606389,7
user_9,tt1606392,8
user_9,tt1608285,7
user_9,tt1609492,7
user_9,tt1610996,7
user_9,tt1611224,7
user_9,tt1612774,6
user_9,tt1613750,7
user_9,tt1614989,8
user_9,tt1615065,9
user_9,tt1615147,5
user_9,tt1615160,8
user_9,tt1616195,7
user_9,tt1617661,5
user_9,tt1618434,7
user_9,tt1618442,6
user_9,tt1620719,8
user_9,tt1620933,8
user_9,tt1620935,7
user_9,tt1622547,4
user_9,tt1622979,4
user_9,tt1623205,5
user_9,tt1623288,6
user_9,tt1625346,8
user_9,tt1626146,7
user_9,tt1628841,3
user_9,tt1629757,8
user_9,tt1630036,8
user_9,tt1630235,8
user_9,tt1631867,9
user_9,tt1632708,5
user_9,tt1633356,5
user_9,tt1634106,5
user_9,tt1634121,6
user_9,tt1634122,5
user_9,tt1636826,8
user_9,tt1637688,8
user_9,tt1637706,7
user_9,tt1637725,8
user_9,tt1638002,6
user_9,tt1638355,7
user_9,tt1645080,5
user_9,tt1645131,4
user_9,tt1645170,7
user_9,tt1646959,6
user_9,tt1646971,9
user_9,tt1646987,5
user_9,tt1647668,6
user_9,tt1648112,5
user_9,tt1648179,6
user_9,tt1648190,4
user_9,tt1649419,6
user_9,tt1649444,3
user_9,tt1650062,7
user_9,tt1650536,9
user_9,tt1650554,7
user_9,tt1654523,6
user_9,tt1655420,7
user_9,tt1655441,7
user_9,tt1655442,9
user_9,tt1656190,6
user_9,tt1657507,5
user_9,tt1657510,7
user_9,tt1658797,6
user_9,tt1659337,9
user_9,tt1661199,6
user_9,tt1661382,6
user_9,tt1663202,9
user_9,tt1663662,6
user_9,tt1666801,6
user_9,tt1667307,5
user_9,tt1667353,4
user_9,tt1667852,6
user_9,tt1667889,8
user_9,tt1670345,6
user_9,tt1673434,7
user_9,tt1673702,7
user_9,tt1674771,6
user_9,tt1675192,8
user_9,tt1675434,9
user_9,tt1677720,8
user_9,tt1679335,5
user_9,tt1682180,6
user_9,tt1683526,7
user_9,tt1690953,8
user_9,tt1692214,7
user_9,tt1692486,7
user_9,tt1700841,5
user_9,tt1701990,6
user_9,tt1702014,9
user_9,tt1702425,7
user_9,tt1702439,6
user_9,tt1703199,6
user_9,tt1705952,5
user_9,tt1706593,6
user_9,tt1706620,7
user_9,tt1707386,7
user_9,tt1708532,5
user_9,tt1709143,5
user_9,tt1711525,6
user_9,tt1712261,8
user_9,tt1714206,8
user_9,tt1714209,5
user_9,tt1714915,8
user_9,tt1718747,7
user_9,tt1718903,5
user_9,tt1719665,5
user_9,tt1720616,7
user_9,tt1723121,6
user_9,tt1723811,8
user_9,tt1726738,7
user_9,tt1726861,8
user_9,tt1727388,8
user_9,tt1727776,5
user_9,tt1727824,10
user_9,tt1729637,5
user_9,tt1730768,8
user_9,tt1731141,6
user_9,tt1735485,7
user_9,tt1735898,6
user_9,tt1736633,8
user_9,tt1740707,8
user_9,tt1742334,8
user_9,tt1742650,5
user_9,tt1748122,8
user_9,tt1753496,7
user_9,tt1754656,9
user_9,tt1757831,3
user_9,tt1758595,5
user_9,tt1758830,7
user_9,tt1763303,7
user_9,tt1764183,7
user_9,tt1764234,5
user_9,tt1764651,7
user_9,tt1767354,6
user_9,tt1772264,9
user_9,tt1772341,8
user_9,tt1773389,7
user_9,tt1778304,6
user_9,tt1781769,8
user_9,tt1783232,8
user_9,tt1783423,4
user_9,tt1784600,4
user_9,tt1785635,5
user_9,tt1786751,6
user_9,tt1787988,7
user_9,tt1790809,8
user_9,tt1790864,9
user_9,tt1790885,8
user_9,tt1790886,7
user_9,tt1791528,7
user_9,tt1791682,5
user_9,tt1795369,10
user_9,tt1797348,6
user_9,tt1798188,6
user_9,tt1798243,8
user_9,tt1798684,6
user_9,tt1798709,9
user_9,tt1800241,7
user_9,tt1800246,7
user_9,tt1800302,7
user_9,tt1800741,7
user_9,tt1809398,7
user_9,tt1815708,2
user_9,tt1815862,5
user_9,tt1816608,3
user_9,tt1817273,8
user_9,tt1821549,7
user_9,tt1821694,6
user_9,tt1822255,7
user_9,tt1823664,5
user_9,tt1823672,6
user_9,tt1825157,6
user_9,tt1825683,6
user_9,tt1827512,8
user_9,tt1832382,9
user_9,tt1833845,6
user_9,tt1837562,7
user_9,tt1838544,7
user_9,tt1839492,5
user_9,tt1840309,6
user_9,tt1840417,8
user_9,tt1840911,7
user_9,tt1843866,8
user_9,tt1850397,6
user_9,tt1850457,7
user_9,tt1853728,8
user_9,tt1853739,5
user_9,tt1854564,6
user_9,tt1855199,8
user_9,tt1855325,5
user_9,tt1856101,8
user_9,tt1859650,7
user_9,tt1860213,7
user_9,tt1860242,7
user_9,tt1860353,6
user_9,tt1860357,7
user_9,tt1862079,8
user_9,tt1862472,6
user_9,tt1865505,9
user_9,tt1866249,6
user_9,tt1870529,8
user_9,tt1872181,6
user_9,tt1872194,7
user_9,tt1876277,8
user_9,tt1877832,8
user_9,tt1878841,6
user_9,tt1878870,7
user_9,tt1883367,3
user_9,tt1884312,5
user_9,tt1893256,5
user_9,tt1895315,8
user_9,tt1895587,6
user_9,tt1899240,7
user_9,tt1899353,8
user_9,tt1900908,4
user_9,tt1904996,7
user_9,tt1905041,7
user_9,tt1907668,8
user_9,tt1911644,8
user_9,tt1911658,8
user_9,tt1915581,6
user_9,tt1920997,10
user_9,tt1921064,5
user_9,tt1922685,7
user_9,tt1922777,6
user_9,tt1924396,8
user_9,tt1924429,6
user_9,tt1924435,5
user_9,tt1928330,5
user_9,tt1929263,7
user_9,tt1931435,5
user_9,tt1931533,8
user_9,tt1935179,7
user_9,tt1935859,8
user_9,tt1935902,6
user_9,tt1937390,8
user_9,tt1939659,7
user_9,tt1941478,7
user_9,tt1950186,7
user_9,tt1951181,7
user_9,tt1951261,7
user_9,tt1951264,7
user_9,tt1951265,8
user_9,tt1951266,7
user_9,tt1954470,7
user_9,tt1956620,6
user_9,tt1959490,6
user_9,tt1959563,6
user_9,tt1961175,8
user_9,tt1964418,6
user_9,tt1964624,8
user_9,tt1965065,5
user_9,tt1971325,6
user_9,tt1972571,5
user_9,tt1972591,7
user_9,tt1972779,5
user_9,tt1974419,5
user_9,tt1975159,4
user_9,tt1976009,5
user_9,tt1977895,7
user_9,tt1979320,9
user_9,tt1979376,10
user_9,tt1979388,6
user_9,tt1980209,7
user_9,tt1980929,7
user_9,tt1981115,7
user_9,tt1981128,5
user_9,tt1981677,7
user_9,tt1985949,7
user_9,tt1985966,9
user_9,tt1987680,7
user_9,tt1989485,5
user_9,tt1991245,6
user_9,tt1992258,7
user_9,tt1995390,5
user_9,tt1996264,7
user_9,tt1999910,7
user_9,tt1999995,7
user_9,tt2002718,4
user_9,tt2004420,5
user_9,tt2004432,6
user_9,tt2005151,9
user_9,tt2005374,6
user_9,tt2006181,6
user_9,tt2006295,6
user_9,tt2010914,6
user_9,tt2012011,6
user_9,tt2013293,8
user_9,tt2015381,8
user_9,tt2017020,6
user_9,tt2017038,7
user_9,tt2023587,7
user_9,tt2024432,5
user_9,tt2024469,7
user_9,tt2024544,8
user_9,tt2034800,5
user_9,tt2039338,6
user_9,tt2042568,7
user_9,tt2044729,6
user_9,tt2049543,7
user_9,tt2051879,6
user_9,tt2053463,7
user_9,tt2057392,8
user_9,tt2058673,6
user_9,tt2063626,5
user_9,tt2066051,10
user_9,tt2071550,5
user_9,tt2076298,8
user_9,tt2080374,6
user_9,tt2082197,6
user_9,tt2084970,9
user_9,tt2084989,6
user_9,tt2085930,3
user_9,tt2091384,7
user_9,tt2091473,9
user_9,tt2091935,7
user_9,tt2094766,5
user_9,tt2096672,7
user_9,tt2096673,6
user_9,tt2099556,5
user_9,tt2101341,5
user_9,tt2101441,7
user_9,tt2103254,4
user_9,tt2103267,5
user_9,tt2103281,8
user_9,tt2105044,6
user_9,tt2106361,7
user_9,tt2106476,9
user_9,tt2106651,4
user_9,tt2109184,4
user_9,tt2109248,6
user_9,tt2111392,6
user_9,tt2112124,7
user_9,tt2119532,8
user_9,tt2120120,3
user_9,tt2125435,7
user_9,tt2126355,6
user_9,tt2132285,4
user_9,tt2139555,6
user_9,tt2140373,6
user_9,tt2140379,8
user_9,tt2140479,7
user_9,tt2140619,5
user_9,tt2140629,7
user_9,tt2147365,5
user_9,tt2150209,8
user_9,tt2153891,8
user_9,tt2167202,5
user_9,tt2170439,8
user_9,tt2170593,8
user_9,tt2172934,6
user_9,tt2176013,7
user_9,tt2177771,7
user_9,tt2179116,8
user_9,tt2179136,6
user_9,tt2180411,6
user_9,tt2184339,5
user_9,tt2187153,7
user_9,tt2191701,6
user_9,tt2193215,6
user_9,tt2194499,8
user_9,tt2199571,9
user_9,tt2199711,9
user_9,tt2201548,6
user_9,tt2203939,6
user_9,tt2205697,8
user_9,tt2209418,8
user_9,tt2209764,8
user_9,tt2215477,6
user_9,tt2219514,9
user_9,tt2224026,7
user_9,tt2226417,7
user_9,tt2226597,8
user_9,tt2229499,6
user_9,tt2230358,5
user_9,tt2231461,6
user_9,tt2234003,8
user_9,tt2234011,6
user_9,tt2234155,4
user_9,tt2234370,3
user_9,tt2238050,4
user_9,tt2239822,7
user_9,tt2241351,7
user_9,tt2243621,5
user_9,tt2245084,8
user_9,tt2250912,7
user_9,tt2253939,5
user_9,tt2258337,10
user_9,tt2258345,6
user_9,tt2261331,7
user_9,tt2262227,8
user_9,tt2263944,8
user_9,tt2265171,6
user_9,tt2265398,8
user_9,tt2265534,6
user_9,tt2267968,8
user_9,tt2267998,8
user_9,tt2273657,7
user_9,tt2274648,4
user_9,tt2275946,6
user_9,tt2277860,8
user_9,tt2278388,9
user_9,tt2278871,6
user_9,tt2279373,4
user_9,tt2283336,5
user_9,tt2283362,8
user_9,tt2292625,7
user_9,tt2293640,7
user_9,tt2294449,9
user_9,tt2294629,7
user_9,tt2295564,7
user_9,tt2301900,5
user_9,tt2302755,7
user_9,tt2304933,4
user_9,tt2304953,5
user_9,tt2305051,7
user_9,tt2309048,4
user_9,tt2310332,7
user_9,tt2312718,7
user_9,tt2315226,8
user_9,tt2315582,7
user_9,tt2316204,6
user_9,tt2316411,6
user_9,tt2317337,7
user_9,tt2318092,5
user_9,tt2318268,5
user_9,tt2321549,6
user_9,tt2322441,4
user_9,tt2326612,7
user_9,tt2328819,9
user_9,tt2331143,9
user_9,tt2333784,8
user_9,tt2333804,7
user_9,tt2334649,9
user_9,tt2334873,7
user_9,tt2334879,7
user_9,tt2338151,9
user_9,tt2345759,7
user_9,tt2347569,7
user_9,tt2349144,6
user_9,tt2352802,5
user_9,tt2357129,7
user_9,tt2357291,8
user_9,tt2358891,8
user_9,tt2358925,6
user_9,tt2359024,7
user_9,tt2359810,9
user_9,tt2361509,7
user_9,tt2363213,7
user_9,tt2364841,6
user_9,tt2366608,6
user_9,tt2368553,7
user_9,tt2368619,5
user_9,tt2369135,6
user_9,tt2372222,6
user_9,tt2372251,5
user_9,tt2372678,7
user_9,tt2375559,8
user_9,tt2377322,7
user_9,tt2379713,7
user_9,tt2380207,7
user_9,tt2380307,8
user_9,tt2380331,7
user_9,tt2381111,7
user_9,tt2381249,9
user_9,tt2381941,8
user_9,tt2381991,7
user_9,tt2382009,6
user_9,tt2382396,8
user_9,tt2386490,10
user_9,tt2387433,7
user_9,tt2387499,8
user_9,tt2387559,5
user_9,tt2387589,6
user_9,tt2388715,9
user_9,tt2388771,6
user_9,tt2390361,5
user_9,tt2395427,7
user_9,tt2395469,6
user_9,tt2397535,6
user_9,tt2400463,9
user_9,tt2401807,5
user_9,tt2402101,7
user_9,tt2402157,7
user_9,tt2402927,7
user_9,tt2403021,6
user_9,tt2404181,4
user_9,tt2404233,5
user_9,tt2404311,6
user_9,tt2404425,6
user_9,tt2404435,7
user_9,tt2404463,6
user_9,tt2406566,7
user_9,tt2416424,6
user_9,tt2431286,6
user_9,tt2436386,6
user_9,tt2446042,6
user_9,tt2446980,6
user_9,tt2452254,8
user_9,tt2461150,6
user_9,tt2463288,6
user_9,tt2465308,7
user_9,tt2468774,6
user_9,tt2473510,4
user_9,tt2473794,8
user_9,tt2474024,8
user_9,tt2481498,8
user_9,tt2486678,8
user_9,tt2488496,6
user_9,tt2493486,7
user_9,tt2494280,8
user_9,tt2494362,7
user_9,tt2501366,3
user_9,tt2503944,6
user_9,tt2510894,6
user_9,tt2513344,7
user_9,tt2517658,8
user_9,tt2523832,7
user_9,tt2527336,5
user_9,tt2527338,7
user_9,tt2531344,6
user_9,tt2537176,5
user_9,tt2543164,7
user_9,tt2543336,6
user_9,tt2543472,8
user_9,tt2548396,5
user_9,tt2554274,7
user_9,tt2556308,9
user_9,tt2557478,6
user_9,tt2557490,4
user_9,tt2561572,5
user_9,tt2562232,7
user_9,tt2562726,5
user_9,tt2567026,6
user_9,tt2568862,6
user_9,tt2582496,9
user_9,tt2582782,7
user_9,tt2582802,9
user_9,tt2582846,7
user_9,tt2584018,6
user_9,tt2584384,7
user_9,tt2592614,6
user_9,tt2597892,4
user_9,tt2605474,6
user_9,tt2614684,8
user_9,tt2620590,5
user_9,tt2625030,8
user_9,tt2625810,6
user_9,tt2626350,6
user_9,tt2631186,8
user_9,tt2637276,7
user_9,tt2637294,5
user_9,tt2649554,7
user_9,tt2652092,9
user_9,tt2653804,5
user_9,tt2659414,10
user_9,tt2660888,8
user_9,tt2669336,6
user_9,tt2671706,7
user_9,tt2674426,8
user_9,tt2675914,6
user_9,tt2679042,6
user_9,tt2692250,6
user_9,tt2692904,6
user_9,tt2702724,5
user_9,tt2704998,6
user_9,tt2709692,7
user_9,tt2709768,8
user_9,tt2713180,9
user_9,tt2717822,8
user_9,tt2718492,8
user_9,tt2719848,7
user_9,tt2720680,8
user_9,tt2726560,9
user_9,tt2727322,8
user_9,tt2737050,8
user_9,tt2737304,6
user_9,tt2752200,6
user_9,tt2752772,5
user_9,tt2756032,5
user_9,tt2758880,8
user_9,tt2763304,7
user_9,tt2771200,8
user_9,tt2771372,6
user_9,tt2784678,7
user_9,tt2786278,8
user_9,tt2788710,9
user_9,tt2788716,5
user_9,tt2788732,7
user_9,tt2793490,6
user_9,tt2798920,7
user_9,tt2800340,6
user_9,tt2802144,9
user_9,tt2802154,8
user_9,tt2820852,8
user_9,tt2823054,6
user_9,tt2832470,6
user_9,tt2835548,6
user_9,tt2848292,5
user_9,tt2854926,9
user_9,tt2855648,9
user_9,tt2866360,9
user_9,tt2870612,7
user_9,tt2870756,7
user_9,tt2872718,7
user_9,tt2872732,7
user_9,tt2873282,8
user_9,tt2875926,7
user_9,tt2882328,6
user_9,tt2883512,6
user_9,tt2884018,7
user_9,tt2884206,6
user_9,tt2891174,7
user_9,tt2901896,4
user_9,tt2908446,8
user_9,tt2910274,6
user_9,tt2910814,7
user_9,tt2911666,7
user_9,tt2932536,6
user_9,tt2935510,5
user_9,tt2938956,6
user_9,tt2948356,10
user_9,tt2964120,9
user_9,tt2965466,7
user_9,tt2967224,5
user_9,tt2975578,7
user_9,tt2975590,8
user_9,tt2980516,7
user_9,tt2980592,7
user_9,tt2980648,8
user_9,tt2980794,7
user_9,tt2988490,6
user_9,tt2990126,5
user_9,tt2994190,7
user_9,tt2996684,5
user_9,tt3007512,7
user_9,tt3011894,9
user_9,tt3013602,7
user_9,tt3014284,7
user_9,tt3029558,9
user_9,tt3040964,7
user_9,tt3042408,8
user_9,tt3043252,7
user_9,tt3045616,5
user_9,tt3060492,6
user_9,tt3062096,5
user_9,tt3063516,7
user_9,tt3064298,8
user_9,tt3064620,6
user_9,tt3065204,7
user_9,tt3072482,6
user_9,tt3073256,9
user_9,tt3076658,8
user_9,tt3079380,7
user_9,tt3086442,7
user_9,tt3104988,8
user_9,tt3110958,6
user_9,tt3120280,6
user_9,tt3148502,7
user_9,tt3149038,7
user_9,tt3152624,7
user_9,tt3157224,7
user_9,tt3165612,7
user_9,tt3168230,6
user_9,tt3169706,9
user_9,tt3170832,10
user_9,tt3175888,8
user_9,tt3179568,4
user_9,tt3183660,8
user_9,tt3195644,7
user_9,tt3201640,5
user_9,tt3202890,3
user_9,tt3203606,7
user_9,tt3205376,4
user_9,tt3212904,5
user_9,tt3216348,7
user_9,tt3230668,7
user_9,tt3233224,6
user_9,tt3235888,8
user_9,tt3247714,9
user_9,tt3255590,6
user_9,tt3259474,7
user_9,tt3262342,9
user_9,tt3263904,9
user_9,tt3276924,6
user_9,tt3278224,7
user_9,tt3278330,7
user_9,tt3281548,9
user_9,tt3289712,6
user_9,tt3289956,8
user_9,tt3300542,6
user_9,tt3303730,6
user_9,tt3315342,8
user_9,tt3316960,8
user_9,tt3319730,6
user_9,tt3321300,7
user_9,tt3322364,5
user_9,tt3322420,6
user_9,tt3322940,4
user_9,tt3332064,7
user_9,tt3335606,6
user_9,tt3339624,4
user_9,tt3348730,6
user_9,tt3365778,7
user_9,tt3371366,6
user_9,tt3381008,7
user_9,tt3385516,6
user_9,tt3387520,5
user_9,tt3393070,4
user_9,tt3393786,7
user_9,tt3395184,7
user_9,tt3397884,6
user_9,tt3398268,7
user_9,tt3402236,9
user_9,tt3410834,5
user_9,tt3416532,6
user_9,tt3416742,10
user_9,tt3416744,9
user_9,tt3417422,8
user_9,tt3450958,8
user_9,tt3460252,7
user_9,tt3461252,7
user_9,tt3464902,6
user_9,tt3465996,6
user_9,tt3467412,7
user_9,tt3469046,7
user_9,tt3469964,8
user_9,tt3470600,6
user_9,tt3471098,7
user_9,tt3479316,5
user_9,tt3488710,8
user_9,tt3495644,8
user_9,tt3498820,9
user_9,tt3499096,4
user_9,tt3501632,8
user_9,tt3504048,7
user_9,tt3513498,7
user_9,tt3521126,9
user_9,tt3521164,9
user_9,tt3522806,6
user_9,tt3526286,3
user_9,tt3531824,5
user_9,tt3532216,6
user_9,tt3540420,7
user_9,tt3544082,8
user_9,tt3544112,9
user_9,tt3553378,5
user_9,tt3553442,6
user_9,tt3553976,8
user_9,tt3564200,5
user_9,tt3567288,7
user_9,tt3569230,8
user_9,tt3598108,5
user_9,tt3605418,5
user_9,tt3606756,7
user_9,tt3622110,3
user_9,tt3622592,8
user_9,tt3628584,6
user_9,tt3631112,5
user_9,tt3640424,8
user_9,tt3645988,6
user_9,tt3646462,10
user_9,tt3658772,5
user_9,tt3659388,8
user_9,tt3666024,8
user_9,tt3672742,8
user_9,tt3676026,6
user_9,tt3679060,5
user_9,tt3682448,7
user_9,tt3685586,6
user_9,tt3691740,5
user_9,tt3698408,7
user_9,tt3705412,7
user_9,tt3707104,5
user_9,tt3708886,6
user_9,tt3713166,5
user_9,tt3715320,5
user_9,tt3717490,5
user_9,tt3721936,8
user_9,tt3722234,8
user_9,tt3731562,6
user_9,tt3741700,6
user_9,tt3741834,7
user_9,tt3742378,8
user_9,tt3748528,9
user_9,tt3754940,5
user_9,tt3766354,8
user_9,tt3767372,7
user_9,tt3774114,8
user_9,tt3778644,6
user_9,tt3783958,7
user_9,tt3794354,7
user_9,tt3799694,8
user_9,tt3808342,6
user_9,tt3816458,6
user_9,tt3819668,8
user_9,tt3829266,5
user_9,tt3829920,8
user_9,tt3844876,7
user_9,tt3846674,8
user_9,tt3850214,9
user_9,tt3861390,7
user_9,tt3863552,9
user_9,tt3874544,6
user_9,tt3881784,7
user_9,tt3882082,7
user_9,tt3890160,8
user_9,tt3890264,7
user_9,tt3896198,8
user_9,tt3922818,6
user_9,tt3949660,7
user_9,tt3967856,8
user_9,tt3978720,7
user_9,tt3986820,6
user_9,tt4003440,7
user_9,tt4005402,8
user_9,tt4016934,6
user_9,tt4026600,3
user_9,tt4030600,3
user_9,tt4034228,6
user_9,tt4034354,6
user_9,tt4046784,6
user_9,tt4052882,7
user_9,tt4054952,7
user_9,tt4062536,6
user_9,tt4065212,6
user_9,tt4073790,7
user_9,tt4080728,7
user_9,tt4085084,7
user_9,tt4086018,6
user_9,tt4088588,7
user_9,tt4094724,6
user_9,tt4105970,4
user_9,tt4106376,5
user_9,tt4107858,7
user_9,tt4116284,7
user_9,tt4118606,6
user_9,tt4123430,6
user_9,tt4130944,7
user_9,tt4131800,7
user_9,tt4154664,7
user_9,tt4154756,8
user_9,tt4154796,9
user_9,tt4158096,7
user_9,tt4160708,5
user_9,tt4163636,7
user_9,tt4169250,9
user_9,tt4172430,6
user_9,tt4178092,7
user_9,tt4189442,6
user_9,tt4190530,8
user_9,tt4191580,8
user_9,tt4192740,6
user_9,tt4195148,5
user_9,tt4195278,7
user_9,tt4196776,7
user_9,tt4209788,7
user_9,tt4217392,6
user_9,tt4255304,5
user_9,tt4257926,7
user_9,tt4262980,6
user_9,tt4263482,8
user_9,tt4276752,7
user_9,tt4276820,7
user_9,tt4287320,6
user_9,tt4299300,8
user_9,tt4302938,9
user_9,tt4309356,7
user_9,tt4326444,6
user_9,tt4341532,5
user_9,tt4361050,7
user_9,tt4364194,8
user_9,tt4370784,6
user_9,tt4385888,9
user_9,tt4400028,7
user_9,tt4404474,2
user_9,tt4425200,7
user_9,tt4430212,7
user_9,tt4431326,4
user_9,tt4434004,7
user_9,tt4438848,6
user_9,tt4439120,6
user_9,tt4459156,7
user_9,tt4472020,8
user_9,tt4481414,7
user_9,tt4481514,7
user_9,tt4485806,4
user_9,tt4500922,6
user_9,tt4501244,7
user_9,tt4511200,7
user_9,tt4513316,8
user_9,tt4520364,7
user_9,tt4520988,8
user_9,tt4530422,6
user_9,tt4540710,9
user_9,tt4547056,6
user_9,tt4547194,8
user_9,tt4549224,7
user_9,tt4550098,9
user_9,tt4555426,7
user_9,tt4559006,4
user_9,tt4560436,5
user_9,tt4562518,6
user_9,tt4572514,9
user_9,tt4595882,7
user_9,tt4622512,6
user_9,tt4624424,6
user_9,tt4630562,6
user_9,tt4633694,8
user_9,tt4635372,9
user_9,tt4649466,7
user_9,tt4651520,8
user_9,tt4669264,7
user_9,tt4682786,7
user_9,tt4685806,4
user_9,tt4686844,7
user_9,tt4687108,6
user_9,tt4695012,5
user_9,tt4698684,8
user_9,tt4701182,6
user_9,tt4714568,7
user_9,tt4714782,6
user_9,tt4729430,8
user_9,tt4731136,6
user_9,tt4731148,6
user_9,tt4761916,5
user_9,tt4769836,5
user_9,tt4776998,7
user_9,tt4777008,5
user_9,tt4779682,5
user_9,tt4786282,7
user_9,tt4795124,4
user_9,tt4819498,5
user_9,tt4824302,7
user_9,tt4832640,8
user_9,tt4846232,7
user_9,tt4846340,8
user_9,tt4849438,9
user_9,tt4857264,9
user_9,tt4877122,4
user_9,tt4881806,8
user_9,tt4882376,8
user_9,tt4900716,10
user_9,tt4901306,9
user_9,tt4912910,5
user_9,tt4925292,7
user_9,tt4954522,7
user_9,tt4961380,6
user_9,tt4964788,5
user_9,tt4972582,7
user_9,tt4975722,9
user_9,tt4986098,5
user_9,tt4987556,9
user_9,tt4991384,9
user_9,tt4995790,7
user_9,tt5009236,8
user_9,tt5013056,8
user_9,tt5022702,6
user_9,tt5027774,9
user_9,tt5028340,5
user_9,tt5033998,4
user_9,tt5034266,8
user_9,tt5046534,9
user_9,tt5052448,7
user_9,tt5052474,7
user_9,tt5057140,4
user_9,tt5073642,5
user_9,tt5074352,9
user_9,tt5078204,7
user_9,tt5083738,8
user_9,tt5086104,9
user_9,tt5095030,6
user_9,tt5098128,9
user_9,tt5104604,7
user_9,tt5109784,7
user_9,tt5113040,7
user_9,tt5121000,6
user_9,tt5121816,5
user_9,tt5140878,8
user_9,tt5143226,8
user_9,tt5160928,6
user_9,tt5164214,6
user_9,tt5164432,10
user_9,tt5175450,7
user_9,tt5183654,4
user_9,tt5186714,8
user_9,tt5208252,6
user_9,tt5229228,8
user_9,tt5246700,4
user_9,tt5247022,6
user_9,tt5254868,4
user_9,tt5255710,9
user_9,tt5271432,7
user_9,tt5294550,7
user_9,tt5301662,7
user_9,tt5304992,7
user_9,tt5308322,9
user_9,tt5311514,7
user_9,tt5314190,7
user_9,tt5322012,4
user_9,tt5325604,6
user_9,tt5333612,10
user_9,tt5339418,7
user_9,tt5351576,7
user_9,tt5362988,7
user_9,tt5372528,8
user_9,tt5390066,5
user_9,tt5390504,7
user_9,tt5397194,6
user_9,tt5431082,9
user_9,tt5439796,8
user_9,tt5442430,6
user_9,tt5461944,6
user_9,tt5462602,8
user_9,tt5463162,7
user_9,tt5478478,7
user_9,tt5486552,6
user_9,tt5503686,7
user_9,tt5516328,6
user_9,tt5519340,6
user_9,tt5536736,8
user_9,tt5541240,7
user_9,tt5563334,7
user_9,tt5565818,6
user_9,tt5580036,9
user_9,tt5580390,10
user_9,tt5592248,6
user_9,tt5606664,7
user_9,tt5607714,8
user_9,tt5610554,7
user_9,tt5613484,9
user_9,tt5635086,7
user_9,tt5649144,10
user_9,tt5657846,6
user_9,tt5657856,6
user_9,tt5700672,9
user_9,tt5715874,7
user_9,tt5719748,7
user_9,tt5723272,7
user_9,tt5723286,4
user_9,tt5726616,7
user_9,tt5727208,6
user_9,tt5758778,4
user_9,tt5771710,5
user_9,tt5774450,7
user_9,tt5775536,6
user_9,tt5776858,7
user_9,tt5777802,6
user_9,tt5796516,5
user_9,tt5813366,6
user_9,tt5813916,9
user_9,tt5814060,6
user_9,tt5827496,7
user_9,tt5842802,6
user_9,tt5848272,8
user_9,tt5884052,5
user_9,tt5886046,8
user_9,tt5886440,8
user_9,tt5923962,8
user_9,tt5932728,7
user_9,tt5946128,7
user_9,tt5954304,6
user_9,tt5988370,4
user_9,tt5989218,10
user_9,tt5989220,6
user_9,tt5996682,5
user_9,tt5997666,5
user_9,tt6017942,6
user_9,tt6046754,5
user_9,tt6053948,7
user_9,tt6060156,7
user_9,tt6062774,7
user_9,tt6067752,8
user_9,tt6069162,6
user_9,tt6074834,10
user_9,tt6095472,8
user_9,tt6105098,7
user_9,tt6108178,7
user_9,tt6116856,8
user_9,tt6129302,7
user_9,tt6133466,5
user_9,tt6139494,9
user_9,tt6139732,7
user_9,tt6141246,7
user_9,tt6146586,5
user_9,tt6155172,8
user_9,tt6182078,6
user_9,tt6189022,6
user_9,tt6195094,6
user_9,tt6212984,9
user_9,tt6214928,6
user_9,tt6215446,5
user_9,tt6217804,5
user_9,tt6263490,4
user_9,tt6266538,6
user_9,tt6288124,7
user_9,tt6290798,7
user_9,tt6294822,8
user_9,tt6306064,8
user_9,tt6320628,8
user_9,tt6343314,7
user_9,tt6352548,7
user_9,tt6394270,8
user_9,tt6408226,6
user_9,tt6412452,7
user_9,tt6450804,6
user_9,tt6476140,7
user_9,tt6491178,7
user_9,tt6499752,7
user_9,tt6513120,10
user_9,tt6513656,3
user_9,tt6565702,7
user_9,tt6628394,6
user_9,tt6644200,8
user_9,tt6647564,3
user_9,tt6679794,7
user_9,tt6738136,7
user_9,tt6749318,4
user_9,tt6751668,9
user_9,tt6769280,5
user_9,tt6777370,7
user_9,tt6791096,5
user_9,tt6792282,8
user_9,tt6803046,4
user_9,tt6806448,8
user_9,tt6823368,8
user_9,tt6850820,4
user_9,tt6852872,4
user_9,tt6857112,7
user_9,tt6857166,5
user_9,tt6904340,5
user_9,tt6911608,8
user_9,tt6914122,9
user_9,tt6916362,7
user_9,tt6924650,8
user_9,tt6958212,7
user_9,tt6966692,8
user_9,tt6998518,7
user_9,tt7040874,5
user_9,tt7043012,6
user_9,tt7048622,7
user_9,tt7060344,8
user_9,tt7060460,9
user_9,tt7095482,7
user_9,tt7131622,9
user_9,tt7146812,8
user_9,tt7153766,6
user_9,tt7204348,8
user_9,tt7205938,6
user_9,tt7221896,1
user_9,tt7232438,5
user_9,tt7286456,10
user_9,tt7286836,5
user_9,tt7315484,5
user_9,tt7329656,4
user_9,tt7342204,8
user_9,tt7343762,6
user_9,tt7349662,8
user_9,tt7349950,8
user_9,tt7363076,8
user_9,tt7374948,7
user_9,tt7401588,9
user_9,tt7403614,6
user_9,tt7431594,2
user_9,tt7476116,7
user_9,tt7489816,5
user_9,tt7504726,7
user_9,tt7510346,4
user_9,tt7556122,7
user_9,tt7608418,7
user_9,tt7613996,6
user_9,tt7653254,9
user_9,tt7668842,5
user_9,tt7668870,7
user_9,tt7689310,7
user_9,tt7690670,4
user_9,tt7713068,7
user_9,tt7721800,7
user_9,tt7734218,8
user_9,tt7752126,6
user_9,tt7784604,7
user_9,tt7798634,6
user_9,tt7869070,5
user_9,tt7886848,2
user_9,tt7959026,6
user_9,tt7975244,6
user_9,tt7984734,8
user_9,tt7984766,7
user_9,tt7994188,6
user_9,tt8065796,9
user_9,tt8079248,9
user_9,tt8106534,6
user_9,tt8108196,6
user_9,tt8108198,8
user_9,tt8108274,8
user_9,tt8110330,10
user_9,tt8110640,7
user_9,tt8130968,8
user_9,tt8134742,6
user_9,tt8185004,10
user_9,tt8223844,7
user_9,tt8228288,7
user_9,tt8236336,7
user_9,tt8236588,4
user_9,tt8239946,9
user_9,tt8244784,6
user_9,tt8246392,6
user_9,tt8304386,5
user_9,tt8333978,8
user_9,tt8335880,7
user_9,tt8350360,7
user_9,tt8367814,8
user_9,tt8404614,7
user_9,tt8426182,3
user_9,tt8579674,9
user_9,tt8580274,6
user_9,tt8589792,5
user_9,tt8613070,9
user_9,tt8652728,8
user_9,tt8663516,6
user_9,tt8772262,6
user_9,tt8936646,7
user_9,tt8946378,9
user_9,tt8983202,6
user_9,tt9000224,4
user_9,tt9052936,7
user_9,tt9071322,9
user_9,tt9076562,6
user_9,tt9124428,9
user_9,tt9179230,8
user_9,tt9208444,4
user_9,tt9243946,7
user_9,tt9419834,4
user_9,tt9526822,7
user_9,tt9562694,4
user_9,tt9586294,7
user_9,tt9779516,7
user_9,tt9806192,7
user_9,tt9831136,5
user_10,tt0006780,6
user_10,tt0009968,7
user_10,tt0010040,7
user_10,tt0012349,7
user_10,tt0013442,7
user_10,tt0015016,8
user_10,tt0015864,9
user_10,tt0016142,6
user_10,tt0016493,5
user_10,tt0016847,8
user_10,tt0017136,9
user_10,tt0017925,7
user_10,tt0018876,5
user_10,tt0019254,8
user_10,tt0019563,7
user_10,tt0019702,8
user_10,tt0019777,8
user_10,tt0020640,8
user_10,tt0021636,9
user_10,tt0021749,9
user_10,tt0022100,8
user_10,tt0023285,7
user_10,tt0023427,9
user_10,tt0023563,9
user_10,tt0023775,8
user_10,tt0023935,7
user_10,tt0023969,8
user_10,tt0024166,7
user_10,tt0024170,5
user_10,tt0024216,10
user_10,tt0024421,6
user_10,tt0024593,6
user_10,tt0025316,8
user_10,tt0025493,8
user_10,tt0025607,8
user_10,tt0025878,7
user_10,tt0025929,8
user_10,tt0026029,7
user_10,tt0026261,8
user_10,tt0027521,6
user_10,tt0027623,7
user_10,tt0027660,6
user_10,tt0027977,10
user_10,tt0027996,6
user_10,tt0028847,7
user_10,tt0028988,8
user_10,tt0029583,8
user_10,tt0029650,7
user_10,tt0029695,6
user_10,tt0029843,6
user_10,tt0029870,9
user_10,tt0030231,4
user_10,tt0030637,7
user_10,tt0030993,8
user_10,tt0031335,7
user_10,tt0031381,7
user_10,tt0031448,9
user_10,tt0031507,5
user_10,tt0031514,8
user_10,tt0031679,8
user_10,tt0031842,8
user_10,tt0031983,6
user_10,tt0031996,6
user_10,tt0032138,8
user_10,tt0032145,8
user_10,tt0032455,8
user_10,tt0032484,7
user_10,tt0032551,8
user_10,tt0032553,7
user_10,tt0032558,6
user_10,tt0032599,8
user_10,tt0032881,6
user_10,tt0032904,8
user_10,tt0032910,9
user_10,tt0032976,8
user_10,tt0033028,7
user_10,tt0033105,7
user_10,tt0033407,7
user_10,tt0033467,7
user_10,tt0033563,7
user_10,tt0033717,6
user_10,tt0033723,8
user_10,tt0033870,8
user_10,tt0034224,7
user_10,tt0034248,7
user_10,tt0034274,6
user_10,tt0034398,7
user_10,tt0034492,7
user_10,tt0034583,9
user_10,tt0034591,10
user_10,tt0034891,8
user_10,tt0034936,6
user_10,tt0035017,8
user_10,tt0035092,8
user_10,tt0035160,6
user_10,tt0035423,7
user_10,tt0035700,6
user_10,tt0036342,10
user_10,tt0036613,9
user_10,tt0036775,7
user_10,tt0036818,9
user_10,tt0037008,8
user_10,tt0037084,4
user_10,tt0037558,9
user_10,tt0037884,9
user_10,tt0038032,8
user_10,tt0038104,6
user_10,tt0038270,5
user_10,tt0038348,9
user_10,tt0038650,9
user_10,tt0038669,8
user_10,tt0038787,8
user_10,tt0038991,6
user_10,tt0039208,9
user_10,tt0039312,6
user_10,tt0039416,8
user_10,tt0039677,7
user_10,tt0039822,8
user_10,tt0040160,6
user_10,tt0040506,7
user_10,tt0040522,8
user_10,tt0040536,7
user_10,tt0040725,9
user_10,tt0040746,7
user_10,tt0040897,9
user_10,tt0040979,8
user_10,tt0041113,7
user_10,tt0041232,8
user_10,tt0041594,6
user_10,tt0041699,7
user_10,tt0041719,8
user_10,tt0041959,9
user_10,tt0042192,7
user_10,tt0042332,7
user_10,tt0042395,9
user_10,tt0042530,8
user_10,tt0042832,8
user_10,tt0042876,8
user_10,tt0043014,9
user_10,tt0043265,7
user_10,tt0043274,7
user_10,tt0043278,7
user_10,tt0044008,10
user_10,tt0044079,7
user_10,tt0044081,10
user_10,tt0044125,7
user_10,tt0044420,6
user_10,tt0044486,7
user_10,tt0044706,8
user_10,tt0045152,9
user_10,tt0045296,9
user_10,tt0045361,5
user_10,tt0045468,8
user_10,tt0045793,7
user_10,tt0045808,6
user_10,tt0045883,7
user_10,tt0045963,6
user_10,tt0046183,8
user_10,tt0046198,6
user_10,tt0046250,9
user_10,tt0046303,9
user_10,tt0046359,9
user_10,tt0046374,7
user_10,tt0046429,6
user_10,tt0046438,8
user_10,tt0046806,8
user_10,tt0046911,9
user_10,tt0046912,8
user_10,tt0047034,8
user_10,tt0047073,7
user_10,tt0047296,7
user_10,tt0047396,8
user_10,tt0047422,8
user_10,tt0047445,9
user_10,tt0047478,8
user_10,tt0047522,6
user_10,tt0047528,8
user_10,tt0047674,6
user_10,tt0048280,7
user_10,tt0048308,9
user_10,tt0048424,8
user_10,tt0048452,8
user_10,tt0048545,7
user_10,tt0048554,5
user_10,tt0048613,8
user_10,tt0048641,8
user_10,tt0048728,10
user_10,tt0049107,7
user_10,tt0049261,6
user_10,tt0049287,1
user_10,tt0049291,7
user_10,tt0049406,7
user_10,tt0049513,8
user_10,tt0049833,7
user_10,tt0049839,8
user_10,tt0050083,9
user_10,tt0050212,9
user_10,tt0050781,8
user_10,tt0050783,8
user_10,tt0050825,10
user_10,tt0050976,8
user_10,tt0050986,8
user_10,tt0050987,7
user_10,tt0051111,8
user_10,tt0051201,7
user_10,tt0051418,5
user_10,tt0051429,7
user_10,tt0051525,7
user_10,tt0051713,9
user_10,tt0051845,5
user_10,tt0052077,4
user_10,tt0052311,6
user_10,tt0052357,8
user_10,tt0052561,7
user_10,tt0052618,7
user_10,tt0053125,9
user_10,tt0053198,8
user_10,tt0053221,7
user_10,tt0053226,7
user_10,tt0053285,7
user_10,tt0053291,7
user_10,tt0053472,9
user_10,tt0053604,6
user_10,tt0053622,8
user_10,tt0053716,6
user_10,tt0053729,7
user_10,tt0053946,8
user_10,tt0054047,9
user_10,tt0054215,8
user_10,tt0054331,9
user_10,tt0054484,4
user_10,tt0054698,9
user_10,tt0054701,5
user_10,tt0054881,6
user_10,tt0054885,8
user_10,tt0054953,8
user_10,tt0055024,6
user_10,tt0055032,9
user_10,tt0055233,8
user_10,tt0055253,6
user_10,tt0055254,8
user_10,tt0055614,7
user_10,tt0055630,8
user_10,tt0055774,8
user_10,tt0055798,9
user_10,tt0055824,8
user_10,tt0055858,6
user_10,tt0055928,7
user_10,tt0056111,9
user_10,tt0056172,7
user_10,tt0056193,6
user_10,tt0056197,8
user_10,tt0056217,7
user_10,tt0056443,8
user_10,tt0056592,9
user_10,tt0056687,10
user_10,tt0056732,8
user_10,tt0056801,8
user_10,tt0056869,6
user_10,tt0056937,8
user_10,tt0057012,9
user_10,tt0057076,9
user_10,tt0057115,7
user_10,tt0057129,8
user_10,tt0057171,8
user_10,tt0057193,8
user_10,tt0057197,7
user_10,tt0057345,9
user_10,tt0057372,6
user_10,tt0057413,7
user_10,tt0057546,8
user_10,tt0057565,9
user_10,tt0057869,10
user_10,tt0057877,8
user_10,tt0058150,7
user_10,tt0058182,7
user_10,tt0058234,6
user_10,tt0058331,7
user_10,tt0058343,6
user_10,tt0058385,8
user_10,tt0058414,9
user_10,tt0058450,7
user_10,tt0058456,7
user_10,tt0058461,7
user_10,tt0058525,6
user_10,tt0058620,6
user_10,tt0058898,7
user_10,tt0058933,6
user_10,tt0058946,9
user_10,tt0059113,9
user_10,tt0059227,6
user_10,tt0059390,6
user_10,tt0059578,9
user_10,tt0059646,6
user_10,tt0059711,9
user_10,tt0059742,7
user_10,tt0059749,7
user_10,tt0059800,6
user_10,tt0060143,9
user_10,tt0060188,5
user_10,tt0060196,10
user_10,tt0060307,7
user_10,tt0060315,7
user_10,tt0060753,5
user_10,tt0060827,7
user_10,tt0060955,7
user_10,tt0060959,9
user_10,tt0061089,8
user_10,tt0061107,7
user_10,tt0061184,8
user_10,tt0061385,8
user_10,tt0061418,9
user_10,tt0061512,9
user_10,tt0061578,9
user_10,tt0061611,7
user_10,tt0061619,9
user_10,tt0061655,8
user_10,tt0061722,8
user_10,tt0061735,7
user_10,tt0061744,8
user_10,tt0061747,6
user_10,tt0061811,9
user_10,tt0061852,9
user_10,tt0062136,7
user_10,tt0062229,7
user_10,tt0062322,7
user_10,tt0062376,9
user_10,tt0062395,5
user_10,tt0062512,7
user_10,tt0062622,8
user_10,tt0062666,6
user_10,tt0062711,5
user_10,tt0063350,7
user_10,tt0063374,8
user_10,tt0063385,7
user_10,tt0063415,8
user_10,tt0063442,9
user_10,tt0063522,7
user_10,tt0063555,8
user_10,tt0064072,8
user_10,tt0064115,6
user_10,tt0064116,8
user_10,tt0064276,6
user_10,tt0064425,6
user_10,tt0064505,9
user_10,tt0064541,8
user_10,tt0064622,6
user_10,tt0064665,8
user_10,tt0064757,6
user_10,tt0064861,7
user_10,tt0065152,7
user_10,tt0065421,8
user_10,tt0065451,6
user_10,tt0065462,7
user_10,tt0065491,6
user_10,tt0065670,10
user_10,tt0065718,7
user_10,tt0065832,3
user_10,tt0065938,7
user_10,tt0066011,7
user_10,tt0066026,8
user_10,tt0066206,8
user_10,tt0066380,6
user_10,tt0066518,8
user_10,tt0066763,10
user_10,tt0066817,7
user_10,tt0066819,8
user_10,tt0066921,9
user_10,tt0066995,8
user_10,tt0066999,8
user_10,tt0067069,6
user_10,tt0067116,8
user_10,tt0067185,10
user_10,tt0067525,5
user_10,tt0067588,7
user_10,tt0067756,7
user_10,tt0067919,8
user_10,tt0067927,6
user_10,tt0067992,7
user_10,tt0068309,6
user_10,tt0068408,6
user_10,tt0068473,8
user_10,tt0068519,9
user_10,tt0068646,9
user_10,tt0068699,8
user_10,tt0068732,7
user_10,tt0068762,9
user_10,tt0068767,6
user_10,tt0068768,6
user_10,tt0068935,8
user_10,tt0068970,5
user_10,tt0069050,6
user_10,tt0069282,7
user_10,tt0069467,7
user_10,tt0069495,10
user_10,tt0069704,7
user_10,tt0069822,8
user_10,tt0069947,7
user_10,tt0070034,9
user_10,tt0070047,10
user_10,tt0070215,10
user_10,tt0070233,8
user_10,tt0070328,9
user_10,tt0070334,8
user_10,tt0070511,10
user_10,tt0070608,6
user_10,tt0070666,6
user_10,tt0070698,7
user_10,tt0070735,9
user_10,tt0070791,7
user_10,tt0070849,8
user_10,tt0070917,8
user_10,tt0071222,6
user_10,tt0071230,8
user_10,tt0071269,7
user_10,tt0071315,7
user_10,tt0071336,5
user_10,tt0071360,8
user_10,tt0071408,7
user_10,tt0071464,6
user_10,tt0071500,7
user_10,tt0071524,7
user_10,tt0071562,7
user_10,tt0071711,7
user_10,tt0071807,5
user_10,tt0071853,9
user_10,tt0071877,8
user_10,tt0072081,8
user_10,tt0072133,6
user_10,tt0072271,7
user_10,tt0072308,7
user_10,tt0072431,5
user_10,tt0072684,9
user_10,tt0072730,6
user_10,tt0072783,7
user_10,tt0072856,7
user_10,tt0072890,8
user_10,tt0073195,8
user_10,tt0073206,7
user_10,tt0073208,6
user_10,tt0073386,5
user_10,tt0073486,9
user_10,tt0073582,7
user_10,tt0073629,8
user_10,tt0073636,8
user_10,tt0073650,5
user_10,tt0073705,6
user_10,tt0073906,9
user_10,tt0074119,9
user_10,tt0074156,7
user_10,tt0074157,5
user_10,tt0074285,9
user_10,tt0074360,8
user_10,tt0074483,9
user_10,tt0074486,10
user_10,tt0074512,7
user_10,tt0074812,6
user_10,tt0074860,8
user_10,tt0074896,8
user_10,tt0074958,7
user_10,tt0075005,8
user_10,tt0075029,9
user_10,tt0075066,6
user_10,tt0075147,6
user_10,tt0075148,7
user_10,tt0075314,9
user_10,tt0075612,8
user_10,tt0075686,9
user_10,tt0075860,7
user_10,tt0075902,6
user_10,tt0075909,6
user_10,tt0075931,6
user_10,tt0076095,7
user_10,tt0076162,8
user_10,tt0076245,6
user_10,tt0076276,7
user_10,tt0076504,6
user_10,tt0076723,9
user_10,tt0076734,8
user_10,tt0076752,6
user_10,tt0076759,9
user_10,tt0076845,9
user_10,tt0076877,7
user_10,tt0077248,8
user_10,tt0077269,6
user_10,tt0077402,7
user_10,tt0077405,8
user_10,tt0077416,9
user_10,tt0077505,6
user_10,tt0077559,8
user_10,tt0077572,7
user_10,tt0077588,6
user_10,tt0077597,5
user_10,tt0077629,5
user_10,tt0077631,7
user_10,tt0077651,8
user_10,tt0077745,7
user_10,tt0077766,5
user_10,tt0077815,8
user_10,tt0077864,6
user_10,tt0077928,5
user_10,tt0077975,7
user_10,tt0078243,7
user_10,tt0078346,8
user_10,tt0078437,6
user_10,tt0078480,8
user_10,tt0078504,6
user_10,tt0078748,9
user_10,tt0078763,8
user_10,tt0078767,7
user_10,tt0078788,10
user_10,tt0078806,6
user_10,tt0078841,6
user_10,tt0078915,7
user_10,tt0078935,6
user_10,tt0079116,8
user_10,tt0079367,8
user_10,tt0079411,4
user_10,tt0079417,8
user_10,tt0079470,10
user_10,tt0079501,7
user_10,tt0079522,9
user_10,tt0079574,7
user_10,tt0079588,7
user_10,tt0079672,9
user_10,tt0079813,8
user_10,tt0079817,8
user_10,tt0079833,7
user_10,tt0079944,6
user_10,tt0079945,6
user_10,tt0080120,9
user_10,tt0080140,8
user_10,tt0080179,8
user_10,tt0080339,8
user_10,tt0080360,8
user_10,tt0080391,5
user_10,tt0080453,7
user_10,tt0080455,7
user_10,tt0080487,7
user_10,tt0080569,7
user_10,tt0080610,9
user_10,tt0080678,8
user_10,tt0080684,9
user_10,tt0080716,6
user_10,tt0080745,5
user_10,tt0080749,8
user_10,tt0080761,8
user_10,tt0080801,8
user_10,tt0080923,7
user_10,tt0081353,6
user_10,tt0081398,10
user_10,tt0081414,9
user_10,tt0081505,8
user_10,tt0081562,6
user_10,tt0081568,6
user_10,tt0081573,8
user_10,tt0081633,7
user_10,tt0082010,5
user_10,tt0082085,7
user_10,tt0082096,10
user_10,tt0082198,7
user_10,tt0082250,6
user_10,tt0082280,8
user_10,tt0082288,7
user_10,tt0082334,5
user_10,tt0082340,6
user_10,tt0082377,6
user_10,tt0082398,6
user_10,tt0082406,8
user_10,tt0082418,6
user_10,tt0082490,6
user_10,tt0082495,7
user_10,tt0082517,7
user_10,tt0082533,5
user_10,tt0082694,9
user_10,tt0082782,5
user_10,tt0082971,9
user_10,tt0082979,8
user_10,tt0083001,6
user_10,tt0083131,8
user_10,tt0083146,5
user_10,tt0083326,9
user_10,tt0083530,7
user_10,tt0083658,7
user_10,tt0083767,8
user_10,tt0083866,8
user_10,tt0083907,8
user_10,tt0083922,7
user_10,tt0083929,6
user_10,tt0083944,7
user_10,tt0083987,8
user_10,tt0084088,7
user_10,tt0084503,8
user_10,tt0084516,7
user_10,tt0084602,8
user_10,tt0084630,8
user_10,tt0084695,6
user_10,tt0084707,7
user_10,tt0084726,9
user_10,tt0084787,9
user_10,tt0084805,8
user_10,tt0084824,9
user_10,tt0084827,6
user_10,tt0084917,8
user_10,tt0085279,7
user_10,tt0085333,6
user_10,tt0085334,9
user_10,tt0085382,5
user_10,tt0085407,6
user_10,tt0085482,5
user_10,tt0085549,7
user_10,tt0085636,6
user_10,tt0085743,7
user_10,tt0085794,6
user_10,tt0085811,6
user_10,tt0085894,8
user_10,tt0085959,7
user_10,tt0085995,9
user_10,tt0086006,7
user_10,tt0086034,6
user_10,tt0086066,5
user_10,tt0086190,8
user_10,tt0086200,6
user_10,tt0086216,7
user_10,tt0086250,7
user_10,tt0086325,4
user_10,tt0086393,6
user_10,tt0086425,8
user_10,tt0086450,6
user_10,tt0086465,8
user_10,tt0086525,7
user_10,tt0086541,8
user_10,tt0086567,6
user_10,tt0086610,5
user_10,tt0086637,9
user_10,tt0086874,8
user_10,tt0086879,10
user_10,tt0086904,7
user_10,tt0086960,8
user_10,tt0086961,9
user_10,tt0086973,7
user_10,tt0086979,8
user_10,tt0086981,5
user_10,tt0086993,7
user_10,tt0087001,6
user_10,tt0087032,6
user_10,tt0087050,7
user_10,tt0087078,6
user_10,tt0087182,7
user_10,tt0087243,6
user_10,tt0087262,6
user_10,tt0087277,8
user_10,tt0087332,9
user_10,tt0087363,8
user_10,tt0087469,7
user_10,tt0087538,8
user_10,tt0087544,9
user_10,tt0087553,8
user_10,tt0087597,7
user_10,tt0087635,6
user_10,tt0087781,8
user_10,tt0087800,7
user_10,tt0087843,9
user_10,tt0087884,6
user_10,tt0087909,7
user_10,tt0087928,7
user_10,tt0087985,7
user_10,tt0088000,8
user_10,tt0088011,6
user_10,tt0088024,6
user_10,tt0088128,5
user_10,tt0088161,5
user_10,tt0088170,6
user_10,tt0088206,7
user_10,tt0088247,8
user_10,tt0088258,7
user_10,tt0088286,8
user_10,tt0088323,8
user_10,tt0088707,7
user_10,tt0088708,5
user_10,tt0088763,9
user_10,tt0088814,6
user_10,tt0088846,9
user_10,tt0088847,6
user_10,tt0088930,7
user_10,tt0088933,8
user_10,tt0088939,8
user_10,tt0088944,7
user_10,tt0089104,4
user_10,tt0089124,7
user_10,tt0089218,8
user_10,tt0089254,5
user_10,tt0089370,4
user_10,tt0089374,7
user_10,tt0089469,6
user_10,tt0089530,6
user_10,tt0089560,7
user_10,tt0089591,6
user_10,tt0089686,5
user_10,tt0089791,7
user_10,tt0089808,6
user_10,tt0089822,5
user_10,tt0089826,4
user_10,tt0089853,7
user_10,tt0089880,8
user_10,tt0089881,9
user_10,tt0089885,9
user_10,tt0089886,8
user_10,tt0089893,5
user_10,tt0089907,7
user_10,tt0089927,8
user_10,tt0089941,8
user_10,tt0090022,6
user_10,tt0090094,7
user_10,tt0090142,6
user_10,tt0090213,5
user_10,tt0090264,8
user_10,tt0090305,6
user_10,tt0090329,8
user_10,tt0090366,8
user_10,tt0090555,7
user_10,tt0090605,7
user_10,tt0090728,6
user_10,tt0090756,8
user_10,tt0090848,5
user_10,tt0090852,8
user_10,tt0090859,7
user_10,tt0090863,7
user_10,tt0090888,7
user_10,tt0091042,8
user_10,tt0091064,8
user_10,tt0091093,6
user_10,tt0091129,7
user_10,tt0091167,7
user_10,tt0091187,6
user_10,tt0091203,6
user_10,tt0091251,6
user_10,tt0091326,7
user_10,tt0091369,8
user_10,tt0091375,7
user_10,tt0091415,5
user_10,tt0091419,9
user_10,tt0091474,9
user_10,tt0091541,5
user_10,tt0091557,7
user_10,tt0091605,10
user_10,tt0091613,5
user_10,tt0091738,6
user_10,tt0091763,9
user_10,tt0091777,6
user_10,tt0091790,8
user_10,tt0091799,5
user_10,tt0091859,6
user_10,tt0091886,7
user_10,tt0092005,8
user_10,tt0092007,7
user_10,tt0092067,5
user_10,tt0092086,6
user_10,tt0092099,5
user_10,tt0092263,9
user_10,tt0092493,6
user_10,tt0092534,4
user_10,tt0092593,7
user_10,tt0092644,6
user_10,tt0092666,7
user_10,tt0092699,7
user_10,tt0092752,7
user_10,tt0092843,7
user_10,tt0092890,7
user_10,tt0092965,9
user_10,tt0092991,10
user_10,tt0093010,5
user_10,tt0093058,8
user_10,tt0093105,6
user_10,tt0093137,8
user_10,tt0093146,2
user_10,tt0093177,5
user_10,tt0093191,7
user_10,tt0093223,6
user_10,tt0093389,8
user_10,tt0093409,9
user_10,tt0093422,7
user_10,tt0093428,9
user_10,tt0093437,7
user_10,tt0093507,5
user_10,tt0093560,6
user_10,tt0093565,8
user_10,tt0093605,7
user_10,tt0093629,6
user_10,tt0093677,7
user_10,tt0093693,9
user_10,tt0093748,8
user_10,tt0093756,4
user_10,tt0093773,6
user_10,tt0093779,7
user_10,tt0093822,8
user_10,tt0093870,8
user_10,tt0093894,8
user_10,tt0094008,6
user_10,tt0094012,7
user_10,tt0094025,9
user_10,tt0094074,4
user_10,tt0094137,8
user_10,tt0094226,8
user_10,tt0094291,6
user_10,tt0094317,5
user_10,tt0094336,8
user_10,tt0094608,7
user_10,tt0094625,9
user_10,tt0094667,5
user_10,tt0094721,8
user_10,tt0094737,5
user_10,tt0094764,7
user_10,tt0094862,6
user_10,tt0094889,6
user_10,tt0094898,8
user_10,tt0094964,7
user_10,tt0095016,8
user_10,tt0095031,8
user_10,tt0095082,8
user_10,tt0095159,10
user_10,tt0095169,5
user_10,tt0095250,8
user_10,tt0095294,8
user_10,tt0095327,8
user_10,tt0095403,8
user_10,tt0095456,5
user_10,tt0095489,10
user_10,tt0095606,8
user_10,tt0095613,5
user_10,tt0095631,8
user_10,tt0095647,9
user_10,tt0095690,7
user_10,tt0095705,9
user_10,tt0095740,6
user_10,tt0095765,7
user_10,tt0095776,7
user_10,tt0095882,3
user_10,tt0095953,8
user_10,tt0095956,8
user_10,tt0095963,7
user_10,tt0096018,7
user_10,tt0096061,7
user_10,tt0096101,7
user_10,tt0096118,5
user_10,tt0096244,6
user_10,tt0096251,7
user_10,tt0096256,9
user_10,tt0096283,9
user_10,tt0096320,5
user_10,tt0096380,7
user_10,tt0096438,8
user_10,tt0096446,8
user_10,tt0096487,6
user_10,tt0096734,5
user_10,tt0096754,9
user_10,tt0096787,7
user_10,tt0096794,4
user_10,tt0096874,9
user_10,tt0096895,6
user_10,tt0096928,8
user_10,tt0096933,7
user_10,tt0096969,6
user_10,tt0097027,8
user_10,tt0097108,6
user_10,tt0097123,6
user_10,tt0097165,9
user_10,tt0097216,8
user_10,tt0097239,8
user_10,tt0097240,7
user_10,tt0097292,8
user_10,tt0097322,7
user_10,tt0097351,8
user_10,tt0097373,7
user_10,tt0097428,5
user_10,tt0097441,8
user_10,tt0097443,8
user_10,tt0097474,5
user_10,tt0097493,7
user_10,tt0097499,8
user_10,tt0097523,7
user_10,tt0097576,6
user_10,tt0097647,5
user_10,tt0097681,6
user_10,tt0097733,7
user_10,tt0097742,7
user_10,tt0097757,6
user_10,tt0097784,6
user_10,tt0097814,8
user_10,tt0097815,6
user_10,tt0097958,6
user_10,tt0097981,5
user_10,tt0098067,8
user_10,tt0098084,8
user_10,tt0098105,5
user_10,tt0098156,3
user_10,tt0098209,7
user_10,tt0098258,6
user_10,tt0098273,6
user_10,tt0098282,8
user_10,tt0098382,5
user_10,tt0098439,6
user_10,tt0098503,6
user_10,tt0098524,7
user_10,tt0098536,8
user_10,tt0098554,7
user_10,tt0098627,7
user_10,tt0098635,8
user_10,tt0098724,8
user_10,tt0098994,6
user_10,tt0099005,7
user_10,tt0099012,6
user_10,tt0099044,6
user_10,tt0099052,6
user_10,tt0099077,8
user_10,tt0099088,7
user_10,tt0099160,7
user_10,tt0099204,6
user_10,tt0099291,5
user_10,tt0099334,7
user_10,tt0099348,9
user_10,tt0099365,6
user_10,tt0099371,5
user_10,tt0099422,8
user_10,tt0099423,9
user_10,tt0099479,6
user_10,tt0099487,8
user_10,tt0099582,6
user_10,tt0099653,9
user_10,tt0099669,8
user_10,tt0099674,8
user_10,tt0099685,8
user_10,tt0099700,6
user_10,tt0099726,6
user_10,tt0099739,7
user_10,tt0099763,5
user_10,tt0099785,7
user_10,tt0099810,8
user_10,tt0099871,6
user_10,tt0099892,5
user_10,tt0099938,5
user_10,tt0099939,8
user_10,tt0099994,5
user_10,tt0100029,7
user_10,tt0100054,8
user_10,tt0100135,9
user_10,tt0100150,9
user_10,tt0100157,9
user_10,tt0100161,6
user_10,tt0100232,5
user_10,tt0100395,8
user_10,tt0100403,6
user_10,tt0100405,6
user_10,tt0100449,7
user_10,tt0100502,6
user_10,tt0100507,6
user_10,tt0100514,5
user_10,tt0100563,7
user_10,tt0100663,6
user_10,tt0100685,7
user_10,tt0100758,9
user_10,tt0100802,7
user_10,tt0100814,9
user_10,tt0100998,7
user_10,tt0101272,8
user_10,tt0101316,8
user_10,tt0101393,7
user_10,tt0101410,8
user_10,tt0101414,9
user_10,tt0101452,4
user_10,tt0101507,7
user_10,tt0101540,6
user_10,tt0101605,8
user_10,tt0101627,4
user_10,tt0101700,8
user_10,tt0101761,6
user_10,tt0101764,6
user_10,tt0101765,8
user_10,tt0101889,8
user_10,tt0101912,9
user_10,tt0101921,8
user_10,tt0101984,6
user_10,tt0102004,5
user_10,tt0102005,5
user_10,tt0102034,4
user_10,tt0102050,7
user_10,tt0102057,5
user_10,tt0102059,7
user_10,tt0102138,7
user_10,tt0102250,8
user_10,tt0102492,8
user_10,tt0102510,7
user_10,tt0102511,6
user_10,tt0102536,8
user_10,tt0102558,6
user_10,tt0102593,6
user_10,tt0102603,9
user_10,tt0102685,8
user_10,tt0102753,6
user_10,tt0102798,7
user_10,tt0102803,6
user_10,tt0102825,7
user_10,tt0102926,8
user_10,tt0102945,5
user_10,tt0102951,7
user_10,tt0102975,9
user_10,tt0103010,8
user_10,tt0103064,9
user_10,tt0103074,7
user_10,tt0103168,7
user_10,tt0103239,4
user_10,tt0103247,10
user_10,tt0103639,9
user_10,tt0103644,5
user_10,tt0103772,7
user_10,tt0103776,6
user_10,tt0103855,7
user_10,tt0103873,8
user_10,tt0103874,7
user_10,tt0103919,7
user_10,tt0104029,6
user_10,tt0104036,9
user_10,tt0104070,7
user_10,tt0104231,8
user_10,tt0104254,7
user_10,tt0104257,9
user_10,tt0104309,3
user_10,tt0104348,8
user_10,tt0104389,7
user_10,tt0104427,7
user_10,tt0104431,6
user_10,tt0104489,6
user_10,tt0104652,8
user_10,tt0104685,8
user_10,tt0104691,8
user_10,tt0104692,5
user_10,tt0104694,8
user_10,tt0104714,7
user_10,tt0104797,8
user_10,tt0104815,7
user_10,tt0104952,8
user_10,tt0105046,8
user_10,tt0105112,8
user_10,tt0105236,8
user_10,tt0105323,9
user_10,tt0105391,7
user_10,tt0105417,6
user_10,tt0105435,8
user_10,tt0105643,4
user_10,tt0105665,7
user_10,tt0105690,7
user_10,tt0105695,8
user_10,tt0105793,8
user_10,tt0105812,9
user_10,tt0106307,8
user_10,tt0106308,8
user_10,tt0106332,10
user_10,tt0106333,9
user_10,tt0106387,8
user_10,tt0106489,8
user_10,tt0106519,8
user_10,tt0106582,4
user_10,tt0106598,5
user_10,tt0106611,8
user_10,tt0106660,6
user_10,tt0106677,9
user_10,tt0106697,7
user_10,tt0106701,8
user_10,tt0106761,4
user_10,tt0106856,7
user_10,tt0106918,6
user_10,tt0106965,6
user_10,tt0106977,7
user_10,tt0107004,7
user_10,tt0107034,6
user_10,tt0107048,7
user_10,tt0107120,5
user_10,tt0107144,7
user_10,tt0107206,9
user_10,tt0107207,8
user_10,tt0107211,7
user_10,tt0107290,10
user_10,tt0107302,7
user_10,tt0107362,8
user_10,tt0107438,4
user_10,tt0107554,7
user_10,tt0107614,6
user_10,tt0107659,6
user_10,tt0107688,7
user_10,tt0107692,6
user_10,tt0107711,5
user_10,tt0107719,6
user_10,tt0107808,8
user_10,tt0107818,6
user_10,tt0107822,9
user_10,tt0107889,8
user_10,tt0107943,8
user_10,tt0107969,5
user_10,tt0107977,8
user_10,tt0107978,4
user_10,tt0107983,7
user_10,tt0107985,5
user_10,tt0108002,7
user_10,tt0108037,9
user_10,tt0108045,5
user_10,tt0108052,9
user_10,tt0108065,7
user_10,tt0108147,4
user_10,tt0108148,7
user_10,tt0108160,8
user_10,tt0108171,6
user_10,tt0108188,7
user_10,tt0108255,4
user_10,tt0108333,6
user_10,tt0108358,7
user_10,tt0108394,7
user_10,tt0108399,7
user_10,tt0108500,7
user_10,tt0108525,6
user_10,tt0108550,10
user_10,tt0109015,6
user_10,tt0109021,5
user_10,tt0109040,7
user_10,tt0109045,8
user_10,tt0109068,6
user_10,tt0109093,8
user_10,tt0109127,7
user_10,tt0109254,5
user_10,tt0109340,9
user_10,tt0109439,8
user_10,tt0109445,7
user_10,tt0109446,6
user_10,tt0109506,7
user_10,tt0109592,6
user_10,tt0109642,8
user_10,tt0109676,4
user_10,tt0109686,6
user_10,tt0109707,9
user_10,tt0109733,7
user_10,tt0109830,10
user_10,tt0109831,6
user_10,tt0109858,6
user_10,tt0110005,7
user_10,tt0110008,8
user_10,tt0110074,7
user_10,tt0110116,8
user_10,tt0110148,8
user_10,tt0110167,7
user_10,tt0110169,3
user_10,tt0110200,7
user_10,tt0110216,5
user_10,tt0110308,8
user_10,tt0110322,7
user_10,tt0110357,9
user_10,tt0110413,7
user_10,tt0110443,6
user_10,tt0110475,9
user_10,tt0110478,7
user_10,tt0110527,8
user_10,tt0110598,8
user_10,tt0110622,6
user_10,tt0110632,7
user_10,tt0110638,8
user_10,tt0110678,6
user_10,tt0110857,4
user_10,tt0110907,4
user_10,tt0110912,9
user_10,tt0110932,7
user_10,tt0110942,8
user_10,tt0110950,7
user_10,tt0110978,3
user_10,tt0111070,6
user_10,tt0111149,8
user_10,tt0111161,9
user_10,tt0111257,6
user_10,tt0111280,8
user_10,tt0111282,8
user_10,tt0111301,4
user_10,tt0111333,7
user_10,tt0111438,8
user_10,tt0111495,6
user_10,tt0111503,8
user_10,tt0111507,8
user_10,tt0111756,6
user_10,tt0112281,6
user_10,tt0112288,8
user_10,tt0112342,6
user_10,tt0112346,6
user_10,tt0112384,7
user_10,tt0112401,7
user_10,tt0112431,8
user_10,tt0112442,5
user_10,tt0112454,7
user_10,tt0112461,8
user_10,tt0112462,5
user_10,tt0112471,10
user_10,tt0112499,6
user_10,tt0112508,7
user_10,tt0112573,10
user_10,tt0112579,8
user_10,tt0112634,3
user_10,tt0112641,8
user_10,tt0112642,7
user_10,tt0112682,8
user_10,tt0112688,8
user_10,tt0112697,7
user_10,tt0112715,5
user_10,tt0112740,5
user_10,tt0112767,7
user_10,tt0112769,7
user_10,tt0112817,8
user_10,tt0112819,7
user_10,tt0112851,8
user_10,tt0112857,8
user_10,tt0112864,6
user_10,tt0112883,7
user_10,tt0112896,5
user_10,tt0112913,7
user_10,tt0112950,9
user_10,tt0113041,4
user_10,tt0113071,4
user_10,tt0113101,8
user_10,tt0113118,8
user_10,tt0113161,5
user_10,tt0113189,9
user_10,tt0113198,7
user_10,tt0113243,7
user_10,tt0113247,8
user_10,tt0113277,8
user_10,tt0113305,6
user_10,tt0113375,7
user_10,tt0113492,5
user_10,tt0113497,7
user_10,tt0113501,6
user_10,tt0113540,6
user_10,tt0113568,8
user_10,tt0113627,9
user_10,tt0113670,9
user_10,tt0113749,9
user_10,tt0113799,8
user_10,tt0113819,5
user_10,tt0113824,8
user_10,tt0113845,6
user_10,tt0113855,4
user_10,tt0113987,9
user_10,tt0114069,8
user_10,tt0114095,6
user_10,tt0114148,10
user_10,tt0114168,8
user_10,tt0114214,6
user_10,tt0114319,6
user_10,tt0114369,9
user_10,tt0114388,7
user_10,tt0114436,5
user_10,tt0114508,6
user_10,tt0114558,8
user_10,tt0114576,7
user_10,tt0114660,6
user_10,tt0114666,3
user_10,tt0114690,7
user_10,tt0114709,8
user_10,tt0114746,9
user_10,tt0114753,5
user_10,tt0114787,8
user_10,tt0114814,9
user_10,tt0114887,8
user_10,tt0114898,7
user_10,tt0114906,7
user_10,tt0114924,7
user_10,tt0115433,5
user_10,tt0115487,8
user_10,tt0115633,9
user_10,tt0115639,8
user_10,tt0115685,6
user_10,tt0115697,5
user_10,tt0115734,8
user_10,tt0115751,10
user_10,tt0115756,7
user_10,tt0115759,8
user_10,tt0115783,6
user_10,tt0115798,7
user_10,tt0115928,7
user_10,tt0115956,7
user_10,tt0115963,6
user_10,tt0116040,5
user_10,tt0116126,8
user_10,tt0116136,7
user_10,tt0116209,6
user_10,tt0116213,8
user_10,tt0116225,6
user_10,tt0116231,7
user_10,tt0116242,6
user_10,tt0116277,9
user_10,tt0116282,7
user_10,tt0116313,8
user_10,tt0116353,7
user_10,tt0116365,7
user_10,tt0116367,8
user_10,tt0116421,8
user_10,tt0116483,7
user_10,tt0116547,7
user_10,tt0116583,7
user_10,tt0116629,6
user_10,tt0116654,4
user_10,tt0116669,6
user_10,tt0116683,7
user_10,tt0116695,7
user_10,tt0116705,7
user_10,tt0116778,9
user_10,tt0116790,6
user_10,tt0116882,7
user_10,tt0116905,7
user_10,tt0116908,7
user_10,tt0116922,8
user_10,tt0116953,5
user_10,tt0116996,6
user_10,tt0117008,7
user_10,tt0117038,5
user_10,tt0117060,7
user_10,tt0117110,8
user_10,tt0117128,8
user_10,tt0117218,5
user_10,tt0117318,8
user_10,tt0117331,4
user_10,tt0117333,8
user_10,tt0117381,8
user_10,tt0117407,8
user_10,tt0117438,5
user_10,tt0117500,7
user_10,tt0117509,7
user_10,tt0117571,7
user_10,tt0117589,8
user_10,tt0117665,6
user_10,tt0117666,8
user_10,tt0117668,7
user_10,tt0117705,7
user_10,tt0117731,8
user_10,tt0117737,7
user_10,tt0117765,5
user_10,tt0117802,8
user_10,tt0117826,6
user_10,tt0117883,9
user_10,tt0117909,7
user_10,tt0117913,10
user_10,tt0117918,9
user_10,tt0117951,9
user_10,tt0117998,7
user_10,tt0118539,3
user_10,tt0118548,5
user_10,tt0118556,6
user_10,tt0118570,7
user_10,tt0118571,6
user_10,tt0118583,5
user_10,tt0118615,4
user_10,tt0118617,8
user_10,tt0118632,6
user_10,tt0118636,8
user_10,tt0118655,7
user_10,tt0118688,3
user_10,tt0118689,7
user_10,tt0118694,7
user_10,tt0118708,5
user_10,tt0118715,7
user_10,tt0118749,8
user_10,tt0118789,9
user_10,tt0118799,9
user_10,tt0118842,8
user_10,tt0118849,8
user_10,tt0118880,6
user_10,tt0118883,7
user_10,tt0118884,8
user_10,tt0118887,6
user_10,tt0118928,5
user_10,tt0118929,9
user_10,tt0118954,9
user_10,tt0118956,6
user_10,tt0118966,6
user_10,tt0118971,8
user_10,tt0118998,5
user_10,tt0119008,9
user_10,tt0119051,7
user_10,tt0119053,5
user_10,tt0119081,5
user_10,tt0119094,8
user_10,tt0119115,5
user_10,tt0119116,8
user_10,tt0119141,8
user_10,tt0119164,8
user_10,tt0119167,6
user_10,tt0119174,7
user_10,tt0119177,10
user_10,tt0119217,7
user_10,tt0119223,5
user_10,tt0119225,9
user_10,tt0119227,8
user_10,tt0119229,8
user_10,tt0119282,8
user_10,tt0119303,6
user_10,tt0119304,4
user_10,tt0119345,5
user_10,tt0119349,7
user_10,tt0119360,7
user_10,tt0119375,8
user_10,tt0119395,5
user_10,tt0119396,7
user_10,tt0119432,5
user_10,tt0119468,5
user_10,tt0119472,8
user_10,tt0119488,7
user_10,tt0119528,6
user_10,tt0119535,7
user_10,tt0119567,6
user_10,tt0119632,7
user_10,tt0119643,7
user_10,tt0119654,7
user_10,tt0119698,7
user_10,tt0119738,8
user_10,tt0119822,7
user_10,tt0119861,7
user_10,tt0119891,7
user_10,tt0119925,6
user_10,tt0119978,7
user_10,tt0120053,5
user_10,tt0120054,5
user_10,tt0120082,7
user_10,tt0120102,9
user_10,tt0120148,7
user_10,tt0120152,5
user_10,tt0120157,7
user_10,tt0120176,7
user_10,tt0120179,6
user_10,tt0120184,7
user_10,tt0120188,6
user_10,tt0120201,8
user_10,tt0120255,7
user_10,tt0120338,8
user_10,tt0120347,7
user_10,tt0120363,9
user_10,tt0120382,6
user_10,tt0120461,5
user_10,tt0120481,5
user_10,tt0120484,6
user_10,tt0120524,6
user_10,tt0120577,5
user_10,tt0120586,9
user_10,tt0120587,7
user_10,tt0120591,6
user_10,tt0120601,8
user_10,tt0120609,6
user_10,tt0120611,10
user_10,tt0120616,6
user_10,tt0120623,6
user_10,tt0120630,8
user_10,tt0120631,6
user_10,tt0120632,8
user_10,tt0120647,7
user_10,tt0120654,7
user_10,tt0120655,8
user_10,tt0120657,5
user_10,tt0120660,8
user_10,tt0120663,7
user_10,tt0120667,6
user_10,tt0120669,7
user_10,tt0120679,8
user_10,tt0120681,8
user_10,tt0120685,6
user_10,tt0120686,8
user_10,tt0120689,8
user_10,tt0120694,6
user_10,tt0120735,10
user_10,tt0120737,9
user_10,tt0120738,4
user_10,tt0120744,7
user_10,tt0120746,9
user_10,tt0120755,6
user_10,tt0120762,9
user_10,tt0120768,5
user_10,tt0120770,6
user_10,tt0120776,6
user_10,tt0120780,7
user_10,tt0120783,9
user_10,tt0120784,7
user_10,tt0120787,7
user_10,tt0120789,6
user_10,tt0120791,5
user_10,tt0120794,9
user_10,tt0120802,7
user_10,tt0120804,6
user_10,tt0120812,7
user_10,tt0120815,9
user_10,tt0120820,6
user_10,tt0120828,7
user_10,tt0120841,4
user_10,tt0120855,8
user_10,tt0120863,8
user_10,tt0120866,5
user_10,tt0120873,7
user_10,tt0120879,10
user_10,tt0120888,6
user_10,tt0120889,5
user_10,tt0120890,8
user_10,tt0120891,6
user_10,tt0120902,8
user_10,tt0120903,8
user_10,tt0120907,8
user_10,tt0120912,6
user_10,tt0120913,7
user_10,tt0120915,6
user_10,tt0120917,7
user_10,tt0121164,9
user_10,tt0121387,8
user_10,tt0121765,7
user_10,tt0121766,8
user_10,tt0122151,8
user_10,tt0122690,10
user_10,tt0122718,6
user_10,tt0122933,9
user_10,tt0123755,7
user_10,tt0123964,8
user_10,tt0124315,8
user_10,tt0125022,9
user_10,tt0125439,7
user_10,tt0125589,4
user_10,tt0125659,9
user_10,tt0125664,8
user_10,tt0126029,8
user_10,tt0126604,6
user_10,tt0126765,8
user_10,tt0126886,9
user_10,tt0127536,8
user_10,tt0128332,8
user_10,tt0128442,7
user_10,tt0128445,8
user_10,tt0128853,7
user_10,tt0129167,9
user_10,tt0129290,7
user_10,tt0129332,8
user_10,tt0129387,8
user_10,tt0130018,4
user_10,tt0130156,4
user_10,tt0130623,8
user_10,tt0130827,6
user_10,tt0130928,8
user_10,tt0131857,6
user_10,tt0132347,5
user_10,tt0132477,9
user_10,tt0133093,7
user_10,tt0133097,6
user_10,tt0133152,5
user_10,tt0133240,6
user_10,tt0133385,6
user_10,tt0133751,7
user_10,tt0133832,4
user_10,tt0134084,4
user_10,tt0134119,8
user_10,tt0134273,6
user_10,tt0134847,8
user_10,tt0135398,7
user_10,tt0135673,8
user_10,tt0137363,8
user_10,tt0137386,7
user_10,tt0137494,6
user_10,tt0137523,8
user_10,tt0138078,6
user_10,tt0138097,6
user_10,tt0138524,6
user_10,tt0138704,9
user_10,tt0138749,8
user_10,tt0139134,6
user_10,tt0139654,8
user_10,tt0140352,8
user_10,tt0141369,5
user_10,tt0141926,6
user_10,tt0142243,9
user_10,tt0142342,7
user_10,tt0142431,8
user_10,tt0142688,6
user_10,tt0143145,5
user_10,tt0144084,9
user_10,tt0144117,9
user_10,tt0144201,7
user_10,tt0144214,7
user_10,tt0144528,4
user_10,tt0145487,6
user_10,tt0145660,8
user_10,tt0145681,6
user_10,tt0146316,7
user_10,tt0146336,6
user_10,tt0146468,7
user_10,tt0146479,7
user_10,tt0146675,7
user_10,tt0146838,7
user_10,tt0146882,7
user_10,tt0147612,8
user_10,tt0147800,9
user_10,tt0149261,5
user_10,tt0149691,6
user_10,tt0150187,8
user_10,tt0150216,4
user_10,tt0150377,6
user_10,tt0151137,5
user_10,tt0151150,8
user_10,tt0151804,9
user_10,tt0152930,6
user_10,tt0154420,9
user_10,tt0154421,7
user_10,tt0154506,7
user_10,tt0155267,7
user_10,tt0155914,4
user_10,tt0155975,6
user_10,tt0156757,7
user_10,tt0157503,7
user_10,tt0158622,3
user_10,tt0158714,7
user_10,tt0158983,8
user_10,tt0159097,6
user_10,tt0159273,7
user_10,tt0159365,7
user_10,tt0160127,5
user_10,tt0160797,4
user_10,tt0160862,4
user_10,tt0161081,6
user_10,tt0162222,9
user_10,tt0162346,6
user_10,tt0162348,10
user_10,tt0162650,7
user_10,tt0162661,8
user_10,tt0163025,7
user_10,tt0163187,6
user_10,tt0163651,8
user_10,tt0163978,7
user_10,tt0163988,7
user_10,tt0164052,5
user_10,tt0164181,8
user_10,tt0164184,7
user_10,tt0164334,5
user_10,tt0164538,10
user_10,tt0164912,5
user_10,tt0165798,7
user_10,tt0166175,7
user_10,tt0166252,6
user_10,tt0166556,6
user_10,tt0166896,9
user_10,tt0166924,8
user_10,tt0167190,6
user_10,tt0167260,9
user_10,tt0167261,8
user_10,tt0167404,8
user_10,tt0168629,7
user_10,tt0169102,7
user_10,tt0169547,8
user_10,tt0170016,5
user_10,tt0170259,7
user_10,tt0170691,6
user_10,tt0171363,6
user_10,tt0171804,8
user_10,tt0172156,7
user_10,tt0172396,8
user_10,tt0172493,6
user_10,tt0172495,10
user_10,tt0172684,8
user_10,tt0173840,6
user_10,tt0174480,6
user_10,tt0175142,6
user_10,tt0175880,9
user_10,tt0177789,7
user_10,tt0177971,6
user_10,tt0178868,6
user_10,tt0179098,7
user_10,tt0179955,10
user_10,tt0180052,5
user_10,tt0180073,10
user_10,tt0180093,8
user_10,tt0180734,7
user_10,tt0180748,8
user_10,tt0181311,6
user_10,tt0181316,6
user_10,tt0181536,6
user_10,tt0181689,8
user_10,tt0181852,6
user_10,tt0181865,10
user_10,tt0181875,7
user_10,tt0182789,7
user_10,tt0183505,6
user_10,tt0183649,7
user_10,tt0183659,7
user_10,tt0183790,7
user_10,tt0184894,6
user_10,tt0185014,7
user_10,tt0185125,8
user_10,tt0185371,6
user_10,tt0185431,6
user_10,tt0185937,8
user_10,tt0186151,6
user_10,tt0186412,8
user_10,tt0186566,8
user_10,tt0186835,6
user_10,tt0186894,5
user_10,tt0187078,7
user_10,tt0187231,9
user_10,tt0187393,7
user_10,tt0187738,6
user_10,tt0188030,7
user_10,tt0188453,7
user_10,tt0188766,6
user_10,tt0189192,5
user_10,tt0190138,7
user_10,tt0190332,8
user_10,tt0190524,4
user_10,tt0190590,7
user_10,tt0190641,7
user_10,tt0190865,6
user_10,tt0194104,7
user_10,tt0195231,8
user_10,tt0195685,8
user_10,tt0195714,7
user_10,tt0196216,7
user_10,tt0196229,6
user_10,tt0197096,7
user_10,tt0198021,8
user_10,tt0198781,8
user_10,tt0199314,6
user_10,tt0199725,8
user_10,tt0199753,6
user_10,tt0200192,6
user_10,tt0200465,7
user_10,tt0200550,6
user_10,tt0200654,7
user_10,tt0201368,8
user_10,tt0202470,8
user_10,tt0202677,5
user_10,tt0203009,9
user_10,tt0203019,8
user_10,tt0203119,6
user_10,tt0204175,7
user_10,tt0204946,6
user_10,tt0205000,5
user_10,tt0205177,5
user_10,tt0205271,7
user_10,tt0206275,7
user_10,tt0206634,8
user_10,tt0207201,6
user_10,tt0208003,4
user_10,tt0208092,8
user_10,tt0208100,6
user_10,tt0208990,9
user_10,tt0209144,10
user_10,tt0209163,7
user_10,tt0209189,9
user_10,tt0209322,6
user_10,tt0209475,6
user_10,tt0209958,7
user_10,tt0210701,2
user_10,tt0210945,7
user_10,tt0211915,8
user_10,tt0211933,7
user_10,tt0212338,8
user_10,tt0212346,5
user_10,tt0212720,7
user_10,tt0212985,6
user_10,tt0213149,7
user_10,tt0213847,7
user_10,tt0214178,7
user_10,tt0215129,7
user_10,tt0215750,8
user_10,tt0216216,5
user_10,tt0216584,6
user_10,tt0217505,8
user_10,tt0217869,7
user_10,tt0218378,7
user_10,tt0218967,6
user_10,tt0219288,7
user_10,tt0219699,7
user_10,tt0219854,6
user_10,tt0219952,7
user_10,tt0219965,4
user_10,tt0220506,6
user_10,tt0221027,7
user_10,tt0221073,9
user_10,tt0222851,6
user_10,tt0223897,6
user_10,tt0223998,7
user_10,tt0227005,7
user_10,tt0227445,6
user_10,tt0227538,5
user_10,tt0228333,6
user_10,tt0228786,7
user_10,tt0229260,5
user_10,tt0230011,7
user_10,tt0230030,6
user_10,tt0230600,8
user_10,tt0230838,7
user_10,tt0232500,7
user_10,tt0233142,6
user_10,tt0233469,4
user_10,tt0234215,5
user_10,tt0234499,6
user_10,tt0234829,6
user_10,tt0235198,7
user_10,tt0235679,6
user_10,tt0236493,6
user_10,tt0237534,5
user_10,tt0238112,7
user_10,tt0238380,7
user_10,tt0238546,4
user_10,tt0238660,7
user_10,tt0238883,9
user_10,tt0238936,9
user_10,tt0239395,5
user_10,tt0239948,6
user_10,tt0240772,8
user_10,tt0240890,7
user_10,tt0241025,6
user_10,tt0241303,7
user_10,tt0241527,8
user_10,tt0241760,4
user_10,tt0242423,5
user_10,tt0242445,6
user_10,tt0242653,6
user_10,tt0243017,7
user_10,tt0243133,9
user_10,tt0243155,5
user_10,tt0243493,6
user_10,tt0243655,7
user_10,tt0243736,6
user_10,tt0244244,7
user_10,tt0244316,8
user_10,tt0244504,6
user_10,tt0245429,8
user_10,tt0245562,7
user_10,tt0245574,8
user_10,tt0245674,6
user_10,tt0245686,6
user_10,tt0245712,8
user_10,tt0245803,4
user_10,tt0245844,8
user_10,tt0246460,7
user_10,tt0246544,4
user_10,tt0246578,8
user_10,tt0247425,7
user_10,tt0247586,8
user_10,tt0247638,8
user_10,tt0247745,7
user_10,tt0248126,7
user_10,tt0248408,8
user_10,tt0249188,6
user_10,tt0249462,8
user_10,tt0249478,5
user_10,tt0250081,8
user_10,tt0250122,7
user_10,tt0250223,7
user_10,tt0250224,6
user_10,tt0250258,10
user_10,tt0250494,6
user_10,tt0250687,7
user_10,tt0250797,7
user_10,tt0251075,6
user_10,tt0251114,7
user_10,tt0251127,7
user_10,tt0251160,7
user_10,tt0252501,6
user_10,tt0252503,5
user_10,tt0252866,7
user_10,tt0252963,7
user_10,tt0253151,8
user_10,tt0253474,9
user_10,tt0253556,6
user_10,tt0253754,8
user_10,tt0253867,5
user_10,tt0253970,7
user_10,tt0254481,7
user_10,tt0254686,7
user_10,tt0255589,6
user_10,tt0255798,6
user_10,tt0256380,4
user_10,tt0256415,6
user_10,tt0256524,8
user_10,tt0257044,8
user_10,tt0257076,6
user_10,tt0257106,5
user_10,tt0257360,6
user_10,tt0257756,6
user_10,tt0258000,6
user_10,tt0258463,8
user_10,tt0259324,6
user_10,tt0259446,8
user_10,tt0259711,7
user_10,tt0259822,8
user_10,tt0261392,9
user_10,tt0261983,6
user_10,tt0261985,6
user_10,tt0262432,8
user_10,tt0263488,6
user_10,tt0264150,5
user_10,tt0264395,8
user_10,tt0264464,8
user_10,tt0264472,5
user_10,tt0264616,7
user_10,tt0264935,5
user_10,tt0265086,7
user_10,tt0265087,8
user_10,tt0265144,9
user_10,tt0265208,7
user_10,tt0265343,9
user_10,tt0265459,5
user_10,tt0265651,6
user_10,tt0265666,8
user_10,tt0266308,9
user_10,tt0266452,7
user_10,tt0266489,6
user_10,tt0266543,9
user_10,tt0266697,9
user_10,tt0266915,6
user_10,tt0266987,9
user_10,tt0267626,5
user_10,tt0267804,6
user_10,tt0267913,6
user_10,tt0268126,7
user_10,tt0268380,6
user_10,tt0268695,6
user_10,tt0268978,9
user_10,tt0268995,7
user_10,tt0269095,7
user_10,tt0269347,6
user_10,tt0270053,8
user_10,tt0270707,6
user_10,tt0271809,5
user_10,tt0272020,7
user_10,tt0272152,9
user_10,tt0272338,8
user_10,tt0273923,8
user_10,tt0273982,6
user_10,tt0274155,6
user_10,tt0274166,7
user_10,tt0274558,7
user_10,tt0275022,4
user_10,tt0275773,7
user_10,tt0275847,7
user_10,tt0276409,6
user_10,tt0276751,7
user_10,tt0276816,7
user_10,tt0276919,7
user_10,tt0277027,7
user_10,tt0277296,5
user_10,tt0277371,7
user_10,tt0277434,7
user_10,tt0278435,7
user_10,tt0278504,7
user_10,tt0279064,7
user_10,tt0279889,3
user_10,tt0280438,6
user_10,tt0280460,5
user_10,tt0280590,7
user_10,tt0280696,6
user_10,tt0280707,8
user_10,tt0280969,7
user_10,tt0281108,4
user_10,tt0281358,8
user_10,tt0281364,7
user_10,tt0281373,6
user_10,tt0282209,4
user_10,tt0283026,4
user_10,tt0283084,8
user_10,tt0283111,7
user_10,tt0284490,5
user_10,tt0285175,4
user_10,tt0285492,5
user_10,tt0285531,6
user_10,tt0285742,7
user_10,tt0285823,6
user_10,tt0286106,6
user_10,tt0286244,7
user_10,tt0286499,5
user_10,tt0286594,7
user_10,tt0286716,5
user_10,tt0287467,8
user_10,tt0287717,5
user_10,tt0287978,7
user_10,tt0288045,5
user_10,tt0288477,5
user_10,tt0289043,7
user_10,tt0289765,5
user_10,tt0289879,9
user_10,tt0289992,8
user_10,tt0290002,6
user_10,tt0290095,5
user_10,tt0290329,6
user_10,tt0290334,7
user_10,tt0290673,8
user_10,tt0292506,7
user_10,tt0292963,7
user_10,tt0293124,5
user_10,tt0293508,6
user_10,tt0293564,7
user_10,tt0293662,7
user_10,tt0293815,6
user_10,tt0294662,5
user_10,tt0294725,6
user_10,tt0294916,7
user_10,tt0295178,5
user_10,tt0295254,4
user_10,tt0295297,7
user_10,tt0295362,8
user_10,tt0295427,3
user_10,tt0295473,4
user_10,tt0295700,6
user_10,tt0295701,6
user_10,tt0296572,7
user_10,tt0296574,9
user_10,tt0297162,3
user_10,tt0297284,7
user_10,tt0297721,8
user_10,tt0297884,7
user_10,tt0298130,6
user_10,tt0298148,8
user_10,tt0298203,7
user_10,tt0298228,6
user_10,tt0298814,7
user_10,tt0299658,7
user_10,tt0299930,3
user_10,tt0299977,7
user_10,tt0300051,6
user_10,tt0300471,6
user_10,tt0300532,5
user_10,tt0301357,7
user_10,tt0302640,6
user_10,tt0302886,7
user_10,tt0303816,6
user_10,tt0304141,7
user_10,tt0304415,4
user_10,tt0305206,7
user_10,tt0305224,8
user_10,tt0305357,5
user_10,tt0305669,6
user_10,tt0306047,6
user_10,tt0306359,7
user_10,tt0306734,3
user_10,tt0306841,7
user_10,tt0306892,6
user_10,tt0307213,6
user_10,tt0307453,6
user_10,tt0307479,5
user_10,tt0307901,7
user_10,tt0307987,8
user_10,tt0308152,7
user_10,tt0308383,5
user_10,tt0308506,5
user_10,tt0308644,8
user_10,tt0309377,7
user_10,tt0309530,7
user_10,tt0309593,7
user_10,tt0309698,7
user_10,tt0309987,8
user_10,tt0310154,10
user_10,tt0310775,8
user_10,tt0311113,8
user_10,tt0311289,5
user_10,tt0311361,5
user_10,tt0311429,5
user_10,tt0312004,7
user_10,tt0312409,7
user_10,tt0312528,4
user_10,tt0313013,6
user_10,tt0313459,5
user_10,tt0313542,8
user_10,tt0313737,8
user_10,tt0313792,8
user_10,tt0313911,4
user_10,tt0314134,1
user_10,tt0314331,7
user_10,tt0314353,8
user_10,tt0314942,7
user_10,tt0315327,6
user_10,tt0315733,10
user_10,tt0315983,7
user_10,tt0316396,8
user_10,tt0316654,7
user_10,tt0317198,5
user_10,tt0317219,6
user_10,tt0317248,9
user_10,tt0317303,6
user_10,tt0317648,8
user_10,tt0317705,9
user_10,tt0317740,7
user_10,tt0317919,8
user_10,tt0318462,7
user_10,tt0318627,7
user_10,tt0318649,8
user_10,tt0319061,6
user_10,tt0319262,7
user_10,tt0319343,6
user_10,tt0320661,9
user_10,tt0320691,6
user_10,tt0322259,7
user_10,tt0322330,8
user_10,tt0322589,6
user_10,tt0322645,8
user_10,tt0323033,4
user_10,tt0324133,8
user_10,tt0324216,7
user_10,tt0325258,6
user_10,tt0325596,7
user_10,tt0325703,5
user_10,tt0325710,7
user_10,tt0325805,7
user_10,tt0325980,8
user_10,tt0326769,4
user_10,tt0327056,7
user_10,tt0327084,7
user_10,tt0327162,6
user_10,tt0327437,7
user_10,tt0327554,4
user_10,tt0327597,8
user_10,tt0327679,6
user_10,tt0327850,7
user_10,tt0328107,6
user_10,tt0328538,8
user_10,tt0328828,7
user_10,tt0328880,8
user_10,tt0329101,7
user_10,tt0329388,9
user_10,tt0329575,8
user_10,tt0329774,5
user_10,tt0330373,7
user_10,tt0330702,7
user_10,tt0330793,7
user_10,tt0331632,7
user_10,tt0331933,6
user_10,tt0332047,5
user_10,tt0332136,8
user_10,tt0332280,9
user_10,tt0332285,6
user_10,tt0332379,7
user_10,tt0332452,6
user_10,tt0333766,8
user_10,tt0335245,8
user_10,tt0335266,8
user_10,tt0335345,8
user_10,tt0335438,7
user_10,tt0337563,5
user_10,tt0337741,7
user_10,tt0337876,5
user_10,tt0337921,9
user_10,tt0337978,9
user_10,tt0338013,8
user_10,tt0338094,5
user_10,tt0338095,6
user_10,tt0338096,5
user_10,tt0338337,8
user_10,tt0338348,7
user_10,tt0338459,4
user_10,tt0338526,6
user_10,tt0338564,9
user_10,tt0338751,8
user_10,tt0339086,6
user_10,tt0339291,7
user_10,tt0339385,4
user_10,tt0339419,8
user_10,tt0339579,6
user_10,tt0340163,5
user_10,tt0340855,8
user_10,tt0342258,8
user_10,tt0343135,6
user_10,tt0343624,7
user_10,tt0343660,6
user_10,tt0343737,6
user_10,tt0343818,8
user_10,tt0344854,6
user_10,tt0346156,5
user_10,tt0346491,4
user_10,tt0346631,5
user_10,tt0347048,7
user_10,tt0347149,9
user_10,tt0347332,9
user_10,tt0348150,5
user_10,tt0348333,8
user_10,tt0348568,10
user_10,tt0348836,6
user_10,tt0349205,6
user_10,tt0349683,5
user_10,tt0349825,8
user_10,tt0349903,8
user_10,tt0350258,6
user_10,tt0350261,6
user_10,tt0351283,7
user_10,tt0351977,6
user_10,tt0352248,7
user_10,tt0352376,4
user_10,tt0352465,8
user_10,tt0353489,6
user_10,tt0353969,9
user_10,tt0354356,6
user_10,tt0354766,6
user_10,tt0354899,8
user_10,tt0355295,5
user_10,tt0355702,9
user_10,tt0356150,4
user_10,tt0356336,4
user_10,tt0356443,6
user_10,tt0356470,6
user_10,tt0356618,6
user_10,tt0356634,4
user_10,tt0356721,7
user_10,tt0356910,4
user_10,tt0357413,7
user_10,tt0357894,4
user_10,tt0357930,7
user_10,tt0358082,8
user_10,tt0358135,7
user_10,tt0358273,6
user_10,tt0358349,6
user_10,tt0359013,4
user_10,tt0359423,8
user_10,tt0359950,7
user_10,tt0360139,7
user_10,tt0360201,6
user_10,tt0360486,6
user_10,tt0360717,7
user_10,tt0361696,9
user_10,tt0361748,7
user_10,tt0361862,6
user_10,tt0362120,6
user_10,tt0362227,7
user_10,tt0362270,7
user_10,tt0362478,5
user_10,tt0362511,5
user_10,tt0362820,6
user_10,tt0363163,7
user_10,tt0363226,9
user_10,tt0363282,5
user_10,tt0363547,8
user_10,tt0363589,7
user_10,tt0363771,7
user_10,tt0363988,7
user_10,tt0364045,5
user_10,tt0364517,5
user_10,tt0364569,8
user_10,tt0364725,7
user_10,tt0364970,5
user_10,tt0365125,5
user_10,tt0365376,9
user_10,tt0365485,8
user_10,tt0365686,6
user_10,tt0365737,7
user_10,tt0365748,10
user_10,tt0365830,8
user_10,tt0365907,5
user_10,tt0365929,6
user_10,tt0365960,7
user_10,tt0366532,10
user_10,tt0366548,7
user_10,tt0366551,5
user_10,tt0366627,7
user_10,tt0366840,8
user_10,tt0367027,5
user_10,tt0367089,8
user_10,tt0367495,8
user_10,tt0367594,7
user_10,tt0367790,7
user_10,tt0367882,6
user_10,tt0367959,7
user_10,tt0368008,5
user_10,tt0368222,8
user_10,tt0368226,6
user_10,tt0368447,5
user_10,tt0368709,5
user_10,tt0368794,6
user_10,tt0368891,6
user_10,tt0368909,7
user_10,tt0368933,8
user_10,tt0369226,2
user_10,tt0369339,7
user_10,tt0369436,7
user_10,tt0369441,8
user_10,tt0369610,7
user_10,tt0369702,8
user_10,tt0370032,3
user_10,tt0370263,4
user_10,tt0371246,5
user_10,tt0371257,6
user_10,tt0371552,7
user_10,tt0371606,5
user_10,tt0371724,8
user_10,tt0371746,7
user_10,tt0372183,9
user_10,tt0372237,6
user_10,tt0372588,7
user_10,tt0372784,9
user_10,tt0372873,6
user_10,tt0373024,8
user_10,tt0373051,5
user_10,tt0373074,9
user_10,tt0373152,8
user_10,tt0373469,8
user_10,tt0373883,5
user_10,tt0373889,7
user_10,tt0373926,6
user_10,tt0374330,5
user_10,tt0374339,7
user_10,tt0374536,4
user_10,tt0374887,8
user_10,tt0374900,6
user_10,tt0375063,7
user_10,tt0375093,10
user_10,tt0375173,5
user_10,tt0375568,6
user_10,tt0375679,9
user_10,tt0375912,5
user_10,tt0376136,7
user_10,tt0376541,7
user_10,tt0376968,9
user_10,tt0376994,6
user_10,tt0377092,7
user_10,tt0377107,10
user_10,tt0377109,6
user_10,tt0377471,5
user_10,tt0377556,6
user_10,tt0377818,6
user_10,tt0378109,6
user_10,tt0378194,9
user_10,tt0379217,8
user_10,tt0379725,7
user_10,tt0379786,8
user_10,tt0379889,7
user_10,tt0380510,8
user_10,tt0381061,7
user_10,tt0381681,7
user_10,tt0381707,6
user_10,tt0381849,9
user_10,tt0382383,8
user_10,tt0382625,7
user_10,tt0382628,5
user_10,tt0382691,8
user_10,tt0382932,9
user_10,tt0382992,4
user_10,tt0383010,4
user_10,tt0383028,9
user_10,tt0383216,5
user_10,tt0383222,2
user_10,tt0383574,8
user_10,tt0384286,4
user_10,tt0384537,8
user_10,tt0384642,6
user_10,tt0384680,5
user_10,tt0384793,5
user_10,tt0384806,6
user_10,tt0385002,7
user_10,tt0385004,9
user_10,tt0385057,5
user_10,tt0385183,6
user_10,tt0385307,6
user_10,tt0385705,6
user_10,tt0385752,6
user_10,tt0385880,7
user_10,tt0386117,6
user_10,tt0386140,5
user_10,tt0386588,6
user_10,tt0387059,4
user_10,tt0387131,6
user_10,tt0387564,8
user_10,tt0387808,6
user_10,tt0387877,7
user_10,tt0387898,6
user_10,tt0388125,5
user_10,tt0388482,7
user_10,tt0388795,6
user_10,tt0389475,4
user_10,tt0389557,8
user_10,tt0389722,5
user_10,tt0389790,6
user_10,tt0389860,8
user_10,tt0390022,7
user_10,tt0390221,7
user_10,tt0390384,6
user_10,tt0391198,7
user_10,tt0391304,6
user_10,tt0392690,6
user_10,tt0393109,7
user_10,tt0393162,8
user_10,tt0395169,8
user_10,tt0395584,8
user_10,tt0395699,5
user_10,tt0395947,5
user_10,tt0396096,6
user_10,tt0396171,7
user_10,tt0396269,6
user_10,tt0396555,7
user_10,tt0396652,6
user_10,tt0396690,4
user_10,tt0396707,8
user_10,tt0397065,7
user_10,tt0397101,7
user_10,tt0397313,8
user_10,tt0397535,9
user_10,tt0397892,8
user_10,tt0398017,7
user_10,tt0398165,7
user_10,tt0398286,7
user_10,tt0398375,5
user_10,tt0398712,6
user_10,tt0398808,6
user_10,tt0398842,6
user_10,tt0399146,8
user_10,tt0399201,7
user_10,tt0399295,9
user_10,tt0400497,4
user_10,tt0401383,8
user_10,tt0401445,8
user_10,tt0401711,9
user_10,tt0401729,7
user_10,tt0401792,8
user_10,tt0401815,6
user_10,tt0401855,7
user_10,tt0401997,9
user_10,tt0402022,8
user_10,tt0402399,6
user_10,tt0402901,5
user_10,tt0403508,6
user_10,tt0404030,8
user_10,tt0404032,6
user_10,tt0404203,7
user_10,tt0404390,10
user_10,tt0405094,8
user_10,tt0405159,7
user_10,tt0405296,7
user_10,tt0405325,7
user_10,tt0405422,7
user_10,tt0405508,8
user_10,tt0405821,7
user_10,tt0406375,6
user_10,tt0406816,7
user_10,tt0407304,8
user_10,tt0407887,9
user_10,tt0408236,7
user_10,tt0408306,9
user_10,tt0408345,5
user_10,tt0408524,4
user_10,tt0408790,6
user_10,tt0408839,6
user_10,tt0409072,7
user_10,tt0409182,5
user_10,tt0409184,10
user_10,tt0409459,6
user_10,tt0409847,7
user_10,tt0410297,7
user_10,tt0410764,7
user_10,tt0411061,6
user_10,tt0411477,6
user_10,tt0412019,7
user_10,tt0412080,8
user_10,tt0412535,3
user_10,tt0412922,7
user_10,tt0413099,4
user_10,tt0413267,8
user_10,tt0413300,6
user_10,tt0414387,8
user_10,tt0414853,6
user_10,tt0414982,5
user_10,tt0414993,8
user_10,tt0415003,6
user_10,tt0415306,6
user_10,tt0415778,3
user_10,tt0415978,8
user_10,tt0416212,10
user_10,tt0416236,7
user_10,tt0416320,6
user_10,tt0416449,5
user_10,tt0417148,7
user_10,tt0417741,6
user_10,tt0418279,10
user_10,tt0418689,7
user_10,tt0418763,7
user_10,tt0418773,5
user_10,tt0419294,7
user_10,tt0419677,7
user_10,tt0419706,3
user_10,tt0419887,8
user_10,tt0419952,8
user_10,tt0419984,4
user_10,tt0420223,8
user_10,tt0420293,7
user_10,tt0420294,6
user_10,tt0420318,7
user_10,tt0420982,8
user_10,tt0421054,7
user_10,tt0421073,7
user_10,tt0421082,8
user_10,tt0421206,8
user_10,tt0421238,8
user_10,tt0421239,5
user_10,tt0421715,9
user_10,tt0422320,10
user_10,tt0422720,5
user_10,tt0423294,7
user_10,tt0423515,3
user_10,tt0423977,9
user_10,tt0424095,5
user_10,tt0424136,8
user_10,tt0424345,7
user_10,tt0424971,8
user_10,tt0425061,7
user_10,tt0425112,9
user_10,tt0425123,8
user_10,tt0425210,8
user_10,tt0425308,5
user_10,tt0425321,8
user_10,tt0425430,6
user_10,tt0425601,6
user_10,tt0426459,6
user_10,tt0426883,6
user_10,tt0426931,7
user_10,tt0427152,7
user_10,tt0427229,5
user_10,tt0427309,8
user_10,tt0427327,8
user_10,tt0427415,3
user_10,tt0427424,8
user_10,tt0427944,9
user_10,tt0427969,7
user_10,tt0429493,9
user_10,tt0429589,6
user_10,tt0430105,8
user_10,tt0430304,6
user_10,tt0430357,7
user_10,tt0430922,7
user_10,tt0431021,5
user_10,tt0431197,7
user_10,tt0431308,7
user_10,tt0432021,6
user_10,tt0432283,7
user_10,tt0432348,7
user_10,tt0433035,7
user_10,tt0433362,7
user_10,tt0433383,8
user_10,tt0433387,7
user_10,tt0433400,6
user_10,tt0433412,4
user_10,tt0434139,7
user_10,tt0434409,7
user_10,tt0435286,6
user_10,tt0435623,7
user_10,tt0435625,8
user_10,tt0435651,6
user_10,tt0435705,5
user_10,tt0435761,7
user_10,tt0436339,5
user_10,tt0436697,6
user_10,tt0436982,5
user_10,tt0437084,7
user_10,tt0437086,7
user_10,tt0437232,7
user_10,tt0438097,6
user_10,tt0438488,6
user_10,tt0439662,6
user_10,tt0440963,8
user_10,tt0441048,7
user_10,tt0441773,7
user_10,tt0441821,4
user_10,tt0441881,7
user_10,tt0442286,9
user_10,tt0442933,7
user_10,tt0443272,7
user_10,tt0443274,8
user_10,tt0443453,9
user_10,tt0443496,7
user_10,tt0443543,8
user_10,tt0443632,5
user_10,tt0443649,6
user_10,tt0443680,8
user_10,tt0443701,8
user_10,tt0443706,10
user_10,tt0444682,5
user_10,tt0444874,4
user_10,tt0445620,7
user_10,tt0445922,9
user_10,tt0445934,7
user_10,tt0445990,9
user_10,tt0446029,9
user_10,tt0446059,9
user_10,tt0446312,6
user_10,tt0446755,8
user_10,tt0448011,7
user_10,tt0448115,6
user_10,tt0448134,6
user_10,tt0448157,5
user_10,tt0448694,6
user_10,tt0448927,6
user_10,tt0449010,7
user_10,tt0449059,10
user_10,tt0449088,7
user_10,tt0449467,7
user_10,tt0450188,9
user_10,tt0450232,7
user_10,tt0450259,8
user_10,tt0450278,6
user_10,tt0450314,6
user_10,tt0450385,7
user_10,tt0451079,7
user_10,tt0451094,9
user_10,tt0451279,9
user_10,tt0451803,7
user_10,tt0452594,6
user_10,tt0452598,5
user_10,tt0452608,6
user_10,tt0452623,8
user_10,tt0452625,4
user_10,tt0452637,5
user_10,tt0452643,7
user_10,tt0452681,5
user_10,tt0452694,7
user_10,tt0452702,6
user_10,tt0453450,6
user_10,tt0453451,6
user_10,tt0453467,9
user_10,tt0453556,7
user_10,tt0453562,9
user_10,tt0453671,8
user_10,tt0453729,8
user_10,tt0454082,5
user_10,tt0454824,8
user_10,tt0454841,8
user_10,tt0454848,8
user_10,tt0454876,8
user_10,tt0454921,7
user_10,tt0454945,6
user_10,tt0454970,4
user_10,tt0455407,5
user_10,tt0455499,8
user_10,tt0455538,5
user_10,tt0455590,8
user_10,tt0455760,5
user_10,tt0455824,6
user_10,tt0455944,9
user_10,tt0455957,6
user_10,tt0455960,7
user_10,tt0455967,7
user_10,tt0456396,6
user_10,tt0456554,8
user_10,tt0457297,5
user_10,tt0457419,7
user_10,tt0457430,9
user_10,tt0457510,9
user_10,tt0457513,8
user_10,tt0457572,8
user_10,tt0457939,8
user_10,tt0458242,8
user_10,tt0458339,8
user_10,tt0458352,8
user_10,tt0458367,6
user_10,tt0458481,8
user_10,tt0458525,5
user_10,tt0459102,9
user_10,tt0459666,7
user_10,tt0459748,6
user_10,tt0460740,7
user_10,tt0460791,9
user_10,tt0460989,7
user_10,tt0461770,6
user_10,tt0462200,6
user_10,tt0462322,6
user_10,tt0462396,7
user_10,tt0462465,6
user_10,tt0462499,7
user_10,tt0462504,7
user_10,tt0462538,6
user_10,tt0462590,6
user_10,tt0463034,5
user_10,tt0463854,6
user_10,tt0463985,5
user_10,tt0464049,6
user_10,tt0464141,7
user_10,tt0464196,7
user_10,tt0465234,6
user_10,tt0465494,6
user_10,tt0465538,6
user_10,tt0465551,6
user_10,tt0465580,5
user_10,tt0465602,8
user_10,tt0465624,5
user_10,tt0465670,7
user_10,tt0466460,8
user_10,tt0466771,5
user_10,tt0466856,6
user_10,tt0466893,5
user_10,tt0466909,3
user_10,tt0467110,5
user_10,tt0467197,5
user_10,tt0467200,7
user_10,tt0467406,8
user_10,tt0468489,7
user_10,tt0468492,8
user_10,tt0468569,8
user_10,tt0469494,7
user_10,tt0469849,4
user_10,tt0470055,7
user_10,tt0470705,5
user_10,tt0470752,7
user_10,tt0470761,4
user_10,tt0470967,5
user_10,tt0471041,8
user_10,tt0471042,7
user_10,tt0472033,8
user_10,tt0472043,7
user_10,tt0472062,6
user_10,tt0472156,8
user_10,tt0472198,5
user_10,tt0472268,9
user_10,tt0472399,8
user_10,tt0473075,6
user_10,tt0473356,7
user_10,tt0473444,7
user_10,tt0473488,9
user_10,tt0473705,7
user_10,tt0475276,8
user_10,tt0475290,4
user_10,tt0475394,7
user_10,tt0475591,8
user_10,tt0475944,3
user_10,tt0476735,7
user_10,tt0476888,5
user_10,tt0477051,5
user_10,tt0477071,6
user_10,tt0477080,7
user_10,tt0477139,8
user_10,tt0477302,6
user_10,tt0477347,8
user_10,tt0477348,8
user_10,tt0478024,8
user_10,tt0478087,6
user_10,tt0478134,7
user_10,tt0478304,6
user_10,tt0478311,7
user_10,tt0478970,7
user_10,tt0479143,8
user_10,tt0479500,5
user_10,tt0479751,6
user_10,tt0479884,7
user_10,tt0479952,9
user_10,tt0479997,6
user_10,tt0480025,9
user_10,tt0480242,8
user_10,tt0480249,8
user_10,tt0480255,6
user_10,tt0480269,6
user_10,tt0480271,5
user_10,tt0480669,7
user_10,tt0480687,5
user_10,tt0481141,8
user_10,tt0481369,8
user_10,tt0481499,9
user_10,tt0481536,5
user_10,tt0482461,5
user_10,tt0482571,9
user_10,tt0482572,9
user_10,tt0482606,7
user_10,tt0483607,7
user_10,tt0483776,7
user_10,tt0484740,7
user_10,tt0485924,6
user_10,tt0485947,9
user_10,tt0486551,7
user_10,tt0486576,5
user_10,tt0486578,7
user_10,tt0486583,8
user_10,tt0486640,7
user_10,tt0486655,9
user_10,tt0486674,5
user_10,tt0486822,6
user_10,tt0486946,5
user_10,tt0488120,8
user_10,tt0489099,6
user_10,tt0489235,5
user_10,tt0489237,9
user_10,tt0489270,5
user_10,tt0490084,3
user_10,tt0490204,7
user_10,tt0490215,6
user_10,tt0491747,7
user_10,tt0492044,7
user_10,tt0492956,7
user_10,tt0493076,5
user_10,tt0493464,7
user_10,tt0494238,5
user_10,tt0495596,7
user_10,tt0496806,7
user_10,tt0497137,6
user_10,tt0497465,6
user_10,tt0498353,6
user_10,tt0498380,6
user_10,tt0498381,6
user_10,tt0499448,8
user_10,tt0499549,8
user_10,tt0499556,7
user_10,tt0756683,7
user_10,tt0758730,5
user_10,tt0758746,7
user_10,tt0758752,9
user_10,tt0758758,9
user_10,tt0758766,7
user_10,tt0758774,9
user_10,tt0758794,7
user_10,tt0760311,6
user_10,tt0762107,5
user_10,tt0762114,5
user_10,tt0763304,3
user_10,tt0765010,6
user_10,tt0765429,8
user_10,tt0765432,8
user_10,tt0765443,7
user_10,tt0770703,5
user_10,tt0770752,7
user_10,tt0770772,6
user_10,tt0770828,7
user_10,tt0772176,7
user_10,tt0775440,5
user_10,tt0775489,6
user_10,tt0780061,7
user_10,tt0780504,8
user_10,tt0780511,8
user_10,tt0780521,7
user_10,tt0780536,10
user_10,tt0780548,8
user_10,tt0780571,7
user_10,tt0780622,7
user_10,tt0780653,7
user_10,tt0783233,6
user_10,tt0785007,4
user_10,tt0787475,6
user_10,tt0787523,5
user_10,tt0790636,8
user_10,tt0790686,7
user_10,tt0790724,8
user_10,tt0790736,4
user_10,tt0790804,5
user_10,tt0791304,7
user_10,tt0795351,6
user_10,tt0795368,8
user_10,tt0795421,6
user_10,tt0795439,5
user_10,tt0796314,7
user_10,tt0796366,9
user_10,tt0796375,7
user_10,tt0799934,6
user_10,tt0799949,3
user_10,tt0800027,7
user_10,tt0800039,9
user_10,tt0800080,5
user_10,tt0800308,7
user_10,tt0800320,5
user_10,tt0800369,6
user_10,tt0803096,8
user_10,tt0804461,6
user_10,tt0804492,1
user_10,tt0804497,7
user_10,tt0804505,8
user_10,tt0804516,5
user_10,tt0804529,6
user_10,tt0805564,8
user_10,tt0805570,6
user_10,tt0806147,3
user_10,tt0806203,7
user_10,tt0808151,8
user_10,tt0808232,8
user_10,tt0808279,6
user_10,tt0808357,7
user_10,tt0808417,7
user_10,tt0810784,7
user_10,tt0810819,8
user_10,tt0810913,4
user_10,tt0810922,8
user_10,tt0811080,7
user_10,tt0811106,7
user_10,tt0812352,4
user_10,tt0814255,6
user_10,tt0814314,7
user_10,tt0814335,7
user_10,tt0814685,5
user_10,tt0815236,10
user_10,tt0816442,8
user_10,tt0816462,5
user_10,tt0816556,6
user_10,tt0816692,9
user_10,tt0816711,6
user_10,tt0817177,8
user_10,tt0817230,7
user_10,tt0817538,6
user_10,tt0821640,5
user_10,tt0822832,7
user_10,tt0822847,4
user_10,tt0822854,9
user_10,tt0824747,9
user_10,tt0825232,8
user_10,tt0829150,7
user_10,tt0829424,4
user_10,tt0829482,6
user_10,tt0830515,7
user_10,tt0830558,7
user_10,tt0831387,8
user_10,tt0831887,6
user_10,tt0832266,7
user_10,tt0834001,6
user_10,tt0837562,7
user_10,tt0837563,8
user_10,tt0838221,8
user_10,tt0838233,9
user_10,tt0838247,4
user_10,tt0838283,7
user_10,tt0839967,9
user_10,tt0839980,7
user_10,tt0840361,6
user_10,tt0842926,6
user_10,tt0844457,7
user_10,tt0844471,9
user_10,tt0844479,7
user_10,tt0844671,3
user_10,tt0844708,7
user_10,tt0845474,6
user_10,tt0846040,8
user_10,tt0847520,4
user_10,tt0848228,9
user_10,tt0848537,6
user_10,tt0850253,5
user_10,tt0851578,8
user_10,tt0856288,8
user_10,tt0857191,8
user_10,tt0857295,7
user_10,tt0858479,6
user_10,tt0859163,4
user_10,tt0859635,6
user_10,tt0861689,8
user_10,tt0861739,8
user_10,tt0862467,6
user_10,tt0862846,8
user_10,tt0864835,6
user_10,tt0865554,6
user_10,tt0865556,7
user_10,tt0866437,6
user_10,tt0870111,9
user_10,tt0870984,7
user_10,tt0871426,7
user_10,tt0874271,7
user_10,tt0875034,7
user_10,tt0876233,9
user_10,tt0876563,8
user_10,tt0878804,5
user_10,tt0878835,7
user_10,tt0879870,7
user_10,tt0880502,7
user_10,tt0880578,6
user_10,tt0882977,7
user_10,tt0883995,8
user_10,tt0884177,6
user_10,tt0884224,6
user_10,tt0884328,7
user_10,tt0884732,9
user_10,tt0887883,7
user_10,tt0887912,9
user_10,tt0889573,5
user_10,tt0889583,5
user_10,tt0890870,7
user_10,tt0891527,7
user_10,tt0892769,9
user_10,tt0892782,8
user_10,tt0892791,7
user_10,tt0893402,6
user_10,tt0896798,4
user_10,tt0896872,10
user_10,tt0897374,5
user_10,tt0898367,9
user_10,tt0901476,5
user_10,tt0903624,9
user_10,tt0905372,6
user_10,tt0907657,7
user_10,tt0910554,7
user_10,tt0910559,6
user_10,tt0910905,5
user_10,tt0910936,5
user_10,tt0910970,8
user_10,tt0914798,7
user_10,tt0914863,8
user_10,tt0918927,9
user_10,tt0918940,8
user_10,tt0923811,7
user_10,tt0926084,8
user_10,tt0929425,7
user_10,tt0929632,8
user_10,tt0933061,5
user_10,tt0934928,8
user_10,tt0935075,6
user_10,tt0936501,6
user_10,tt0938283,4
user_10,tt0942385,7
user_10,tt0944835,6
user_10,tt0945513,8
user_10,tt0947798,8
user_10,tt0947810,6
user_10,tt0948470,6
user_10,tt0949731,5
user_10,tt0951216,8
user_10,tt0953318,10
user_10,tt0955308,7
user_10,tt0959337,9
user_10,tt0960144,6
user_10,tt0960731,7
user_10,tt0961066,7
user_10,tt0962711,7
user_10,tt0962726,3
user_10,tt0962736,9
user_10,tt0963178,6
user_10,tt0963194,8
user_10,tt0963743,8
user_10,tt0963794,6
user_10,tt0963966,4
user_10,tt0964517,8
user_10,tt0964539,6
user_10,tt0970179,7
user_10,tt0970411,6
user_10,tt0970416,6
user_10,tt0970468,7
user_10,tt0970866,6
user_10,tt0971209,7
user_10,tt0974015,8
user_10,tt0974554,8
user_10,tt0974661,6
user_10,tt0975645,6
user_10,tt0976051,5
user_10,tt0977855,8
user_10,tt0978762,9
user_10,tt0978764,6
user_10,tt0980970,6
user_10,tt0981227,8
user_10,tt0983193,8
user_10,tt0985694,7
user_10,tt0985699,6
user_10,tt0986233,8
user_10,tt0986263,7
user_10,tt0986264,9
user_10,tt0988045,10
user_10,tt0988108,9
user_10,tt0988595,4
user_10,tt0989757,8
user_10,tt0990407,5
user_10,tt0992911,9
user_10,tt0993842,6
user_10,tt0993846,8
user_10,tt0995039,7
user_10,tt0995868,8
user_10,tt0996661,9
user_10,tt0997047,5
user_10,tt0997263,8
user_10,tt0999913,6
user_10,tt1000774,6
user_10,tt1001508,6
user_10,tt1001526,7
user_10,tt1002567,5
user_10,tt1006929,6
user_10,tt1007028,6
user_10,tt1007029,6
user_10,tt1010048,9
user_10,tt1010445,5
user_10,tt1013743,8
user_10,tt1013752,7
user_10,tt1013753,8
user_10,tt1014759,7
user_10,tt1014763,5
user_10,tt1017451,7
user_10,tt1017460,5
user_10,tt10183816,5
user_10,tt1019452,7
user_10,tt10199590,8
user_10,tt1020072,7
user_10,tt1020558,6
user_10,tt1022603,8
user_10,tt1023111,6
user_10,tt1023114,6
user_10,tt1023481,8
user_10,tt1024255,5
user_10,tt1024648,6
user_10,tt1025100,5
user_10,tt1027718,7
user_10,tt1028528,5
user_10,tt1028532,9
user_10,tt1029234,7
user_10,tt1029360,5
user_10,tt10314450,7
user_10,tt10324144,9
user_10,tt1032751,7
user_10,tt1032755,7
user_10,tt1032815,5
user_10,tt1032846,8
user_10,tt10329842,8
user_10,tt1033575,8
user_10,tt1033643,8
user_10,tt1034032,6
user_10,tt1034303,8
user_10,tt1034314,6
user_10,tt1034331,7
user_10,tt1034389,6
user_10,tt1034415,6
user_10,tt1037218,9
user_10,tt1037705,7
user_10,tt1038119,6
user_10,tt1038686,6
user_10,tt1038919,5
user_10,tt1038988,6
user_10,tt1041804,4
user_10,tt1041829,9
user_10,tt1043726,5
user_10,tt1045658,8
user_10,tt1045670,8
user_10,tt1045772,5
user_10,tt1045898,7
user_10,tt1046173,7
user_10,tt10463030,6
user_10,tt1048174,7
user_10,tt1049413,8
user_10,tt1051904,7
user_10,tt1051906,7
user_10,tt1053424,7
user_10,tt1053810,6
user_10,tt1054112,4
user_10,tt1054588,7
user_10,tt1054606,7
user_10,tt1055292,8
user_10,tt1055369,5
user_10,tt1057500,7
user_10,tt1058017,6
user_10,tt1059786,6
user_10,tt1059929,7
user_10,tt1060277,6
user_10,tt1063669,8
user_10,tt1064744,6
user_10,tt1064932,8
user_10,tt1065073,7
user_10,tt1067106,6
user_10,tt1067583,8
user_10,tt1068641,6
user_10,tt1068680,8
user_10,tt10702760,8
user_10,tt1071804,7
user_10,tt1071875,5
user_10,tt1073241,7
user_10,tt1073498,3
user_10,tt1073654,4
user_10,tt1074638,8
user_10,tt1075417,6
user_10,tt1075747,4
user_10,tt1077258,7
user_10,tt1077368,6
user_10,tt1078188,8
user_10,tt1078588,9
user_10,tt1078597,5
user_10,tt1078600,6
user_10,tt1078912,6
user_10,tt1078940,6
user_10,tt1080016,8
user_10,tt1081915,6
user_10,tt1082807,6
user_10,tt1082853,6
user_10,tt1082886,6
user_10,tt1083452,9
user_10,tt1083456,6
user_10,tt1084955,5
user_10,tt1086772,8
user_10,tt1087578,10
user_10,tt1091191,9
user_10,tt1091722,6
user_10,tt1092026,8
user_10,tt1093357,5
user_10,tt1093908,7
user_10,tt1095217,7
user_10,tt10964430,8
user_10,tt1098327,4
user_10,tt1099212,6
user_10,tt10993566,7
user_10,tt1100089,8
user_10,tt1103153,6
user_10,tt1104001,7
user_10,tt1104733,7
user_10,tt1106860,7
user_10,tt1109624,8
user_10,tt1111422,6
user_10,tt1114740,6
user_10,tt1117385,7
user_10,tt1119191,7
user_10,tt1119646,8
user_10,tt1120985,7
user_10,tt1121931,6
user_10,tt1122836,7
user_10,tt1124035,8
user_10,tt1125849,10
user_10,tt1126590,7
user_10,tt1126591,7
user_10,tt1127180,6
user_10,tt1129442,5
user_10,tt1130080,7
user_10,tt1130884,8
user_10,tt1130988,7
user_10,tt11316854,10
user_10,tt1131729,7
user_10,tt1131734,6
user_10,tt1132620,9
user_10,tt1132626,6
user_10,tt1133985,5
user_10,tt1133995,3
user_10,tt1134854,4
user_10,tt1135503,6
user_10,tt1135985,6
user_10,tt1136608,8
user_10,tt1139282,5
user_10,tt1139328,7
user_10,tt1139592,6
user_10,tt1139662,5
user_10,tt1139668,6
user_10,tt1139797,8
user_10,tt1142977,7
user_10,tt1142988,6
user_10,tt1144804,4
user_10,tt1144884,6
user_10,tt1148204,6
user_10,tt1149362,7
user_10,tt1151922,5
user_10,tt1152398,8
user_10,tt1152836,6
user_10,tt11542214,5
user_10,tt1155056,7
user_10,tt1155076,6
user_10,tt1156398,8
user_10,tt1160368,5
user_10,tt1161864,6
user_10,tt1164999,8
user_10,tt1166113,4
user_10,tt1167638,7
user_10,tt1167660,7
user_10,tt1169272,6
user_10,tt1170358,8
user_10,tt1171701,7
user_10,tt1172049,8
user_10,tt1172233,8
user_10,tt1172570,9
user_10,tt1174732,8
user_10,tt1175491,5
user_10,tt1175709,6
user_10,tt1176740,8
user_10,tt1178663,8
user_10,tt1179031,7
user_10,tt1179034,6
user_10,tt1179056,5
user_10,tt1179891,6
user_10,tt1179904,5
user_10,tt1179933,9
user_10,tt1181791,7
user_10,tt1181795,7
user_10,tt1181920,7
user_10,tt1182345,8
user_10,tt1182350,8
user_10,tt1183251,5
user_10,tt1183252,8
user_10,tt1185416,7
user_10,tt1185834,7
user_10,tt1186370,5
user_10,tt1186830,6
user_10,tt1187043,7
user_10,tt1187064,8
user_10,tt1188729,8
user_10,tt1188982,7
user_10,tt1188990,7
user_10,tt1188996,7
user_10,tt1189073,6
user_10,tt1189340,7
user_10,tt1190080,4
user_10,tt1191111,7
user_10,tt1192628,7
user_10,tt1193138,8
user_10,tt1193516,5
user_10,tt1194173,6
user_10,tt1195478,6
user_10,tt1196141,7
user_10,tt1196948,7
user_10,tt1197624,7
user_10,tt1197628,5
user_10,tt1198101,7
user_10,tt1201167,5
user_10,tt1201607,7
user_10,tt1204975,8
user_10,tt1204977,4
user_10,tt1205489,7
user_10,tt1205537,7
user_10,tt1206543,8
user_10,tt1206885,6
user_10,tt1210166,7
user_10,tt1210819,6
user_10,tt1211837,10
user_10,tt1211956,6
user_10,tt1212419,6
user_10,tt1212428,5
user_10,tt1212450,10
user_10,tt1212454,7
user_10,tt1213012,6
user_10,tt1213641,8
user_10,tt1213663,5
user_10,tt1216475,7
user_10,tt1216487,7
user_10,tt1217209,8
user_10,tt1217613,6
user_10,tt1219289,8
user_10,tt1219827,6
user_10,tt1220198,5
user_10,tt1220634,5
user_10,tt1220719,8
user_10,tt1222817,6
user_10,tt1223975,7
user_10,tt1225822,6
user_10,tt1226229,7
user_10,tt1226273,7
user_10,tt1226753,6
user_10,tt1226774,10
user_10,tt1226837,9
user_10,tt1227524,8
user_10,tt1228705,9
user_10,tt1228987,8
user_10,tt1229236,4
user_10,tt1229238,7
user_10,tt1229340,7
user_10,tt1229822,8
user_10,tt1230414,6
user_10,tt1231580,5
user_10,tt1231583,7
user_10,tt1231587,7
user_10,tt1232200,6
user_10,tt1232829,9
user_10,tt1233227,7
user_10,tt1234548,7
user_10,tt1234721,5
user_10,tt1235124,7
user_10,tt1235166,9
user_10,tt1235189,5
user_10,tt1235522,5
user_10,tt1235796,8
user_10,tt1235807,5
user_10,tt1235830,6
user_10,tt1239462,3
user_10,tt1240982,5
user_10,tt1241317,3
user_10,tt1242432,7
user_10,tt1242460,8
user_10,tt1243957,7
user_10,tt1244668,8
user_10,tt1245112,6
user_10,tt1245492,8
user_10,tt1245526,8
user_10,tt1245775,7
user_10,tt1247640,6
user_10,tt1247662,6
user_10,tt1248984,7
user_10,tt1250777,9
user_10,tt1251743,5
user_10,tt1252329,5
user_10,tt1253863,6
user_10,tt1253864,6
user_10,tt1255953,9
user_10,tt1258197,6
user_10,tt1258972,6
user_10,tt1259521,7
user_10,tt1259528,7
user_10,tt1259571,8
user_10,tt12607910,7
user_10,tt1261945,5
user_10,tt1262416,6
user_10,tt1263670,8
user_10,tt1266029,8
user_10,tt1267297,6
user_10,tt1268987,4
user_10,tt1270114,4
user_10,tt1270262,6
user_10,tt1270761,7
user_10,tt1270797,7
user_10,tt1270798,9
user_10,tt1272878,8
user_10,tt1273204,7
user_10,tt1273235,4
user_10,tt1273678,6
user_10,tt1276104,8
user_10,tt1277953,7
user_10,tt1278340,6
user_10,tt1279935,6
user_10,tt1280558,8
user_10,tt1282140,7
user_10,tt1284575,5
user_10,tt1285016,9
user_10,tt1285309,5
user_10,tt1286126,8
user_10,tt1286784,9
user_10,tt1288558,6
user_10,tt1288638,8
user_10,tt1289401,4
user_10,tt1289406,7
user_10,tt1291150,6
user_10,tt1291566,8
user_10,tt1291570,6
user_10,tt1291580,6
user_10,tt1291584,8
user_10,tt1292566,5
user_10,tt1293847,5
user_10,tt1297919,7
user_10,tt1298644,6
user_10,tt1298649,7
user_10,tt1298650,7
user_10,tt1300854,6
user_10,tt1302006,8
user_10,tt1302011,8
user_10,tt1303230,4
user_10,tt1305806,7
user_10,tt1306980,6
user_10,tt1307068,7
user_10,tt1308729,5
user_10,tt1308748,4
user_10,tt1311067,5
user_10,tt1313092,7
user_10,tt1314655,3
user_10,tt1315962,6
user_10,tt1315981,7
user_10,tt1316536,6
user_10,tt1318514,7
user_10,tt1320239,6
user_10,tt1320253,7
user_10,tt1320291,6
user_10,tt1321511,4
user_10,tt1321870,7
user_10,tt1322269,7
user_10,tt1322312,8
user_10,tt1322930,8
user_10,tt1323594,7
user_10,tt1324059,8
user_10,tt1324999,4
user_10,tt1325004,5
user_10,tt1327194,8
user_10,tt1327773,7
user_10,tt1333125,4
user_10,tt1334260,6
user_10,tt1334553,8
user_10,tt1335975,4
user_10,tt1336608,6
user_10,tt1336617,7
user_10,tt1337032,8
user_10,tt1337193,5
user_10,tt1340138,8
user_10,tt1340800,8
user_10,tt1341188,6
user_10,tt1343092,9
user_10,tt1343097,7
user_10,tt1343727,8
user_10,tt1345836,10
user_10,tt1351685,6
user_10,tt1355630,6
user_10,tt1355631,7
user_10,tt1355638,6
user_10,tt1355644,8
user_10,tt1355683,7
user_10,tt1356698,7
user_10,tt1356864,6
user_10,tt1361809,7
user_10,tt1365050,7
user_10,tt1365474,7
user_10,tt1365519,6
user_10,tt1366344,6
user_10,tt1371111,7
user_10,tt1371150,8
user_10,tt1373156,7
user_10,tt1374989,5
user_10,tt1375666,10
user_10,tt1375670,9
user_10,tt1379182,9
user_10,tt1382725,9
user_10,tt1385543,6
user_10,tt1385826,6
user_10,tt1385867,5
user_10,tt1386588,8
user_10,tt1386697,4
user_10,tt1386703,6
user_10,tt1386932,9
user_10,tt1388359,7
user_10,tt1389072,6
user_10,tt1389127,6
user_10,tt1389137,8
user_10,tt1390411,6
user_10,tt1392170,9
user_10,tt1392190,9
user_10,tt1392214,9
user_10,tt1396218,6
user_10,tt1396219,5
user_10,tt1396484,7
user_10,tt1397280,6
user_10,tt1397514,7
user_10,tt1398426,8
user_10,tt1399103,5
user_10,tt1399683,8
user_10,tt1401152,6
user_10,tt1403865,7
user_10,tt1403981,5
user_10,tt1403983,5
user_10,tt1405412,6
user_10,tt1408101,7
user_10,tt1408253,7
user_10,tt1409024,5
user_10,tt1411238,7
user_10,tt1411250,8
user_10,tt1411697,5
user_10,tt1411704,5
user_10,tt1412386,6
user_10,tt1413492,7
user_10,tt1416801,8
user_10,tt1418377,6
user_10,tt1423995,4
user_10,tt1424003,5
user_10,tt1424310,8
user_10,tt1424381,7
user_10,tt1426329,6
user_10,tt1428538,6
user_10,tt1430132,6
user_10,tt1431045,8
user_10,tt1433108,7
user_10,tt1433811,7
user_10,tt1434423,7
user_10,tt1434435,7
user_10,tt1435513,7
user_10,tt1436045,7
user_10,tt1436562,6
user_10,tt1437358,6
user_10,tt1438176,6
user_10,tt1438254,8
user_10,tt1440129,6
user_10,tt1440292,7
user_10,tt1440728,7
user_10,tt1441395,4
user_10,tt1441912,9
user_10,tt1441952,6
user_10,tt1441953,8
user_10,tt1444252,4
user_10,tt1446072,4
user_10,tt1446192,7
user_10,tt1446714,5
user_10,tt1447500,7
user_10,tt1447508,8
user_10,tt1448755,6
user_10,tt1449283,7
user_10,tt1450321,8
user_10,tt1453405,6
user_10,tt1454029,7
user_10,tt1454468,8
user_10,tt1455811,8
user_10,tt1456635,8
user_10,tt1457767,8
user_10,tt1458175,7
user_10,tt1460643,4
user_10,tt1462041,6
user_10,tt1462054,8
user_10,tt1462411,7
user_10,tt1462758,6
user_10,tt1464174,5
user_10,tt1464540,5
user_10,tt1465522,9
user_10,tt1467304,4
user_10,tt1468843,8
user_10,tt1469304,6
user_10,tt1470023,6
user_10,tt1470827,5
user_10,tt1473832,7
user_10,tt1477076,4
user_10,tt1477834,6
user_10,tt1478338,9
user_10,tt1478964,7
user_10,tt1480295,6
user_10,tt1480656,6
user_10,tt1482459,6
user_10,tt1483013,9
user_10,tt1485796,8
user_10,tt1486185,7
user_10,tt1486190,7
user_10,tt1486192,8
user_10,tt1486834,6
user_10,tt1487118,7
user_10,tt1488555,7
user_10,tt1488606,6
user_10,tt1489887,6
user_10,tt1489889,5
user_10,tt1490017,8
user_10,tt1493815,6
user_10,tt1496025,4
user_10,tt1496729,9
user_10,tt1499201,7
user_10,tt1499658,8
user_10,tt1502397,6
user_10,tt1502404,5
user_10,tt1502407,7
user_10,tt1502712,5
user_10,tt1504320,8
user_10,tt1506999,4
user_10,tt1508675,7
user_10,tt1509767,6
user_10,tt1512235,6
user_10,tt1515091,9
user_10,tt1517260,6
user_10,tt1517451,8
user_10,tt1520498,8
user_10,tt1524137,6
user_10,tt1524930,7
user_10,tt1527186,7
user_10,tt1527788,7
user_10,tt1527835,8
user_10,tt1528071,5
user_10,tt1528100,5
user_10,tt1528854,6
user_10,tt1529572,6
user_10,tt1531901,7
user_10,tt1532503,7
user_10,tt1535108,8
user_10,tt1535109,7
user_10,tt1535491,7
user_10,tt1535511,7
user_10,tt1536044,5
user_10,tt1536537,6
user_10,tt1538403,5
user_10,tt1540011,6
user_10,tt1540133,7
user_10,tt1542344,7
user_10,tt1545759,6
user_10,tt1547234,6
user_10,tt1549920,6
user_10,tt1555149,7
user_10,tt1559547,6
user_10,tt1560220,6
user_10,tt1560747,7
user_10,tt1562568,5
user_10,tt1562872,9
user_10,tt1563704,7
user_10,tt1563738,7
user_10,tt1564349,7
user_10,tt1564367,7
user_10,tt1564585,6
user_10,tt1565958,8
user_10,tt1567437,7
user_10,tt1567609,6
user_10,tt1568338,7
user_10,tt1568346,7
user_10,tt1568911,8
user_10,tt1568921,7
user_10,tt1570091,7
user_10,tt1570728,7
user_10,tt1571222,8
user_10,tt1571234,5
user_10,tt1571247,5
user_10,tt1572315,5
user_10,tt1577040,6
user_10,tt1577061,4
user_10,tt1582248,6
user_10,tt1583420,5
user_10,tt1583421,5
user_10,tt1586265,6
user_10,tt1586752,7
user_10,tt1587310,6
user_10,tt1588170,9
user_10,tt1588173,7
user_10,tt1588334,5
user_10,tt1590193,7
user_10,tt1591095,7
user_10,tt1592292,9
user_10,tt1592525,6
user_10,tt1592873,5
user_10,tt1594562,7
user_10,tt1595656,6
user_10,tt1596343,7
user_10,tt1596350,7
user_10,tt1596363,8
user_10,tt1596365,7
user_10,tt1598778,7
user_10,tt1598822,5
user_10,tt1599348,8
user_10,tt1600195,6
user_10,tt1600196,7
user_10,tt1601475,8
user_10,tt1601913,7
user_10,tt1602098,7
user_10,tt1602613,7
user_10,tt1602620,8
user_10,tt1604171,7
user_10,tt1605630,8
user_10,tt1605717,7
user_10,tt1605783,9
user_10,tt1606378,6
user_10,tt1606389,7
user_10,tt1606392,8
user_10,tt1608290,5
user_10,tt1610452,8
user_10,tt1611224,6
user_10,tt1613750,7
user_10,tt1614989,6
user_10,tt1615065,5
user_10,tt1615147,6
user_10,tt1615160,8
user_10,tt1615918,4
user_10,tt1616195,5
user_10,tt1617661,6
user_10,tt1618434,6
user_10,tt1618442,5
user_10,tt1619029,7
user_10,tt1620680,5
user_10,tt1620933,7
user_10,tt1622547,5
user_10,tt1622979,7
user_10,tt1623205,7
user_10,tt1623288,7
user_10,tt1626146,8
user_10,tt1628841,6
user_10,tt1630036,9
user_10,tt1631867,7
user_10,tt1632708,8
user_10,tt1634122,8
user_10,tt1634136,5
user_10,tt1636826,6
user_10,tt1637688,5
user_10,tt1637706,6
user_10,tt1637725,7
user_10,tt1638002,5
user_10,tt1638355,9
user_10,tt1640718,9
user_10,tt1641638,7
user_10,tt1645131,7
user_10,tt1645170,5
user_10,tt1646971,8
user_10,tt1646980,6
user_10,tt1646987,7
user_10,tt1648179,7
user_10,tt1648190,5
user_10,tt1649419,6
user_10,tt1650048,6
user_10,tt1650062,7
user_10,tt1650554,7
user_10,tt1655420,6
user_10,tt1655441,7
user_10,tt1655442,9
user_10,tt1655460,4
user_10,tt1656186,5
user_10,tt1656190,7
user_10,tt1657507,7
user_10,tt1658801,7
user_10,tt1659337,10
user_10,tt1659343,4
user_10,tt1661199,6
user_10,tt1661275,5
user_10,tt1661382,6
user_10,tt1663202,8
user_10,tt1663662,7
user_10,tt1666186,6
user_10,tt1666335,7
user_10,tt1666801,7
user_10,tt1667076,6
user_10,tt1667889,8
user_10,tt1670345,8
user_10,tt1673434,4
user_10,tt1674771,6
user_10,tt1675192,7
user_10,tt1675434,8
user_10,tt1677720,7
user_10,tt1682180,6
user_10,tt1683526,8
user_10,tt1684233,7
user_10,tt1686897,9
user_10,tt1687901,5
user_10,tt1690953,6
user_10,tt1691917,5
user_10,tt1692486,6
user_10,tt1699513,2
user_10,tt1700841,7
user_10,tt1700844,8
user_10,tt1702014,7
user_10,tt1702439,6
user_10,tt1703148,6
user_10,tt1704137,7
user_10,tt1706593,7
user_10,tt1706620,8
user_10,tt1707386,8
user_10,tt1709143,5
user_10,tt1711525,5
user_10,tt1712261,6
user_10,tt1714206,9
user_10,tt1714210,9
user_10,tt1714915,8
user_10,tt1715751,10
user_10,tt1716772,7
user_10,tt1716777,6
user_10,tt1718903,5
user_10,tt1723121,8
user_10,tt1723811,7
user_10,tt1726592,6
user_10,tt1727388,7
user_10,tt1727496,5
user_10,tt1727816,10
user_10,tt1727824,9
user_10,tt1728239,3
user_10,tt1728979,3
user_10,tt1730768,7
user_10,tt1731141,4
user_10,tt1735898,6
user_10,tt1737255,4
user_10,tt1740707,7
user_10,tt1741273,7
user_10,tt1742044,7
user_10,tt1743994,4
user_10,tt1747958,6
user_10,tt1748122,7
user_10,tt1748197,4
user_10,tt1753383,9
user_10,tt1754029,3
user_10,tt1758692,10
user_10,tt1758830,7
user_10,tt1763303,4
user_10,tt1763316,5
user_10,tt1764234,5
user_10,tt1764651,5
user_10,tt1767354,7
user_10,tt1772240,6
user_10,tt1772341,10
user_10,tt1778304,7
user_10,tt1781769,6
user_10,tt1781922,7
user_10,tt1784575,9
user_10,tt1786751,7
user_10,tt1788383,5
user_10,tt1790809,6
user_10,tt1790864,7
user_10,tt1790885,8
user_10,tt1790886,6
user_10,tt1791682,7
user_10,tt1797547,6
user_10,tt1798603,8
user_10,tt1798684,7
user_10,tt1798709,7
user_10,tt1800241,7
user_10,tt1800246,6
user_10,tt1800302,7
user_10,tt1800741,6
user_10,tt1809398,7
user_10,tt1815862,6
user_10,tt1816518,8
user_10,tt1817273,6
user_10,tt1817676,6
user_10,tt1821362,7
user_10,tt1821549,8
user_10,tt1821694,5
user_10,tt1823664,6
user_10,tt1823672,7
user_10,tt1825683,7
user_10,tt1825955,5
user_10,tt1826590,6
user_10,tt1828995,7
user_10,tt1829012,4
user_10,tt1831806,6
user_10,tt1832382,8
user_10,tt1833844,7
user_10,tt1833888,6
user_10,tt1836212,4
user_10,tt1837709,7
user_10,tt1838544,7
user_10,tt1839492,7
user_10,tt1840309,7
user_10,tt1840417,7
user_10,tt1841542,6
user_10,tt1843866,7
user_10,tt1852006,7
user_10,tt1853544,8
user_10,tt1853728,9
user_10,tt1853739,7
user_10,tt1854564,6
user_10,tt1855199,8
user_10,tt1855325,5
user_10,tt1856101,7
user_10,tt1859650,7
user_10,tt1860213,5
user_10,tt1860353,6
user_10,tt1860357,7
user_10,tt1862079,8
user_10,tt1865505,9
user_10,tt1869347,5
user_10,tt1869716,7
user_10,tt1870425,6
user_10,tt1872084,7
user_10,tt1872181,7
user_10,tt1872194,7
user_10,tt1873591,5
user_10,tt1877832,6
user_10,tt1878841,5
user_10,tt1878870,7
user_10,tt1879030,6
user_10,tt1891769,9
user_10,tt1893256,6
user_10,tt1894476,8
user_10,tt1895587,7
user_10,tt1899353,9
user_10,tt1904996,7
user_10,tt1905041,7
user_10,tt1906329,6
user_10,tt1907668,7
user_10,tt1911600,6
user_10,tt1911644,7
user_10,tt1911658,7
user_10,tt1915581,5
user_10,tt1918806,5
user_10,tt1921064,3
user_10,tt1922777,6
user_10,tt1924394,8
user_10,tt1924396,9
user_10,tt1924429,5
user_10,tt1924435,8
user_10,tt1925518,5
user_10,tt1928330,6
user_10,tt1929237,8
user_10,tt1931435,5
user_10,tt1931533,8
user_10,tt1934205,8
user_10,tt1935065,6
user_10,tt1935179,7
user_10,tt1935859,5
user_10,tt1935897,5
user_10,tt1937149,9
user_10,tt1937264,9
user_10,tt1937339,8
user_10,tt1937390,6
user_10,tt1939654,5
user_10,tt1939659,5
user_10,tt1945084,4
user_10,tt1950186,8
user_10,tt1951261,6
user_10,tt1951264,7
user_10,tt1951265,8
user_10,tt1951266,8
user_10,tt1954470,10
user_10,tt1954598,5
user_10,tt1956620,5
user_10,tt1959438,6
user_10,tt1959490,6
user_10,tt1959563,7
user_10,tt1961175,7
user_10,tt1964418,9
user_10,tt1967545,7
user_10,tt1972571,6
user_10,tt1972591,7
user_10,tt1974419,4
user_10,tt1976000,8
user_10,tt1979283,5
user_10,tt1979320,8
user_10,tt1979376,8
user_10,tt1979388,7
user_10,tt1980209,8
user_10,tt1980219,3
user_10,tt1980929,8
user_10,tt1981115,7
user_10,tt1981128,4
user_10,tt1981677,8
user_10,tt1985966,6
user_10,tt1987680,8
user_10,tt1988621,5
user_10,tt1990314,5
user_10,tt1996264,7
user_10,tt1999890,5
user_10,tt2002718,5
user_10,tt2004420,8
user_10,tt2005151,6
user_10,tt2006295,6
user_10,tt2011159,5
user_10,tt2011311,6
user_10,tt2011971,8
user_10,tt2013293,7
user_10,tt2015381,9
user_10,tt2016940,5
user_10,tt2017020,6
user_10,tt2017038,9
user_10,tt2017561,8
user_10,tt2023587,7
user_10,tt2024432,5
user_10,tt2024469,7
user_10,tt2024519,8
user_10,tt2024544,8
user_10,tt2034031,8
user_10,tt2034800,4
user_10,tt2039338,5
user_10,tt2042568,7
user_10,tt2044774,8
user_10,tt2048770,6
user_10,tt2051879,7
user_10,tt2053463,6
user_10,tt2057392,6
user_10,tt2058673,4
user_10,tt2059171,8
user_10,tt2061869,6
user_10,tt2062575,7
user_10,tt2066051,7
user_10,tt2066176,10
user_10,tt2076223,3
user_10,tt2080374,7
user_10,tt2084970,8
user_10,tt2088869,9
user_10,tt2088871,5
user_10,tt2091256,8
user_10,tt2094766,6
user_10,tt2096672,6
user_10,tt2096673,10
user_10,tt2101341,6
user_10,tt2101383,4
user_10,tt2101441,5
user_10,tt2101569,9
user_10,tt2103217,7
user_10,tt2103254,4
user_10,tt2103267,8
user_10,tt2103281,9
user_10,tt2106476,10
user_10,tt2109184,5
user_10,tt2109248,7
user_10,tt2112096,5
user_10,tt2112124,6
user_10,tt2112210,5
user_10,tt2113636,6
user_10,tt2114504,4
user_10,tt2118624,6
user_10,tt2119532,9
user_10,tt2120120,4
user_10,tt2125435,7
user_10,tt2126235,6
user_10,tt2126355,4
user_10,tt2132285,6
user_10,tt2139881,8
user_10,tt2140203,7
user_10,tt2140373,9
user_10,tt2140479,5
user_10,tt2140619,9
user_10,tt2165765,5
user_10,tt2170439,5
user_10,tt2170593,8
user_10,tt2172934,6
user_10,tt2176013,10
user_10,tt2177771,7
user_10,tt2179116,7
user_10,tt2179136,8
user_10,tt2180411,7
user_10,tt2184339,7
user_10,tt2186819,5
user_10,tt2187203,8
user_10,tt2191701,6
user_10,tt2192888,6
user_10,tt2193215,4
user_10,tt2194499,8
user_10,tt2199571,8
user_10,tt2203939,7
user_10,tt2205697,7
user_10,tt2209418,8
user_10,tt2209764,6
user_10,tt2217859,8
user_10,tt2223990,7
user_10,tt2224026,7
user_10,tt2224317,6
user_10,tt2226417,8
user_10,tt2226519,6
user_10,tt2229499,6
user_10,tt2231461,6
user_10,tt2231554,6
user_10,tt2234003,7
user_10,tt2234155,6
user_10,tt2236054,7
user_10,tt2239822,6
user_10,tt2239832,7
user_10,tt2241047,7
user_10,tt2241351,6
user_10,tt2245003,7
user_10,tt2245084,8
user_10,tt2247476,9
user_10,tt2250912,6
user_10,tt2260850,7
user_10,tt2263944,8
user_10,tt2265171,8
user_10,tt2267968,8
user_10,tt2267998,9
user_10,tt2272350,6
user_10,tt2274648,6
user_10,tt2277860,8
user_10,tt2278388,8
user_10,tt2278871,10
user_10,tt2281587,7
user_10,tt2283336,5
user_10,tt2283362,8
user_10,tt2290828,9
user_10,tt2293640,4
user_10,tt2294449,8
user_10,tt2294629,6
user_10,tt2294677,6
user_10,tt2296777,7
user_10,tt2298384,7
user_10,tt2301592,9
user_10,tt2302755,7
user_10,tt2304426,6
user_10,tt2304933,4
user_10,tt2305051,7
user_10,tt2309961,7
user_10,tt2310332,7
user_10,tt2312718,7
user_10,tt2316204,6
user_10,tt2316411,7
user_10,tt2318092,7
user_10,tt2321549,6
user_10,tt2322441,4
user_10,tt2325977,4
user_10,tt2326554,6
user_10,tt2328900,7
user_10,tt2328922,7
user_10,tt2330322,7
user_10,tt2330866,6
user_10,tt2333784,6
user_10,tt2334649,8
user_10,tt2334871,4
user_10,tt2334873,7
user_10,tt2334879,5
user_10,tt2338151,8
user_10,tt2345112,7
user_10,tt2345759,7
user_10,tt2350496,8
user_10,tt2357291,6
user_10,tt2361509,8
user_10,tt2365580,6
user_10,tt2368553,8
user_10,tt2369135,6
user_10,tt2370248,8
user_10,tt2377322,8
user_10,tt2377938,8
user_10,tt2379713,6
user_10,tt2380307,8
user_10,tt2381111,9
user_10,tt2381249,9
user_10,tt2381941,6
user_10,tt2381991,6
user_10,tt2382009,8
user_10,tt2385104,7
user_10,tt2386490,8
user_10,tt2387433,6
user_10,tt2387499,4
user_10,tt2388715,7
user_10,tt2390361,7
user_10,tt2395421,9
user_10,tt2395427,7
user_10,tt2395455,7
user_10,tt2397535,8
user_10,tt2400463,6
user_10,tt2401807,5
user_10,tt2401878,7
user_10,tt2402101,4
user_10,tt2402927,7
user_10,tt2404233,5
user_10,tt2404311,5
user_10,tt2404425,6
user_10,tt2404435,5
user_10,tt2404461,9
user_10,tt2404463,9
user_10,tt2406566,7
user_10,tt2415964,7
user_10,tt2417650,3
user_10,tt2425486,5
user_10,tt2429074,7
user_10,tt2431286,7
user_10,tt2437786,7
user_10,tt2438644,7
user_10,tt2440362,6
user_10,tt2446042,6
user_10,tt2446980,8
user_10,tt2452200,6
user_10,tt2452244,7
user_10,tt2452254,8
user_10,tt2452386,9
user_10,tt2459156,6
user_10,tt2461132,4
user_10,tt2461150,6
user_10,tt2463288,7
user_10,tt2473602,8
user_10,tt2473794,6
user_10,tt2477218,6
user_10,tt2481498,5
user_10,tt2488496,9
user_10,tt2493486,7
user_10,tt2495118,7
user_10,tt2503944,5
user_10,tt2505294,7
user_10,tt2510894,8
user_10,tt2512236,6
user_10,tt2513074,8
user_10,tt2515034,6
user_10,tt2527336,7
user_10,tt2527338,7
user_10,tt2534634,8
user_10,tt2534648,7
user_10,tt2543164,6
user_10,tt2543472,8
user_10,tt2547584,6
user_10,tt2548396,4
user_10,tt2554274,8
user_10,tt2555736,5
user_10,tt2557256,6
user_10,tt2557478,4
user_10,tt2557490,5
user_10,tt2561546,5
user_10,tt2561572,6
user_10,tt2562232,8
user_10,tt2567026,8
user_10,tt2568862,6
user_10,tt2571140,6
user_10,tt2574698,1
user_10,tt2576852,7
user_10,tt2582496,8
user_10,tt2582782,5
user_10,tt2582802,9
user_10,tt2582846,9
user_10,tt2584384,8
user_10,tt2586120,7
user_10,tt2591814,7
user_10,tt2592614,7
user_10,tt2614684,9
user_10,tt2625810,5
user_10,tt2631186,9
user_10,tt2637276,6
user_10,tt2645092,6
user_10,tt2660888,7
user_10,tt2671706,7
user_10,tt2674358,6
user_10,tt2674426,8
user_10,tt2677894,5
user_10,tt2679042,7
user_10,tt2692250,6
user_10,tt2692904,7
user_10,tt2704998,7
user_10,tt2709768,8
user_10,tt2713180,9
user_10,tt2717822,6
user_10,tt2718492,9
user_10,tt2719848,7
user_10,tt2726560,8
user_10,tt2737304,8
user_10,tt2752200,7
user_10,tt2752772,5
user_10,tt2756032,7
user_10,tt2758880,9
user_10,tt2763304,7
user_10,tt2771200,8
user_10,tt2771372,8
user_10,tt2788710,5
user_10,tt2793490,7
user_10,tt2798920,7
user_10,tt2799166,5
user_10,tt2802144,7
user_10,tt2820852,7
user_10,tt2823054,6
user_10,tt2837574,6
user_10,tt2844798,6
user_10,tt2848292,7
user_10,tt2852400,6
user_10,tt2852406,9
user_10,tt2854926,6
user_10,tt2857500,8
user_10,tt2866360,8
user_10,tt2869728,7
user_10,tt2870612,7
user_10,tt2872462,8
user_10,tt2872718,9
user_10,tt2872732,6
user_10,tt2872750,6
user_10,tt2873282,7
user_10,tt2881698,4
user_10,tt2882328,7
user_10,tt2883512,7
user_10,tt2884206,6
user_10,tt2885364,7
user_10,tt2888046,7
user_10,tt2908446,5
user_10,tt2908856,7
user_10,tt2911666,6
user_10,tt2917388,6
user_10,tt2918436,4
user_10,tt2924392,6
user_10,tt2932536,6
user_10,tt2935476,6
user_10,tt2935510,6
user_10,tt2937696,5
user_10,tt2948356,9
user_10,tt2955096,7
user_10,tt2967224,6
user_10,tt2975578,7
user_10,tt2975590,6
user_10,tt2976182,3
user_10,tt2980516,8
user_10,tt2980592,8
user_10,tt2980648,8
user_10,tt2991224,7
user_10,tt2996684,6
user_10,tt3003668,8
user_10,tt3007512,7
user_10,tt3011894,7
user_10,tt3011960,4
user_10,tt3014666,6
user_10,tt3014866,6
user_10,tt3040964,7
user_10,tt3042408,8
user_10,tt3060492,8
user_10,tt3062096,6
user_10,tt3064298,6
user_10,tt3065204,8
user_10,tt3068194,7
user_10,tt3072482,7
user_10,tt3076658,8
user_10,tt3078296,5
user_10,tt3079380,8
user_10,tt3086442,7
user_10,tt3088084,7
user_10,tt3094252,6
user_10,tt3097204,6
user_10,tt3099498,6
user_10,tt3101132,6
user_10,tt3103576,5
user_10,tt3104988,7
user_10,tt3110958,7
user_10,tt3111426,7
user_10,tt3119074,5
user_10,tt3124456,8
user_10,tt3134060,8
user_10,tt3136112,8
user_10,tt3142232,5
user_10,tt3148502,8
user_10,tt3152624,5
user_10,tt3170832,10
user_10,tt3171886,5
user_10,tt3172532,6
user_10,tt3183660,9
user_10,tt3195644,8
user_10,tt3201640,6
user_10,tt3203528,5
user_10,tt3203606,7
user_10,tt3203616,6
user_10,tt3205376,8
user_10,tt3210686,6
user_10,tt3235888,5
user_10,tt3256226,5
user_10,tt3263904,9
user_10,tt3281548,9
user_10,tt3286052,5
user_10,tt3289956,6
user_10,tt3300542,5
user_10,tt3300980,9
user_10,tt3315342,7
user_10,tt3316948,6
user_10,tt3316960,8
user_10,tt3317234,4
user_10,tt3319920,6
user_10,tt3322364,8
user_10,tt3322420,8
user_10,tt3322892,6
user_10,tt3322940,6
user_10,tt3332064,5
user_10,tt3334390,3
user_10,tt3339674,6
user_10,tt3344694,7
user_10,tt3371366,5
user_10,tt3381008,8
user_10,tt3385516,7
user_10,tt3393786,7
user_10,tt3397884,6
user_10,tt3401882,6
user_10,tt3402236,6
user_10,tt3404140,8
user_10,tt3410834,6
user_10,tt3411432,5
user_10,tt3416532,8
user_10,tt3416742,7
user_10,tt3416828,6
user_10,tt3420850,7
user_10,tt3421124,8
user_10,tt3430416,7
user_10,tt3450900,6
user_10,tt3450958,8
user_10,tt3460252,9
user_10,tt3464902,7
user_10,tt3469046,6
user_10,tt3470600,6
user_10,tt3477620,3
user_10,tt3480886,7
user_10,tt3488710,8
user_10,tt3498820,9
user_10,tt3501632,10
user_10,tt3503406,8
user_10,tt3521126,8
user_10,tt3521164,10
user_10,tt3522806,6
user_10,tt3528906,6
user_10,tt3530002,6
user_10,tt3531824,7
user_10,tt3532216,7
user_10,tt3541524,6
user_10,tt3544082,6
user_10,tt3544112,7
user_10,tt3547740,9
user_10,tt3553442,7
user_10,tt3553976,7
user_10,tt3567288,8
user_10,tt3569230,7
user_10,tt3605418,5
user_10,tt3606756,7
user_10,tt3612616,8
user_10,tt3616916,9
user_10,tt3622592,7
user_10,tt3631112,7
user_10,tt3640424,8
user_10,tt3654796,7
user_10,tt3655680,8
user_10,tt3659388,9
user_10,tt3661798,7
user_10,tt3668162,10
user_10,tt3672840,4
user_10,tt3680410,7
user_10,tt3682448,8
user_10,tt3691740,6
user_10,tt3698408,7
user_10,tt3702652,6
user_10,tt3704050,9
user_10,tt3713166,6
user_10,tt3717252,5
user_10,tt3717490,7
user_10,tt3731562,8
user_10,tt3735246,6
user_10,tt3737650,8
user_10,tt3741700,7
user_10,tt3741834,9
user_10,tt3748528,7
user_10,tt3766354,7
user_10,tt3767372,8
user_10,tt3771510,6
user_10,tt3774114,6
user_10,tt3774466,7
user_10,tt3774694,8
user_10,tt3778644,6
user_10,tt3783958,8
user_10,tt3792960,8
user_10,tt3794354,8
user_10,tt3799694,9
user_10,tt3802668,7
user_10,tt3808342,8
user_10,tt3829266,4
user_10,tt3829920,7
user_10,tt3835080,4
user_10,tt3839880,5
user_10,tt3841424,9
user_10,tt3846674,7
user_10,tt3850214,7
user_10,tt3850590,5
user_10,tt3854802,5
user_10,tt3861390,7
user_10,tt3862750,5
user_10,tt3863552,9
user_10,tt3864934,6
user_10,tt3874544,7
user_10,tt3882082,7
user_10,tt3890160,10
user_10,tt3894190,7
user_10,tt3896198,7
user_10,tt3922818,6
user_10,tt3923662,7
user_10,tt3960412,7
user_10,tt3967856,7
user_10,tt3976144,5
user_10,tt3991412,6
user_10,tt3993894,6
user_10,tt4016934,7
user_10,tt4025514,9
user_10,tt4034228,6
user_10,tt4034354,6
user_10,tt4046784,7
user_10,tt4052882,5
user_10,tt4059516,3
user_10,tt4062536,9
user_10,tt4068576,7
user_10,tt4080728,7
user_10,tt4085696,9
user_10,tt4094724,7
user_10,tt4106514,5
user_10,tt4116284,7
user_10,tt4123430,7
user_10,tt4126476,5
user_10,tt4129870,7
user_10,tt4139124,7
user_10,tt4139588,7
user_10,tt4154664,7
user_10,tt4154756,8
user_10,tt4154796,8
user_10,tt4158876,8
user_10,tt4160708,7
user_10,tt4169250,7
user_10,tt4172430,8
user_10,tt4178092,7
user_10,tt4184878,4
user_10,tt4190530,9
user_10,tt4191580,7
user_10,tt4196776,7
user_10,tt4196848,7
user_10,tt4209788,9
user_10,tt4225622,7
user_10,tt4244998,8
user_10,tt4258292,7
user_10,tt4263482,8
user_10,tt4272866,8
user_10,tt4276820,7
user_10,tt4287320,5
user_10,tt4302938,8
user_10,tt4303340,7
user_10,tt4326444,7
user_10,tt4357394,6
user_10,tt4364194,7
user_10,tt4385888,8
user_10,tt4387040,8
user_10,tt4419364,5
user_10,tt4425200,7
user_10,tt4429128,10
user_10,tt4430212,8
user_10,tt4438848,6
user_10,tt4441280,5
user_10,tt4442758,7
user_10,tt4443658,5
user_10,tt4458206,3
user_10,tt4463816,5
user_10,tt4463894,7
user_10,tt4465564,7
user_10,tt4477536,5
user_10,tt4481414,8
user_10,tt4481514,6
user_10,tt4500922,6
user_10,tt4501244,6
user_10,tt4513316,7
user_10,tt4513674,8
user_10,tt4520988,8
user_10,tt4530422,7
user_10,tt4530884,6
user_10,tt4535650,5
user_10,tt4547056,5
user_10,tt4550098,8
user_10,tt4555426,8
user_10,tt4557014,5
user_10,tt4560008,6
user_10,tt4560436,7
user_10,tt4572514,9
user_10,tt4572792,6
user_10,tt4594834,6
user_10,tt4595882,8
user_10,tt4622512,7
user_10,tt4630562,7
user_10,tt4633690,9
user_10,tt4633694,7
user_10,tt4649466,8
user_10,tt4651520,7
user_10,tt4669264,7
user_10,tt4669296,7
user_10,tt4669986,6
user_10,tt4680182,6
user_10,tt4694544,6
user_10,tt4695012,5
user_10,tt4696502,3
user_10,tt4698684,10
user_10,tt4701182,6
user_10,tt4712086,6
user_10,tt4720654,7
user_10,tt4729430,8
user_10,tt4731136,7
user_10,tt4731148,6
user_10,tt4741412,9
user_10,tt4761916,7
user_10,tt4769836,7
user_10,tt4776998,5
user_10,tt4777008,7
user_10,tt4779682,6
user_10,tt4786282,7
user_10,tt4799050,6
user_10,tt4800046,7
user_10,tt4807830,7
user_10,tt4815122,5
user_10,tt4819458,6
user_10,tt4824302,7
user_10,tt4832640,6
user_10,tt4837062,8
user_10,tt4846340,7
user_10,tt4857264,10
user_10,tt4859246,6
user_10,tt4881806,7
user_10,tt4902266,7
user_10,tt4912910,9
user_10,tt4913966,7
user_10,tt4925292,7
user_10,tt4934950,6
user_10,tt4935372,7
user_10,tt4943322,8
user_10,tt4947084,7
user_10,tt4964788,8
user_10,tt4967920,8
user_10,tt4972582,8
user_10,tt4975722,8
user_10,tt4978710,7
user_10,tt4983736,6
user_10,tt4986098,4
user_10,tt4987556,8
user_10,tt4998772,4
user_10,tt5001754,6
user_10,tt5013056,7
user_10,tt5022702,7
user_10,tt5027774,8
user_10,tt5028340,7
user_10,tt5033998,3
user_10,tt5034266,7
user_10,tt5052448,8
user_10,tt5052474,8
user_10,tt5057140,7
user_10,tt5059406,5
user_10,tt5073642,6
user_10,tt5074352,7
user_10,tt5080556,7
user_10,tt5083738,5
user_10,tt5093026,8
user_10,tt5095030,7
user_10,tt5104604,8
user_10,tt5109784,6
user_10,tt5121000,7
user_10,tt5121816,8
user_10,tt5125894,7
user_10,tt5140878,5
user_10,tt5164214,6
user_10,tt5164432,7
user_10,tt5168192,6
user_10,tt5178120,7
user_10,tt5220122,5
user_10,tt5227746,6
user_10,tt5229228,8
user_10,tt5246700,5
user_10,tt5247022,8
user_10,tt5258390,8
user_10,tt5287168,6
user_10,tt5297256,7
user_10,tt5304996,7
user_10,tt5308322,5
user_10,tt5311514,9
user_10,tt5316540,5
user_10,tt5336902,7
user_10,tt5342650,5
user_10,tt5361488,5
user_10,tt5362988,8
user_10,tt5390504,8
user_10,tt5397194,7
user_10,tt5439796,6
user_10,tt5442430,6
user_10,tt5460276,6
user_10,tt5462602,8
user_10,tt5463162,7
user_10,tt5467554,5
user_10,tt5501104,7
user_10,tt5503686,7
user_10,tt5513920,6
user_10,tt5519340,6
user_10,tt5526028,6
user_10,tt5534436,9
user_10,tt5541240,7
user_10,tt5580036,9
user_10,tt5580390,9
user_10,tt5592796,7
user_10,tt5606664,8
user_10,tt5613402,6
user_10,tt5613484,9
user_10,tt5616294,4
user_10,tt5638642,8
user_10,tt5639354,7
user_10,tt5640450,6
user_10,tt5649108,7
user_10,tt5649144,7
user_10,tt5657856,8
user_10,tt5666304,7
user_10,tt5691670,7
user_10,tt5698568,5
user_10,tt5700672,8
user_10,tt5712718,10
user_10,tt5715874,6
user_10,tt5716464,8
user_10,tt5719748,6
user_10,tt5726086,5
user_10,tt5726616,8
user_10,tt5727208,6
user_10,tt5742374,7
user_10,tt5758778,5
user_10,tt5774054,4
user_10,tt5776858,8
user_10,tt5788136,5
user_10,tt5808778,7
user_10,tt5813916,8
user_10,tt5814060,3
user_10,tt5814534,7
user_10,tt5834760,6
user_10,tt5843838,7
user_10,tt5848272,7
user_10,tt5862312,8
user_10,tt5866442,3
user_10,tt5882970,5
user_10,tt5884052,8
user_10,tt5886046,6
user_10,tt5912454,8
user_10,tt5913798,4
user_10,tt5956100,7
user_10,tt5970844,4
user_10,tt5977276,7
user_10,tt5988370,3
user_10,tt5991974,9
user_10,tt6018306,8
user_10,tt6027478,8
user_10,tt6040662,8
user_10,tt6048930,8
user_10,tt6074486,6
user_10,tt6087426,3
user_10,tt6105098,6
user_10,tt6108178,8
user_10,tt6113488,6
user_10,tt6139732,7
user_10,tt6146586,8
user_10,tt6155172,8
user_10,tt6169920,7
user_10,tt6189022,5
user_10,tt6199572,4
user_10,tt6212478,6
user_10,tt6214928,7
user_10,tt6217306,7
user_10,tt6259380,6
user_10,tt6264938,7
user_10,tt6265828,7
user_10,tt6266538,8
user_10,tt6292852,7
user_10,tt6294822,8
user_10,tt6304046,7
user_10,tt6320628,9
user_10,tt6343314,8
user_10,tt6394270,7
user_10,tt6412452,8
user_10,tt6450804,7
user_10,tt6472976,8
user_10,tt6485666,9
user_10,tt6493286,10
user_10,tt6499752,7
user_10,tt6511932,6
user_10,tt6521876,5
user_10,tt6543652,7
user_10,tt6565702,5
user_10,tt6628102,8
user_10,tt6628394,8
user_10,tt6644200,7
user_10,tt6663582,7
user_10,tt6679794,7
user_10,tt6742252,6
user_10,tt6751668,9
user_10,tt6768578,7
user_10,tt6772950,4
user_10,tt6781982,5
user_10,tt6791096,4
user_10,tt6806448,7
user_10,tt6823368,7
user_10,tt6857112,6
user_10,tt6921996,6
user_10,tt6924650,6
user_10,tt6966692,8
user_10,tt7008872,8
user_10,tt7014006,8
user_10,tt7019812,5
user_10,tt7025976,7
user_10,tt7040874,8
user_10,tt7131622,8
user_10,tt7137380,7
user_10,tt7146812,9
user_10,tt7149730,5
user_10,tt7153766,7
user_10,tt7156144,6
user_10,tt7170950,7
user_10,tt7205316,6
user_10,tt7218518,8
user_10,tt7262882,7
user_10,tt7280898,6
user_10,tt7284202,5
user_10,tt7286456,8
user_10,tt7295450,5
user_10,tt7315484,5
user_10,tt7343762,8
user_10,tt7347846,6
user_10,tt7349662,6
user_10,tt7349950,9
user_10,tt7374948,9
user_10,tt7424200,5
user_10,tt7456310,7
user_10,tt7476116,8
user_10,tt7477310,7
user_10,tt7493370,7
user_10,tt7549996,7
user_10,tt7556122,7
user_10,tt7608028,3
user_10,tt7608534,5
user_10,tt7634968,6
user_10,tt7653254,9
user_10,tt7668842,8
user_10,tt7668870,8
user_10,tt7713068,6
user_10,tt7715202,6
user_10,tt7721800,6
user_10,tt7736478,6
user_10,tt7738450,6
user_10,tt7752126,6
user_10,tt7765910,9
user_10,tt7767866,7
user_10,tt7784604,7
user_10,tt7798634,5
user_10,tt7886936,9
user_10,tt7895904,4
user_10,tt7902124,7
user_10,tt7957694,5
user_10,tt7959026,6
user_10,tt7975244,9
user_10,tt7984734,5
user_10,tt7984766,9
user_10,tt8041276,7
user_10,tt8071308,7
user_10,tt8075260,7
user_10,tt8079248,7
user_10,tt8096832,6
user_10,tt8106534,6
user_10,tt8108202,7
user_10,tt8110330,8
user_10,tt8110640,6
user_10,tt8169552,6
user_10,tt8174450,6
user_10,tt8176040,5
user_10,tt8228288,8
user_10,tt8242160,6
user_10,tt8244784,8
user_10,tt8267604,8
user_10,tt8291224,9
user_10,tt8291806,7
user_10,tt8359848,7
user_10,tt8364368,6
user_10,tt8367814,9
user_10,tt8404614,7
user_10,tt8408218,6
user_10,tt8512320,5
user_10,tt8526872,6
user_10,tt8579674,9
user_10,tt8580274,5
user_10,tt8637428,8
user_10,tt8663516,5
user_10,tt8665746,6
user_10,tt8695030,6
user_10,tt8769146,6
user_10,tt8772262,8
user_10,tt8900098,7
user_10,tt8936646,7
user_10,tt8946378,7
user_10,tt8954732,8
user_10,tt8983202,9
user_10,tt9000224,6
user_10,tt9071322,8
user_10,tt9086228,6
user_10,tt9243946,9
user_10,tt9271408,8
user_10,tt9348296,7
user_10,tt9426210,8
user_10,tt9495690,4
user_10,tt9614460,3
user_10,tt9675274,6
